ticker,name,market,cur,rs,trdval_20,trend_ok,pattern_ok,signal,score,grade,pivot,cup_depth,handle_depth,vol_ratio,reason,trend_detail,safety,pct_from_pivot,cup_days,handle_days
095570,AJ네트웍스,KOSPI,4290.0,-2.4,3.3,False,False,False,0,D,0.0,0.0,0.0,0.0,트렌드 미통과,현재가>150MA:0|현재가>200MA:0|150MA>200MA:0|200MA상승중:0|현재가>50MA:0|52주저점+25%:0|52주고점-30%:1,,0.0,,
006840,AK홀딩스,KOSPI,6730.0,-10.0,0.6,False,False,False,0,D,0.0,0.0,0.0,0.0,트렌드 미통과,현재가>150MA:0|현재가>200MA:0|150MA>200MA:0|200MA상승중:0|현재가>50MA:0|52주저점+25%:0|52주고점-30%:0,,0.0,,
027410,BGF,KOSPI,3715.0,-8.0,2.0,False,False,False,0,D,0.0,0.0,0.0,0.0,트렌드 미통과,현재가>150MA:0|현재가>200MA:0|150MA>200MA:1|200MA상승중:0|현재가>50MA:0|52주저점+25%:0|52주고점-30%:1,,0.0,,
282330,BGF리테일,KOSPI,132600.0,14.5,72.0,False,False,False,0,D,0.0,0.0,0.0,0.0,트렌드 미통과,현재가>150MA:1|현재가>200MA:1|150MA>200MA:1|200MA상승중:1|현재가>50MA:0|52주저점+25%:1|52주고점-30%:1,,0.0,,
138930,BNK금융지주,KOSPI,16440.0,-1.4,170.0,False,False,False,0,D,0.0,0.0,0.0,0.0,트렌드 미통과,현재가>150MA:0|현재가>200MA:0|150MA>200MA:1|200MA상승중:1|현재가>50MA:1|52주저점+25%:0|52주고점-30%:1,,0.0,,
001460,BYC,KOSPI,35750.0,-8.4,1.0,False,False,False,0,D,0.0,0.0,0.0,0.0,트렌드 미통과,현재가>150MA:0|현재가>200MA:0|150MA>200MA:0|200MA상승중:0|현재가>50MA:0|52주저점+25%:0|52주고점-30%:0,,0.0,,
001465,BYC우,KOSPI,26600.0,7.2,0.6,False,False,False,0,D,0.0,0.0,0.0,0.0,트렌드 미통과,현재가>150MA:0|현재가>200MA:1|150MA>200MA:1|200MA상승중:1|현재가>50MA:1|52주저점+25%:1|52주고점-30%:1,,0.0,,
001040,CJ,KOSPI,136800.0,-22.5,151.6,False,False,False,0,D,0.0,0.0,0.0,0.0,트렌드 미통과,현재가>150MA:0|현재가>200MA:0|150MA>200MA:0|200MA상승중:0|현재가>50MA:1|52주저점+25%:0|52주고점-30%:0,,0.0,,
079160,CJ CGV,KOSPI,5140.0,4.8,25.6,False,False,False,0,D,0.0,0.0,0.0,0.0,트렌드 미통과,현재가>150MA:1|현재가>200MA:0|150MA>200MA:0|200MA상승중:0|현재가>50MA:0|52주저점+25%:0|52주고점-30%:1,,0.0,,
00104K,CJ4우(전환),KOSPI,133800.0,-17.2,8.8,False,False,False,0,D,0.0,0.0,0.0,0.0,트렌드 미통과,현재가>150MA:0|현재가>200MA:0|150MA>200MA:0|200MA상승중:0|현재가>50MA:1|52주저점+25%:0|52주고점-30%:0,,0.0,,
000120,CJ대한통운,KOSPI,70600.0,-19.7,32.0,False,False,False,0,D,0.0,0.0,0.0,0.0,트렌드 미통과,현재가>150MA:0|현재가>200MA:0|150MA>200MA:0|200MA상승중:0|현재가>50MA:0|52주저점+25%:0|52주고점-30%:0,,0.0,,
011150,CJ씨푸드,KOSPI,1900.0,-20.2,0.6,False,False,False,0,D,0.0,0.0,0.0,0.0,트렌드 미통과,현재가>150MA:0|현재가>200MA:0|150MA>200MA:0|200MA상승중:0|현재가>50MA:0|52주저점+25%:0|52주고점-30%:0,,0.0,,
011155,CJ씨푸드1우,KOSPI,5950.0,-47.2,0.1,False,False,False,0,D,0.0,0.0,0.0,0.0,트렌드 미통과,현재가>150MA:0|현재가>200MA:0|150MA>200MA:0|200MA상승중:0|현재가>50MA:0|52주저점+25%:1|52주고점-30%:0,,0.0,,
001045,CJ우,KOSPI,67500.0,-17.0,4.4,False,False,False,0,D,0.0,0.0,0.0,0.0,트렌드 미통과,현재가>150MA:0|현재가>200MA:0|150MA>200MA:0|200MA상승중:0|현재가>50MA:0|52주저점+25%:0|52주고점-30%:0,,0.0,,
097950,CJ제일제당,KOSPI,179300.0,-13.7,97.6,False,False,False,0,D,0.0,0.0,0.0,0.0,트렌드 미통과,현재가>150MA:0|현재가>200MA:0|150MA>200MA:0|200MA상승중:0|현재가>50MA:0|52주저점+25%:0|52주고점-30%:1,,0.0,,
097955,CJ제일제당 우,KOSPI,110300.0,-15.0,11.1,False,False,False,0,D,0.0,0.0,0.0,0.0,트렌드 미통과,현재가>150MA:0|현재가>200MA:0|150MA>200MA:0|200MA상승중:0|현재가>50MA:0|52주저점+25%:0|52주고점-30%:1,,0.0,,
000480,CR홀딩스,KOSPI,4285.0,-12.7,1.6,False,False,False,0,D,0.0,0.0,0.0,0.0,트렌드 미통과,현재가>150MA:0|현재가>200MA:0|150MA>200MA:0|200MA상승중:0|현재가>50MA:0|52주저점+25%:0|52주고점-30%:1,,0.0,,
000590,CS홀딩스,KOSPI,70200.0,-7.0,0.4,False,False,False,0,D,0.0,0.0,0.0,0.0,트렌드 미통과,현재가>150MA:0|현재가>200MA:0|150MA>200MA:0|200MA상승중:0|현재가>50MA:1|52주저점+25%:0|52주고점-30%:1,,0.0,,
012030,DB,KOSPI,1730.0,3.5,15.9,False,False,False,0,D,0.0,0.0,0.0,0.0,트렌드 미통과,현재가>150MA:0|현재가>200MA:1|150MA>200MA:1|200MA상승중:1|현재가>50MA:1|52주저점+25%:1|52주고점-30%:1,,0.0,,
016610,DB증권,KOSPI,10300.0,-0.3,5.8,False,False,False,0,D,0.0,0.0,0.0,0.0,트렌드 미통과,현재가>150MA:0|현재가>200MA:0|150MA>200MA:0|200MA상승중:0|현재가>50MA:1|52주저점+25%:1|52주고점-30%:0,,0.0,,
005830,DB손해보험,KOSPI,191600.0,36.1,451.8,True,False,False,64,C,0.0,0.0,0.0,0.0,현재가 피벗 미달(-5.6%),현재가>150MA:1|현재가>200MA:1|150MA>200MA:1|200MA상승중:1|현재가>50MA:1|52주저점+25%:1|52주고점-30%:1,,0.0,,
000990,DB하이텍,KOSPI,139800.0,72.3,819.5,False,False,False,0,D,0.0,0.0,0.0,0.0,트렌드 미통과,현재가>150MA:1|현재가>200MA:1|150MA>200MA:1|200MA상승중:1|현재가>50MA:1|52주저점+25%:1|52주고점-30%:0,,0.0,,
139130,iM금융지주,KOSPI,18860.0,19.7,75.4,False,False,False,0,D,0.0,0.0,0.0,0.0,트렌드 미통과,현재가>150MA:1|현재가>200MA:1|150MA>200MA:1|200MA상승중:1|현재가>50MA:1|52주저점+25%:1|52주고점-30%:1,,0.0,,
001530,DI동일,KOSPI,25450.0,10.1,9.8,False,False,False,0,D,0.0,0.0,0.0,0.0,트렌드 미통과,현재가>150MA:1|현재가>200MA:1|150MA>200MA:1|200MA상승중:1|현재가>50MA:1|52주저점+25%:1|52주고점-30%:0,,0.0,,
000210,DL,KOSPI,50300.0,13.1,35.1,False,False,False,0,D,0.0,0.0,0.0,0.0,트렌드 미통과,현재가>150MA:0|현재가>200MA:1|150MA>200MA:1|200MA상승중:1|현재가>50MA:1|52주저점+25%:1|52주고점-30%:0,,0.0,,
000215,DL우,KOSPI,24500.0,5.9,0.6,False,False,False,0,D,0.0,0.0,0.0,0.0,트렌드 미통과,현재가>150MA:0|현재가>200MA:1|150MA>200MA:1|200MA상승중:0|현재가>50MA:1|52주저점+25%:0|52주고점-30%:1,,0.0,,
375500,DL이앤씨,KOSPI,78600.0,45.1,366.8,False,False,False,0,D,0.0,0.0,0.0,0.0,트렌드 미통과,현재가>150MA:1|현재가>200MA:1|150MA>200MA:1|200MA상승중:1|현재가>50MA:1|52주저점+25%:1|52주고점-30%:1,,0.0,,
37550L,DL이앤씨2우(전환),KOSPI,48700.0,30.6,3.8,True,False,False,64,C,0.0,0.0,0.0,0.0,핸들 위치 낮음,현재가>150MA:1|현재가>200MA:1|150MA>200MA:1|200MA상승중:1|현재가>50MA:1|52주저점+25%:1|52주고점-30%:1,,0.0,,
37550K,DL이앤씨우,KOSPI,26700.0,16.0,1.6,False,False,False,0,D,0.0,0.0,0.0,0.0,트렌드 미통과,현재가>150MA:1|현재가>200MA:1|150MA>200MA:1|200MA상승중:1|현재가>50MA:1|52주저점+25%:1|52주고점-30%:1,,0.0,,
007340,DN오토모티브,KOSPI,49100.0,51.5,55.4,True,False,False,64,C,0.0,0.0,0.0,0.0,핸들 기간 김(29일),현재가>150MA:1|현재가>200MA:1|150MA>200MA:1|200MA상승중:1|현재가>50MA:1|52주저점+25%:1|52주고점-30%:1,,0.0,,
004840,DRB동일,KOSPI,3970.0,-15.1,0.9,False,False,False,0,D,0.0,0.0,0.0,0.0,트렌드 미통과,현재가>150MA:0|현재가>200MA:0|150MA>200MA:0|200MA상승중:0|현재가>50MA:0|52주저점+25%:0|52주고점-30%:0,,0.0,,
155660,DSR,KOSPI,4265.0,4.8,0.5,False,False,False,0,D,0.0,0.0,0.0,0.0,트렌드 미통과,현재가>150MA:0|현재가>200MA:1|150MA>200MA:1|200MA상승중:1|현재가>50MA:0|52주저점+25%:0|52주고점-30%:1,,0.0,,
069730,DSR제강,KOSPI,5430.0,20.2,1.0,False,False,False,0,D,0.0,0.0,0.0,0.0,트렌드 미통과,현재가>150MA:1|현재가>200MA:1|150MA>200MA:1|200MA상승중:1|현재가>50MA:0|52주저점+25%:1|52주고점-30%:1,,0.0,,
017860,DS단석,KOSPI,12670.0,-18.6,8.6,False,False,False,0,D,0.0,0.0,0.0,0.0,트렌드 미통과,현재가>150MA:0|현재가>200MA:0|150MA>200MA:0|200MA상승중:0|현재가>50MA:1|52주저점+25%:0|52주고점-30%:0,,0.0,,
017940,E1,KOSPI,92200.0,7.0,8.4,False,False,False,0,D,0.0,0.0,0.0,0.0,트렌드 미통과,현재가>150MA:0|현재가>200MA:1|150MA>200MA:1|200MA상승중:1|현재가>50MA:1|52주저점+25%:1|52주고점-30%:1,,0.0,,
365550,ESR켄달스퀘어리츠,KOSPI,3125.0,-20.5,14.3,False,False,False,0,D,0.0,0.0,0.0,0.0,트렌드 미통과,현재가>150MA:0|현재가>200MA:0|150MA>200MA:0|200MA상승중:0|현재가>50MA:0|52주저점+25%:0|52주고점-30%:0,,0.0,,
383220,F&F,KOSPI,69800.0,-3.9,37.7,False,False,False,0,D,0.0,0.0,0.0,0.0,트렌드 미통과,현재가>150MA:0|현재가>200MA:0|150MA>200MA:1|200MA상승중:0|현재가>50MA:1|52주저점+25%:0|52주고점-30%:1,,0.0,,
007700,F&F홀딩스,KOSPI,13440.0,-23.4,1.2,False,False,False,0,D,0.0,0.0,0.0,0.0,트렌드 미통과,현재가>150MA:0|현재가>200MA:0|150MA>200MA:0|200MA상승중:0|현재가>50MA:0|52주저점+25%:0|52주고점-30%:0,,0.0,,
114090,GKL,KOSPI,8970.0,-28.2,7.7,False,False,False,0,D,0.0,0.0,0.0,0.0,트렌드 미통과,현재가>150MA:0|현재가>200MA:0|150MA>200MA:0|200MA상승중:0|현재가>50MA:0|52주저점+25%:0|52주고점-30%:0,,0.0,,
078930,GS,KOSPI,108700.0,81.6,482.8,True,False,False,64,C,0.0,0.0,0.0,0.0,핸들 기간 김(21일),현재가>150MA:1|현재가>200MA:1|150MA>200MA:1|200MA상승중:1|현재가>50MA:1|52주저점+25%:1|52주고점-30%:1,,0.0,,
006360,GS건설,KOSPI,34000.0,48.8,622.6,True,False,False,64,C,0.0,0.0,0.0,0.0,고점 회복 부족(89.3%),현재가>150MA:1|현재가>200MA:1|150MA>200MA:1|200MA상승중:1|현재가>50MA:1|52주저점+25%:1|52주고점-30%:1,,0.0,,
001250,GS글로벌,KOSPI,2685.0,4.0,7.8,False,False,False,0,D,0.0,0.0,0.0,0.0,트렌드 미통과,현재가>150MA:0|현재가>200MA:0|150MA>200MA:1|200MA상승중:1|현재가>50MA:1|52주저점+25%:0|52주고점-30%:0,,0.0,,
007070,GS리테일,KOSPI,22950.0,10.1,47.0,False,False,False,0,D,0.0,0.0,0.0,0.0,트렌드 미통과,현재가>150MA:0|현재가>200MA:0|150MA>200MA:1|200MA상승중:1|현재가>50MA:0|52주저점+25%:1|52주고점-30%:1,,0.0,,
078935,GS우,KOSPI,59100.0,19.5,3.6,False,False,False,0,D,0.0,0.0,0.0,0.0,트렌드 미통과,현재가>150MA:1|현재가>200MA:1|150MA>200MA:1|200MA상승중:1|현재가>50MA:0|52주저점+25%:1|52주고점-30%:1,,0.0,,
499790,GS피앤엘,KOSPI,39350.0,-8.1,18.7,False,False,False,0,D,0.0,0.0,0.0,0.0,트렌드 미통과,현재가>150MA:0|현재가>200MA:0|150MA>200MA:0|200MA상승중:0|현재가>50MA:0|52주저점+25%:0|52주고점-30%:0,,0.0,,
012630,HDC,KOSPI,25300.0,16.0,26.1,False,False,False,0,D,0.0,0.0,0.0,0.0,트렌드 미통과,현재가>150MA:1|현재가>200MA:1|150MA>200MA:1|200MA상승중:1|현재가>50MA:1|52주저점+25%:1|52주고점-30%:1,,0.0,,
039570,HDC랩스,KOSPI,7520.0,-7.4,0.4,False,False,False,0,D,0.0,0.0,0.0,0.0,트렌드 미통과,현재가>150MA:0|현재가>200MA:0|150MA>200MA:0|200MA상승중:0|현재가>50MA:0|52주저점+25%:0|52주고점-30%:1,,0.0,,
089470,HDC현대EP,KOSPI,3810.0,-10.2,1.5,False,False,False,0,D,0.0,0.0,0.0,0.0,트렌드 미통과,현재가>150MA:0|현재가>200MA:0|150MA>200MA:0|200MA상승중:0|현재가>50MA:0|52주저점+25%:0|52주고점-30%:0,,0.0,,
294870,IPARK현대산업개발,KOSPI,23150.0,13.2,34.1,True,False,False,48,D,0.0,0.0,0.0,0.0,현재가 피벗 미달(-6.8%),현재가>150MA:1|현재가>200MA:1|150MA>200MA:1|200MA상승중:1|현재가>50MA:1|52주저점+25%:1|52주고점-30%:1,,0.0,,
009540,HD한국조선해양,KOSPI,323500.0,-15.3,547.3,False,False,False,0,D,0.0,0.0,0.0,0.0,트렌드 미통과,현재가>150MA:0|현재가>200MA:0|150MA>200MA:0|200MA상승중:0|현재가>50MA:0|52주저점+25%:0|52주고점-30%:0,,0.0,,
267250,HD현대,KOSPI,201500.0,0.7,368.7,False,False,False,0,D,0.0,0.0,0.0,0.0,트렌드 미통과,현재가>150MA:0|현재가>200MA:0|150MA>200MA:1|200MA상승중:1|현재가>50MA:0|52주저점+25%:1|52주고점-30%:0,,0.0,,
267270,HD건설기계,KOSPI,124800.0,13.4,313.2,False,False,False,0,D,0.0,0.0,0.0,0.0,트렌드 미통과,현재가>150MA:0|현재가>200MA:0|150MA>200MA:1|200MA상승중:1|현재가>50MA:0|52주저점+25%:1|52주고점-30%:0,,0.0,,
443060,HD현대마린솔루션,KOSPI,237500.0,17.6,264.1,True,False,False,56,D,0.0,0.0,0.0,0.0,고점 회복 부족(88.1%),현재가>150MA:1|현재가>200MA:1|150MA>200MA:1|200MA상승중:1|현재가>50MA:1|52주저점+25%:1|52주고점-30%:1,,0.0,,
071970,HD현대마린엔진,KOSPI,47200.0,-33.6,84.8,False,False,False,0,D,0.0,0.0,0.0,0.0,트렌드 미통과,현재가>150MA:0|현재가>200MA:0|150MA>200MA:0|200MA상승중:0|현재가>50MA:0|52주저점+25%:0|52주고점-30%:0,,0.0,,
322000,HD현대에너지솔루션,KOSPI,121300.0,44.8,336.6,False,False,False,0,D,0.0,0.0,0.0,0.0,트렌드 미통과,현재가>150MA:0|현재가>200MA:0|150MA>200MA:1|200MA상승중:1|현재가>50MA:0|52주저점+25%:1|52주고점-30%:0,,0.0,,
267260,HD현대일렉트릭,KOSPI,681000.0,-16.4,775.2,False,False,False,0,D,0.0,0.0,0.0,0.0,트렌드 미통과,현재가>150MA:0|현재가>200MA:0|150MA>200MA:1|200MA상승중:0|현재가>50MA:0|52주저점+25%:0|52주고점-30%:0,,0.0,,
329180,HD현대중공업,KOSPI,429000.0,-19.7,1237.1,False,False,False,0,D,0.0,0.0,0.0,0.0,트렌드 미통과,현재가>150MA:0|현재가>200MA:0|150MA>200MA:0|200MA상승중:0|현재가>50MA:0|52주저점+25%:0|52주고점-30%:0,,0.0,,
097230,HJ중공업,KOSPI,14550.0,-40.3,35.3,False,False,False,0,D,0.0,0.0,0.0,0.0,트렌드 미통과,현재가>150MA:0|현재가>200MA:0|150MA>200MA:0|200MA상승중:0|현재가>50MA:0|52주저점+25%:0|52주고점-30%:0,,0.0,,
014790,HL D&I,KOSPI,2515.0,-8.1,1.0,False,False,False,0,D,0.0,0.0,0.0,0.0,트렌드 미통과,현재가>150MA:0|현재가>200MA:0|150MA>200MA:1|200MA상승중:1|현재가>50MA:1|52주저점+25%:0|52주고점-30%:0,,0.0,,
003580,HLB글로벌,KOSPI,2030.0,8.8,8.7,False,False,False,0,D,0.0,0.0,0.0,0.0,트렌드 미통과,현재가>150MA:1|현재가>200MA:1|150MA>200MA:0|200MA상승중:0|현재가>50MA:1|52주저점+25%:1|52주고점-30%:1,,0.0,,
204320,HL만도,KOSPI,45900.0,-0.5,133.0,False,False,False,0,D,0.0,0.0,0.0,0.0,트렌드 미통과,현재가>150MA:0|현재가>200MA:0|150MA>200MA:0|200MA상승중:1|현재가>50MA:0|52주저점+25%:1|52주고점-30%:0,,0.0,,
060980,HL홀딩스,KOSPI,39200.0,-6.9,4.2,False,False,False,0,D,0.0,0.0,0.0,0.0,트렌드 미통과,현재가>150MA:0|현재가>200MA:0|150MA>200MA:0|200MA상승중:0|현재가>50MA:0|52주저점+25%:0|52주고점-30%:1,,0.0,,
011200,HMM,KOSPI,21000.0,3.6,179.1,False,False,False,0,D,0.0,0.0,0.0,0.0,트렌드 미통과,현재가>150MA:1|현재가>200MA:1|150MA>200MA:1|200MA상승중:1|현재가>50MA:0|52주저점+25%:0|52주고점-30%:1,,0.0,,
035000,HS애드,KOSPI,6010.0,-24.8,7.6,False,False,False,0,D,0.0,0.0,0.0,0.0,트렌드 미통과,현재가>150MA:0|현재가>200MA:0|150MA>200MA:0|200MA상승중:0|현재가>50MA:0|52주저점+25%:0|52주고점-30%:0,,0.0,,
002460,HS화성,KOSPI,11090.0,-3.6,0.7,False,False,False,0,D,0.0,0.0,0.0,0.0,트렌드 미통과,현재가>150MA:0|현재가>200MA:0|150MA>200MA:0|200MA상승중:0|현재가>50MA:1|52주저점+25%:0|52주고점-30%:1,,0.0,,
487570,HS효성,KOSPI,51400.0,-5.4,1.4,False,False,False,0,D,0.0,0.0,0.0,0.0,트렌드 미통과,현재가>150MA:0|현재가>200MA:0|150MA>200MA:0|200MA상승중:0|현재가>50MA:1|52주저점+25%:1|52주고점-30%:1,,0.0,,
298050,HS효성첨단소재,KOSPI,160600.0,-14.2,21.1,False,False,False,0,D,0.0,0.0,0.0,0.0,트렌드 미통과,현재가>150MA:0|현재가>200MA:0|150MA>200MA:0|200MA상승중:0|현재가>50MA:0|52주저점+25%:0|52주고점-30%:0,,0.0,,
175330,JB금융지주,KOSPI,30900.0,20.9,160.1,True,False,False,56,D,0.0,0.0,0.0,0.0,고점 회복 부족(87.9%),현재가>150MA:1|현재가>200MA:1|150MA>200MA:1|200MA상승중:1|현재가>50MA:1|52주저점+25%:1|52주고점-30%:1,,0.0,,
234080,JW생명과학,KOSPI,10960.0,-11.7,1.2,False,False,False,0,D,0.0,0.0,0.0,0.0,트렌드 미통과,현재가>150MA:0|현재가>200MA:0|150MA>200MA:0|200MA상승중:0|현재가>50MA:0|52주저점+25%:0|52주고점-30%:1,,0.0,,
001060,JW중외제약,KOSPI,26500.0,0.2,17.2,False,False,False,0,D,0.0,0.0,0.0,0.0,트렌드 미통과,현재가>150MA:0|현재가>200MA:0|150MA>200MA:0|200MA상승중:1|현재가>50MA:1|52주저점+25%:1|52주고점-30%:0,,0.0,,
001067,JW중외제약2우B,KOSPI,48950.0,-3.5,0.0,False,False,False,0,D,0.0,0.0,0.0,0.0,트렌드 미통과,현재가>150MA:0|현재가>200MA:0|150MA>200MA:0|200MA상승중:0|현재가>50MA:1|52주저점+25%:0|52주고점-30%:1,,0.0,,
001065,JW중외제약우,KOSPI,22200.0,-9.6,0.0,False,False,False,0,D,0.0,0.0,0.0,0.0,트렌드 미통과,현재가>150MA:0|현재가>200MA:0|150MA>200MA:0|200MA상승중:0|현재가>50MA:1|52주저점+25%:0|52주고점-30%:1,,0.0,,
096760,JW홀딩스,KOSPI,4300.0,14.7,3.2,True,False,False,48,D,0.0,0.0,0.0,0.0,핸들 깊이 얕음(1.9%),현재가>150MA:1|현재가>200MA:1|150MA>200MA:1|200MA상승중:1|현재가>50MA:1|52주저점+25%:1|52주고점-30%:1,,0.0,,
105560,KB금융,KOSPI,173500.0,25.2,1996.4,True,False,False,64,C,0.0,0.0,0.0,0.0,컵 기간 짧음(7일),현재가>150MA:1|현재가>200MA:1|150MA>200MA:1|200MA상승중:1|현재가>50MA:1|52주저점+25%:1|52주고점-30%:1,,0.0,,
415640,KB발해인프라,KOSPI,10130.0,4.4,27.7,False,False,False,0,D,0.0,0.0,0.0,0.0,트렌드 미통과,현재가>150MA:0|현재가>200MA:1|150MA>200MA:1|200MA상승중:1|현재가>50MA:0|52주저점+25%:0|52주고점-30%:1,,0.0,,
432320,KB스타리츠,KOSPI,1645.0,-17.2,7.0,False,False,False,0,D,0.0,0.0,0.0,0.0,트렌드 미통과,현재가>150MA:0|현재가>200MA:0|150MA>200MA:0|200MA상승중:0|현재가>50MA:1|52주저점+25%:1|52주고점-30%:0,,0.0,,
002380,KCC,KOSPI,471500.0,1.0,119.5,False,False,False,0,D,0.0,0.0,0.0,0.0,트렌드 미통과,현재가>150MA:0|현재가>200MA:0|150MA>200MA:1|200MA상승중:1|현재가>50MA:1|52주저점+25%:1|52주고점-30%:0,,0.0,,
344820,KCC글라스,KOSPI,23700.0,-4.3,3.0,False,False,False,0,D,0.0,0.0,0.0,0.0,트렌드 미통과,현재가>150MA:0|현재가>200MA:0|150MA>200MA:0|200MA상승중:0|현재가>50MA:0|52주저점+25%:0|52주고점-30%:1,,0.0,,
009070,KCTC,KOSPI,3960.0,-21.7,4.3,False,False,False,0,D,0.0,0.0,0.0,0.0,트렌드 미통과,현재가>150MA:0|현재가>200MA:0|150MA>200MA:0|200MA상승중:0|현재가>50MA:0|52주저점+25%:0|52주고점-30%:0,,0.0,,
009440,KC그린홀딩스,KOSPI,756.0,0.3,0.0,False,False,False,0,D,0.0,0.0,0.0,0.0,트렌드 미통과,현재가>150MA:0|현재가>200MA:0|150MA>200MA:0|200MA상승중:0|현재가>50MA:0|52주저점+25%:0|52주고점-30%:1,,0.0,,
119650,KC코트렐,KOSPI,918.0,0.3,0.0,False,False,False,0,D,0.0,0.0,0.0,0.0,트렌드 미통과,현재가>150MA:0|현재가>200MA:0|150MA>200MA:0|200MA상승중:0|현재가>50MA:0|52주저점+25%:0|52주고점-30%:1,,0.0,,
092220,KEC,KOSPI,3100.0,139.4,19.8,False,False,False,0,D,0.0,0.0,0.0,0.0,트렌드 미통과,현재가>150MA:1|현재가>200MA:1|150MA>200MA:1|200MA상승중:1|현재가>50MA:1|52주저점+25%:1|52주고점-30%:0,,0.0,,
003620,KG모빌리티,KOSPI,2485.0,-22.7,12.4,False,False,False,0,D,0.0,0.0,0.0,0.0,트렌드 미통과,현재가>150MA:0|현재가>200MA:0|150MA>200MA:0|200MA상승중:0|현재가>50MA:0|52주저점+25%:0|52주고점-30%:0,,0.0,,
016380,KG스틸,KOSPI,5610.0,2.4,9.6,False,False,False,0,D,0.0,0.0,0.0,0.0,트렌드 미통과,현재가>150MA:0|현재가>200MA:0|150MA>200MA:1|200MA상승중:1|현재가>50MA:1|52주저점+25%:0|52주고점-30%:1,,0.0,,
001390,KG케미칼,KOSPI,4210.0,-13.5,4.3,False,False,False,0,D,0.0,0.0,0.0,0.0,트렌드 미통과,현재가>150MA:0|현재가>200MA:0|150MA>200MA:0|200MA상승중:0|현재가>50MA:0|52주저점+25%:0|52주고점-30%:0,,0.0,,
015590,DKME,KOSPI,2135.0,188.3,2.8,True,False,False,64,C,0.0,0.0,0.0,0.0,컵 깊이 얕음(0.0%),현재가>150MA:1|현재가>200MA:1|150MA>200MA:1|200MA상승중:1|현재가>50MA:1|52주저점+25%:1|52주고점-30%:1,,0.0,,
001940,KISCO홀딩스,KOSPI,25850.0,1.2,2.3,False,False,False,0,D,0.0,0.0,0.0,0.0,트렌드 미통과,현재가>150MA:1|현재가>200MA:1|150MA>200MA:1|200MA상승중:1|현재가>50MA:0|52주저점+25%:1|52주고점-30%:1,,0.0,,
025000,KPX케미칼,KOSPI,57700.0,16.0,2.5,True,False,False,56,D,0.0,0.0,0.0,0.0,핸들 기간 짧음,현재가>150MA:1|현재가>200MA:1|150MA>200MA:1|200MA상승중:1|현재가>50MA:1|52주저점+25%:1|52주고점-30%:1,,0.0,,
092230,KPX홀딩스,KOSPI,96100.0,25.0,2.2,True,False,False,64,C,0.0,0.0,0.0,0.0,컵 깊이 얕음(13.7%),현재가>150MA:1|현재가>200MA:1|150MA>200MA:1|200MA상승중:1|현재가>50MA:1|52주저점+25%:1|52주고점-30%:1,,0.0,,
000040,KR모터스,KOSPI,1036.0,186.5,0.6,False,False,False,0,D,0.0,0.0,0.0,0.0,트렌드 미통과,현재가>150MA:1|현재가>200MA:1|150MA>200MA:1|200MA상승중:1|현재가>50MA:0|52주저점+25%:1|52주고점-30%:0,,0.0,,
044450,KSS해운,KOSPI,12430.0,29.5,15.9,False,False,False,0,D,0.0,0.0,0.0,0.0,트렌드 미통과,현재가>150MA:1|현재가>200MA:1|150MA>200MA:1|200MA상승중:1|현재가>50MA:1|52주저점+25%:1|52주고점-30%:1,,0.0,,
030200,KT,KOSPI,52900.0,-1.4,140.4,False,False,False,0,D,0.0,0.0,0.0,0.0,트렌드 미통과,현재가>150MA:0|현재가>200MA:0|150MA>200MA:1|200MA상승중:1|현재가>50MA:0|52주저점+25%:0|52주고점-30%:1,,0.0,,
033780,KT&G,KOSPI,177200.0,14.7,400.4,True,False,False,48,D,0.0,0.0,0.0,0.0,컵 기간 짧음(4일),현재가>150MA:1|현재가>200MA:1|150MA>200MA:1|200MA상승중:1|현재가>50MA:1|52주저점+25%:1|52주고점-30%:1,,0.0,,
058850,KTcs,KOSPI,2175.0,-13.9,2.2,False,False,False,0,D,0.0,0.0,0.0,0.0,트렌드 미통과,현재가>150MA:0|현재가>200MA:0|150MA>200MA:0|200MA상승중:0|현재가>50MA:0|52주저점+25%:0|52주고점-30%:0,,0.0,,
058860,KTis,KOSPI,2585.0,-3.2,8.3,False,False,False,0,D,0.0,0.0,0.0,0.0,트렌드 미통과,현재가>150MA:0|현재가>200MA:0|150MA>200MA:0|200MA상승중:0|현재가>50MA:1|52주저점+25%:0|52주고점-30%:1,,0.0,,
093050,LF,KOSPI,21800.0,4.0,3.7,False,False,False,0,D,0.0,0.0,0.0,0.0,트렌드 미통과,현재가>150MA:0|현재가>200MA:0|150MA>200MA:1|200MA상승중:1|현재가>50MA:0|52주저점+25%:1|52주고점-30%:1,,0.0,,
003550,LG,KOSPI,111400.0,26.1,368.9,False,False,False,0,D,0.0,0.0,0.0,0.0,트렌드 미통과,현재가>150MA:1|현재가>200MA:1|150MA>200MA:1|200MA상승중:1|현재가>50MA:1|52주저점+25%:1|52주고점-30%:0,,0.0,,
034220,LG디스플레이,KOSPI,8340.0,-29.6,482.9,False,False,False,0,D,0.0,0.0,0.0,0.0,트렌드 미통과,현재가>150MA:0|현재가>200MA:0|150MA>200MA:0|200MA상승중:0|현재가>50MA:0|52주저점+25%:0|52주고점-30%:0,,0.0,,
051900,LG생활건강,KOSPI,280000.0,11.4,196.1,False,False,False,0,D,0.0,0.0,0.0,0.0,트렌드 미통과,현재가>150MA:1|현재가>200MA:1|150MA>200MA:0|200MA상승중:1|현재가>50MA:0|52주저점+25%:1|52주고점-30%:1,,0.0,,
051905,LG생활건강우,KOSPI,95300.0,-9.4,12.1,False,False,False,0,D,0.0,0.0,0.0,0.0,트렌드 미통과,현재가>150MA:0|현재가>200MA:0|150MA>200MA:0|200MA상승중:0|현재가>50MA:0|52주저점+25%:0|52주고점-30%:1,,0.0,,
064400,LG씨엔에스,KOSPI,69300.0,-0.7,346.7,False,False,False,0,D,0.0,0.0,0.0,0.0,트렌드 미통과,현재가>150MA:0|현재가>200MA:0|150MA>200MA:1|200MA상승중:1|현재가>50MA:0|52주저점+25%:1|52주고점-30%:0,,0.0,,
373220,LG에너지솔루션,KOSPI,352500.0,-7.7,1122.2,False,False,False,0,D,0.0,0.0,0.0,0.0,트렌드 미통과,현재가>150MA:0|현재가>200MA:0|150MA>200MA:0|200MA상승중:0|현재가>50MA:1|52주저점+25%:0|52주고점-30%:0,,0.0,,
003555,LG우,KOSPI,68200.0,3.5,4.1,False,False,False,0,D,0.0,0.0,0.0,0.0,트렌드 미통과,현재가>150MA:0|현재가>200MA:0|150MA>200MA:1|200MA상승중:1|현재가>50MA:1|52주저점+25%:0|52주고점-30%:1,,0.0,,
032640,LG유플러스,KOSPI,14800.0,-1.0,131.1,False,False,False,0,D,0.0,0.0,0.0,0.0,트렌드 미통과,현재가>150MA:0|현재가>200MA:0|150MA>200MA:1|200MA상승중:0|현재가>50MA:0|52주저점+25%:0|52주고점-30%:1,,0.0,,
011070,LG이노텍,KOSPI,585000.0,75.8,1518.9,False,False,False,0,D,0.0,0.0,0.0,0.0,트렌드 미통과,현재가>150MA:0|현재가>200MA:1|150MA>200MA:1|200MA상승중:1|현재가>50MA:1|52주저점+25%:1|52주고점-30%:0,,0.0,,
066570,LG전자,KOSPI,213500.0,82.8,1485.4,False,False,False,0,D,0.0,0.0,0.0,0.0,트렌드 미통과,현재가>150MA:1|현재가>200MA:1|150MA>200MA:1|200MA상승중:1|현재가>50MA:1|52주저점+25%:1|52주고점-30%:0,,0.0,,
066575,LG전자우,KOSPI,73300.0,37.9,51.0,False,False,False,0,D,0.0,0.0,0.0,0.0,트렌드 미통과,현재가>150MA:1|현재가>200MA:1|150MA>200MA:1|200MA상승중:1|현재가>50MA:1|52주저점+25%:1|52주고점-30%:0,,0.0,,
037560,LG헬로비전,KOSPI,1544.0,-27.0,1.4,False,False,False,0,D,0.0,0.0,0.0,0.0,트렌드 미통과,현재가>150MA:0|현재가>200MA:0|150MA>200MA:0|200MA상승중:0|현재가>50MA:0|52주저점+25%:0|52주고점-30%:0,,0.0,,
051910,LG화학,KOSPI,250000.0,-19.3,556.5,False,False,False,0,D,0.0,0.0,0.0,0.0,트렌드 미통과,현재가>150MA:0|현재가>200MA:0|150MA>200MA:0|200MA상승중:0|현재가>50MA:0|52주저점+25%:0|52주고점-30%:0,,0.0,,
051915,LG화학우,KOSPI,112800.0,-24.4,25.3,False,False,False,0,D,0.0,0.0,0.0,0.0,트렌드 미통과,현재가>150MA:0|현재가>200MA:0|150MA>200MA:0|200MA상승중:0|현재가>50MA:0|52주저점+25%:0|52주고점-30%:0,,0.0,,
079550,LIG디펜스앤에어로스페이스,KOSPI,678000.0,17.9,578.8,False,False,False,0,D,0.0,0.0,0.0,0.0,트렌드 미통과,현재가>150MA:0|현재가>200MA:0|150MA>200MA:1|200MA상승중:1|현재가>50MA:0|52주저점+25%:1|52주고점-30%:0,,0.0,,
006260,LS,KOSPI,315500.0,26.5,315.0,False,False,False,0,D,0.0,0.0,0.0,0.0,트렌드 미통과,현재가>150MA:0|현재가>200MA:1|150MA>200MA:1|200MA상승중:1|현재가>50MA:1|52주저점+25%:1|52주고점-30%:0,,0.0,,
010120,LS ELECTRIC,KOSPI,205000.0,-36.2,813.3,False,False,False,0,D,0.0,0.0,0.0,0.0,트렌드 미통과,현재가>150MA:0|현재가>200MA:0|150MA>200MA:0|200MA상승중:0|현재가>50MA:1|52주저점+25%:1|52주고점-30%:0,,0.0,,
000680,LS네트웍스,KOSPI,2910.0,-8.4,1.8,False,False,False,0,D,0.0,0.0,0.0,0.0,트렌드 미통과,현재가>150MA:0|현재가>200MA:0|150MA>200MA:0|200MA상승중:0|현재가>50MA:0|52주저점+25%:0|52주고점-30%:0,,0.0,,
229640,LS에코에너지,KOSPI,62100.0,42.3,132.6,False,False,False,0,D,0.0,0.0,0.0,0.0,트렌드 미통과,현재가>150MA:1|현재가>200MA:1|150MA>200MA:1|200MA상승중:1|현재가>50MA:1|52주저점+25%:1|52주고점-30%:0,,0.0,,
108320,LX세미콘,KOSPI,36750.0,-22.1,43.4,False,False,False,0,D,0.0,0.0,0.0,0.0,트렌드 미통과,현재가>150MA:0|현재가>200MA:0|150MA>200MA:0|200MA상승중:0|현재가>50MA:1|52주저점+25%:0|52주고점-30%:0,,0.0,,
001120,LX인터내셔널,KOSPI,40400.0,12.5,39.0,False,False,False,0,D,0.0,0.0,0.0,0.0,트렌드 미통과,현재가>150MA:0|현재가>200MA:0|150MA>200MA:1|200MA상승중:1|현재가>50MA:1|52주저점+25%:1|52주고점-30%:1,,0.0,,
108670,LX하우시스,KOSPI,32800.0,7.8,6.6,False,False,False,0,D,0.0,0.0,0.0,0.0,트렌드 미통과,현재가>150MA:1|현재가>200MA:1|150MA>200MA:1|200MA상승중:1|현재가>50MA:0|52주저점+25%:0|52주고점-30%:1,,0.0,,
108675,LX하우시스우,KOSPI,18320.0,11.6,0.2,False,False,False,0,D,0.0,0.0,0.0,0.0,트렌드 미통과,현재가>150MA:1|현재가>200MA:1|150MA>200MA:1|200MA상승중:1|현재가>50MA:1|52주저점+25%:0|52주고점-30%:1,,0.0,,
383800,LX홀딩스,KOSPI,8130.0,3.6,6.0,False,False,False,0,D,0.0,0.0,0.0,0.0,트렌드 미통과,현재가>150MA:0|현재가>200MA:0|150MA>200MA:0|200MA상승중:0|현재가>50MA:1|52주저점+25%:0|52주고점-30%:1,,0.0,,
38380K,LX홀딩스1우,KOSPI,7500.0,-6.7,0.1,False,False,False,0,D,0.0,0.0,0.0,0.0,트렌드 미통과,현재가>150MA:0|현재가>200MA:0|150MA>200MA:0|200MA상승중:0|현재가>50MA:1|52주저점+25%:0|52주고점-30%:1,,0.0,,
023150,MH에탄올,KOSPI,4020.0,-11.9,0.2,False,False,False,0,D,0.0,0.0,0.0,0.0,트렌드 미통과,현재가>150MA:0|현재가>200MA:0|150MA>200MA:0|200MA상승중:0|현재가>50MA:0|52주저점+25%:0|52주고점-30%:1,,0.0,,
035420,NAVER,KOSPI,194800.0,-9.6,1320.4,False,False,False,0,D,0.0,0.0,0.0,0.0,트렌드 미통과,현재가>150MA:0|현재가>200MA:0|150MA>200MA:0|200MA상승중:0|현재가>50MA:0|52주저점+25%:0|52주고점-30%:0,,0.0,,
181710,NHN,KOSPI,54900.0,69.7,123.7,False,False,False,0,D,0.0,0.0,0.0,0.0,트렌드 미통과,현재가>150MA:1|현재가>200MA:1|150MA>200MA:1|200MA상승중:1|현재가>50MA:0|52주저점+25%:1|52주고점-30%:1,,0.0,,
400760,NH올원리츠,KOSPI,2800.0,-10.9,2.8,False,False,False,0,D,0.0,0.0,0.0,0.0,트렌드 미통과,현재가>150MA:0|현재가>200MA:0|150MA>200MA:0|200MA상승중:0|현재가>50MA:0|52주저점+25%:0|52주고점-30%:1,,0.0,,
005940,NH투자증권,KOSPI,26250.0,1.8,116.0,False,False,False,0,D,0.0,0.0,0.0,0.0,트렌드 미통과,현재가>150MA:0|현재가>200MA:0|150MA>200MA:1|200MA상승중:1|현재가>50MA:0|52주저점+25%:1|52주고점-30%:0,,0.0,,
005945,NH투자증권우,KOSPI,22600.0,2.6,8.1,False,False,False,0,D,0.0,0.0,0.0,0.0,트렌드 미통과,현재가>150MA:0|현재가>200MA:0|150MA>200MA:1|200MA상승중:1|현재가>50MA:0|52주저점+25%:1|52주고점-30%:1,,0.0,,
338100,NH프라임리츠,KOSPI,3795.0,-9.1,1.7,False,False,False,0,D,0.0,0.0,0.0,0.0,트렌드 미통과,현재가>150MA:0|현재가>200MA:0|150MA>200MA:0|200MA상승중:0|현재가>50MA:0|52주저점+25%:0|52주고점-30%:1,,0.0,,
034310,NICE,KOSPI,11850.0,-7.1,4.2,False,False,False,0,D,0.0,0.0,0.0,0.0,트렌드 미통과,현재가>150MA:0|현재가>200MA:0|150MA>200MA:0|200MA상승중:0|현재가>50MA:0|52주저점+25%:0|52주고점-30%:1,,0.0,,
030190,NICE평가정보,KOSPI,16360.0,6.6,18.1,False,False,False,0,D,0.0,0.0,0.0,0.0,트렌드 미통과,현재가>150MA:1|현재가>200MA:1|150MA>200MA:0|200MA상승중:0|현재가>50MA:1|52주저점+25%:1|52주고점-30%:1,,0.0,,
008260,NI스틸,KOSPI,3300.0,-2.7,2.9,False,False,False,0,D,0.0,0.0,0.0,0.0,트렌드 미통과,현재가>150MA:0|현재가>200MA:0|150MA>200MA:0|200MA상승중:0|현재가>50MA:1|52주저점+25%:0|52주고점-30%:1,,0.0,,
004250,NPC,KOSPI,2835.0,-21.0,0.5,False,False,False,0,D,0.0,0.0,0.0,0.0,트렌드 미통과,현재가>150MA:0|현재가>200MA:0|150MA>200MA:0|200MA상승중:0|현재가>50MA:0|52주저점+25%:0|52주고점-30%:0,,0.0,,
004255,NPC우,KOSPI,1890.0,-19.0,0.2,False,False,False,0,D,0.0,0.0,0.0,0.0,트렌드 미통과,현재가>150MA:0|현재가>200MA:0|150MA>200MA:0|200MA상승중:0|현재가>50MA:1|52주저점+25%:0|52주고점-30%:1,,0.0,,
456040,OCI,KOSPI,74500.0,-1.6,24.0,False,False,False,0,D,0.0,0.0,0.0,0.0,트렌드 미통과,현재가>150MA:0|현재가>200MA:0|150MA>200MA:1|200MA상승중:1|현재가>50MA:0|52주저점+25%:1|52주고점-30%:0,,0.0,,
010060,OCI홀딩스,KOSPI,216500.0,48.1,604.2,False,False,False,0,D,0.0,0.0,0.0,0.0,트렌드 미통과,현재가>150MA:0|현재가>200MA:1|150MA>200MA:1|200MA상승중:1|현재가>50MA:0|52주저점+25%:1|52주고점-30%:0,,0.0,,
178920,PI첨단소재,KOSPI,18570.0,-4.8,5.4,False,False,False,0,D,0.0,0.0,0.0,0.0,트렌드 미통과,현재가>150MA:0|현재가>200MA:0|150MA>200MA:1|200MA상승중:1|현재가>50MA:0|52주저점+25%:0|52주고점-30%:0,,0.0,,
005490,POSCO홀딩스,KOSPI,304000.0,-4.1,740.3,False,False,False,0,D,0.0,0.0,0.0,0.0,트렌드 미통과,현재가>150MA:0|현재가>200MA:0|150MA>200MA:1|200MA상승중:1|현재가>50MA:0|52주저점+25%:0|52주고점-30%:0,,0.0,,
010950,S-Oil,KOSPI,157800.0,81.7,679.4,True,False,False,64,C,0.0,0.0,0.0,0.0,현재가 피벗 미달(-4.9%),현재가>150MA:1|현재가>200MA:1|150MA>200MA:1|200MA상승중:1|현재가>50MA:1|52주저점+25%:1|52주고점-30%:1,,0.0,,
010955,S-Oil우,KOSPI,86200.0,75.2,21.9,True,False,False,64,C,0.0,0.0,0.0,0.0,핸들 기간 짧음,현재가>150MA:1|현재가>200MA:1|150MA>200MA:1|200MA상승중:1|현재가>50MA:1|52주저점+25%:1|52주고점-30%:1,,0.0,,
034120,SBS,KOSPI,11700.0,-19.7,0.6,False,False,False,0,D,0.0,0.0,0.0,0.0,트렌드 미통과,현재가>150MA:0|현재가>200MA:0|150MA>200MA:0|200MA상승중:0|현재가>50MA:0|52주저점+25%:0|52주고점-30%:0,,0.0,,
005090,SGC에너지,KOSPI,47800.0,41.9,81.1,False,False,False,0,D,0.0,0.0,0.0,0.0,트렌드 미통과,현재가>150MA:0|현재가>200MA:1|150MA>200MA:1|200MA상승중:1|현재가>50MA:0|52주저점+25%:1|52주고점-30%:0,,0.0,,
001380,SG글로벌,KOSPI,1040.0,-26.7,0.6,False,False,False,0,D,0.0,0.0,0.0,0.0,트렌드 미통과,현재가>150MA:0|현재가>200MA:0|150MA>200MA:0|200MA상승중:0|현재가>50MA:0|52주저점+25%:0|52주고점-30%:0,,0.0,,
004060,SG세계물산,KOSPI,2095.0,263.6,1.2,False,False,False,0,D,0.0,0.0,0.0,0.0,트렌드 미통과,현재가>150MA:1|현재가>200MA:1|150MA>200MA:1|200MA상승중:1|현재가>50MA:0|52주저점+25%:1|52주고점-30%:0,,0.0,,
001770,SHD,KOSPI,4275.0,-56.7,11.3,False,False,False,0,D,0.0,0.0,0.0,0.0,트렌드 미통과,현재가>150MA:0|현재가>200MA:0|150MA>200MA:0|200MA상승중:0|현재가>50MA:0|52주저점+25%:0|52주고점-30%:0,,0.0,,
002360,SH에너지화학,KOSPI,3300.0,460.1,5.4,True,False,False,64,C,0.0,0.0,0.0,0.0,핸들 기간 짧음,현재가>150MA:1|현재가>200MA:1|150MA>200MA:1|200MA상승중:1|현재가>50MA:1|52주저점+25%:1|52주고점-30%:1,,0.0,,
009160,SIMPAC,KOSPI,4810.0,7.1,2.9,False,False,False,0,D,0.0,0.0,0.0,0.0,트렌드 미통과,현재가>150MA:0|현재가>200MA:0|150MA>200MA:0|200MA상승중:1|현재가>50MA:0|52주저점+25%:0|52주고점-30%:1,,0.0,,
033530,SJG세종,KOSPI,6780.0,-0.2,2.3,False,False,False,0,D,0.0,0.0,0.0,0.0,트렌드 미통과,현재가>150MA:0|현재가>200MA:0|150MA>200MA:0|200MA상승중:0|현재가>50MA:1|52주저점+25%:1|52주고점-30%:0,,0.0,,
123700,SJM,KOSPI,3295.0,-4.1,0.3,False,False,False,0,D,0.0,0.0,0.0,0.0,트렌드 미통과,현재가>150MA:0|현재가>200MA:0|150MA>200MA:0|200MA상승중:0|현재가>50MA:0|52주저점+25%:0|52주고점-30%:1,,0.0,,
025530,SJM홀딩스,KOSPI,3595.0,-0.3,0.2,False,False,False,0,D,0.0,0.0,0.0,0.0,트렌드 미통과,현재가>150MA:1|현재가>200MA:0|150MA>200MA:0|200MA상승중:0|현재가>50MA:1|52주저점+25%:0|52주고점-30%:1,,0.0,,
034730,SK,KOSPI,586000.0,61.9,756.1,False,False,False,0,D,0.0,0.0,0.0,0.0,트렌드 미통과,현재가>150MA:1|현재가>200MA:1|150MA>200MA:1|200MA상승중:1|현재가>50MA:1|52주저점+25%:1|52주고점-30%:0,,0.0,,
011790,SKC,KOSPI,92000.0,-12.2,121.1,False,False,False,0,D,0.0,0.0,0.0,0.0,트렌드 미통과,현재가>150MA:0|현재가>200MA:0|150MA>200MA:0|200MA상승중:0|현재가>50MA:1|52주저점+25%:1|52주고점-30%:0,,0.0,,
018670,SK가스,KOSPI,241500.0,5.6,24.0,False,False,False,0,D,0.0,0.0,0.0,0.0,트렌드 미통과,현재가>150MA:1|현재가>200MA:1|150MA>200MA:1|200MA상승중:0|현재가>50MA:1|52주저점+25%:0|52주고점-30%:1,,0.0,,
001740,SK네트웍스,KOSPI,6200.0,4.1,46.6,False,False,False,0,D,0.0,0.0,0.0,0.0,트렌드 미통과,현재가>150MA:0|현재가>200MA:0|150MA>200MA:1|200MA상승중:1|현재가>50MA:0|52주저점+25%:1|52주고점-30%:0,,0.0,,
006120,SK디스커버리,KOSPI,63900.0,17.7,15.4,False,False,False,0,D,0.0,0.0,0.0,0.0,트렌드 미통과,현재가>150MA:1|현재가>200MA:1|150MA>200MA:0|200MA상승중:0|현재가>50MA:1|52주저점+25%:1|52주고점-30%:1,,0.0,,
006125,SK디스커버리우,KOSPI,42100.0,9.2,1.1,False,False,False,0,D,0.0,0.0,0.0,0.0,트렌드 미통과,현재가>150MA:1|현재가>200MA:1|150MA>200MA:1|200MA상승중:1|현재가>50MA:1|52주저점+25%:0|52주고점-30%:1,,0.0,,
210980,SK디앤디,KOSPI,3630.0,-68.6,33.4,False,False,False,0,D,0.0,0.0,0.0,0.0,트렌드 미통과,현재가>150MA:0|현재가>200MA:0|150MA>200MA:0|200MA상승중:0|현재가>50MA:0|52주저점+25%:0|52주고점-30%:0,,0.0,,
395400,SK리츠,KOSPI,5230.0,-7.0,12.3,False,False,False,0,D,0.0,0.0,0.0,0.0,트렌드 미통과,현재가>150MA:0|현재가>200MA:0|150MA>200MA:1|200MA상승중:1|현재가>50MA:0|52주저점+25%:0|52주고점-30%:1,,0.0,,
302440,SK바이오사이언스,KOSPI,35900.0,-17.3,23.9,False,False,False,0,D,0.0,0.0,0.0,0.0,트렌드 미통과,현재가>150MA:0|현재가>200MA:0|150MA>200MA:0|200MA상승중:0|현재가>50MA:0|52주저점+25%:0|52주고점-30%:0,,0.0,,
326030,SK바이오팜,KOSPI,74900.0,-26.0,94.1,False,False,False,0,D,0.0,0.0,0.0,0.0,트렌드 미통과,현재가>150MA:0|현재가>200MA:0|150MA>200MA:0|200MA상승중:0|현재가>50MA:0|52주저점+25%:0|52주고점-30%:0,,0.0,,
402340,SK스퀘어,KOSPI,1118000.0,156.1,5624.1,False,False,False,0,D,0.0,0.0,0.0,0.0,트렌드 미통과,현재가>150MA:1|현재가>200MA:1|150MA>200MA:1|200MA상승중:1|현재가>50MA:1|52주저점+25%:1|52주고점-30%:0,,0.0,,
361610,SK아이이테크놀로지,KOSPI,16830.0,-20.5,99.1,False,False,False,0,D,0.0,0.0,0.0,0.0,트렌드 미통과,현재가>150MA:0|현재가>200MA:0|150MA>200MA:0|200MA상승중:0|현재가>50MA:1|52주저점+25%:1|52주고점-30%:0,,0.0,,
100090,SK오션플랜트,KOSPI,11540.0,-42.1,158.7,False,False,False,0,D,0.0,0.0,0.0,0.0,트렌드 미통과,현재가>150MA:0|현재가>200MA:0|150MA>200MA:0|200MA상승중:0|현재가>50MA:0|52주저점+25%:0|52주고점-30%:0,,0.0,,
03473K,SK우,KOSPI,373000.0,44.4,4.8,True,False,False,64,C,0.0,0.0,0.0,0.0,컵 깊이 얕음(6.3%),현재가>150MA:1|현재가>200MA:1|150MA>200MA:1|200MA상승중:1|현재가>50MA:1|52주저점+25%:1|52주고점-30%:1,,0.0,,
096770,SK이노베이션,KOSPI,145900.0,40.9,1615.7,True,False,False,64,C,0.0,0.0,0.0,0.0,핸들 기간 짧음,현재가>150MA:1|현재가>200MA:1|150MA>200MA:1|200MA상승중:1|현재가>50MA:1|52주저점+25%:1|52주고점-30%:1,,0.0,,
096775,SK이노베이션우,KOSPI,71300.0,9.9,4.1,False,False,False,0,D,0.0,0.0,0.0,0.0,트렌드 미통과,현재가>150MA:1|현재가>200MA:1|150MA>200MA:0|200MA상승중:0|현재가>50MA:1|52주저점+25%:1|52주고점-30%:1,,0.0,,
475150,SK이터닉스,KOSPI,49900.0,46.1,492.3,False,False,False,0,D,0.0,0.0,0.0,0.0,트렌드 미통과,현재가>150MA:1|현재가>200MA:1|150MA>200MA:1|200MA상승중:1|현재가>50MA:0|52주저점+25%:1|52주고점-30%:0,,0.0,,
001510,SK증권,KOSPI,2265.0,91.1,58.5,False,False,False,0,D,0.0,0.0,0.0,0.0,트렌드 미통과,현재가>150MA:0|현재가>200MA:1|150MA>200MA:1|200MA상승중:1|현재가>50MA:0|52주저점+25%:1|52주고점-30%:0,,0.0,,
001515,SK증권우,KOSPI,4000.0,30.1,0.2,False,False,False,0,D,0.0,0.0,0.0,0.0,트렌드 미통과,현재가>150MA:0|현재가>200MA:0|150MA>200MA:1|200MA상승중:1|현재가>50MA:0|52주저점+25%:1|52주고점-30%:0,,0.0,,
285130,SK케미칼,KOSPI,51500.0,1.3,42.5,False,False,False,0,D,0.0,0.0,0.0,0.0,트렌드 미통과,현재가>150MA:1|현재가>200MA:0|150MA>200MA:0|200MA상승중:0|현재가>50MA:1|52주저점+25%:1|52주고점-30%:0,,0.0,,
28513K,SK케미칼우,KOSPI,25750.0,7.0,1.0,False,False,False,0,D,0.0,0.0,0.0,0.0,트렌드 미통과,현재가>150MA:1|현재가>200MA:1|150MA>200MA:0|200MA상승중:0|현재가>50MA:1|52주저점+25%:1|52주고점-30%:1,,0.0,,
017670,SK텔레콤,KOSPI,86200.0,24.2,793.2,False,False,False,0,D,0.0,0.0,0.0,0.0,트렌드 미통과,현재가>150MA:0|현재가>200MA:1|150MA>200MA:1|200MA상승중:1|현재가>50MA:0|52주저점+25%:1|52주고점-30%:0,,0.0,,
000660,SK하이닉스,KOSPI,1765000.0,135.6,57763.7,False,False,False,0,D,0.0,0.0,0.0,0.0,트렌드 미통과,현재가>150MA:1|현재가>200MA:1|150MA>200MA:1|200MA상승중:1|현재가>50MA:1|52주저점+25%:1|52주고점-30%:0,,0.0,,
003570,SNT다이내믹스,KOSPI,31000.0,-32.2,25.6,False,False,False,0,D,0.0,0.0,0.0,0.0,트렌드 미통과,현재가>150MA:0|현재가>200MA:0|150MA>200MA:0|200MA상승중:0|현재가>50MA:1|52주저점+25%:0|52주고점-30%:0,,0.0,,
064960,SNT모티브,KOSPI,26850.0,-14.3,20.6,False,False,False,0,D,0.0,0.0,0.0,0.0,트렌드 미통과,현재가>150MA:0|현재가>200MA:0|150MA>200MA:0|200MA상승중:0|현재가>50MA:1|52주저점+25%:0|52주고점-30%:0,,0.0,,
100840,SNT에너지,KOSPI,36300.0,-3.8,119.4,False,False,False,0,D,0.0,0.0,0.0,0.0,트렌드 미통과,현재가>150MA:0|현재가>200MA:0|150MA>200MA:0|200MA상승중:0|현재가>50MA:1|52주저점+25%:1|52주고점-30%:0,,0.0,,
036530,SNT홀딩스,KOSPI,46350.0,-21.2,5.9,False,False,False,0,D,0.0,0.0,0.0,0.0,트렌드 미통과,현재가>150MA:0|현재가>200MA:0|150MA>200MA:0|200MA상승중:0|현재가>50MA:0|52주저점+25%:0|52주고점-30%:0,,0.0,,
005610,삼립,KOSPI,39000.0,-16.1,1.0,False,False,False,0,D,0.0,0.0,0.0,0.0,트렌드 미통과,현재가>150MA:0|현재가>200MA:0|150MA>200MA:0|200MA상승중:0|현재가>50MA:0|52주저점+25%:0|52주고점-30%:0,,0.0,,
011810,STX,KOSPI,3530.0,0.3,0.0,False,False,False,0,D,0.0,0.0,0.0,0.0,트렌드 미통과,현재가>150MA:0|현재가>200MA:0|150MA>200MA:0|200MA상승중:0|현재가>50MA:0|52주저점+25%:0|52주고점-30%:1,,0.0,,
465770,STX그린로지스,KOSPI,2355.0,-28.0,78.9,False,False,False,0,D,0.0,0.0,0.0,0.0,트렌드 미통과,현재가>150MA:0|현재가>200MA:0|150MA>200MA:0|200MA상승중:0|현재가>50MA:0|52주저점+25%:1|52주고점-30%:0,,0.0,,
077970,STX엔진,KOSPI,21350.0,-38.4,32.8,False,False,False,0,D,0.0,0.0,0.0,0.0,트렌드 미통과,현재가>150MA:0|현재가>200MA:0|150MA>200MA:0|200MA상승중:0|현재가>50MA:0|52주저점+25%:0|52주고점-30%:0,,0.0,,
002820,SUN&L,KOSPI,1204.0,-45.7,1.5,False,False,False,0,D,0.0,0.0,0.0,0.0,트렌드 미통과,현재가>150MA:0|현재가>200MA:0|150MA>200MA:0|200MA상승중:0|현재가>50MA:0|52주저점+25%:0|52주고점-30%:0,,0.0,,
084870,TBH글로벌,KOSPI,2200.0,32.9,0.8,True,False,False,64,C,0.0,0.0,0.0,0.0,핸들 기간 김(24일),현재가>150MA:1|현재가>200MA:1|150MA>200MA:1|200MA상승중:1|현재가>50MA:1|52주저점+25%:1|52주고점-30%:1,,0.0,,
002710,TCC스틸,KOSPI,11240.0,-14.0,34.4,False,False,False,0,D,0.0,0.0,0.0,0.0,트렌드 미통과,현재가>150MA:0|현재가>200MA:0|150MA>200MA:0|200MA상승중:0|현재가>50MA:1|52주저점+25%:1|52주고점-30%:0,,0.0,,
069260,TKG휴켐스,KOSPI,16340.0,-5.0,8.2,False,False,False,0,D,0.0,0.0,0.0,0.0,트렌드 미통과,현재가>150MA:0|현재가>200MA:0|150MA>200MA:0|200MA상승중:0|현재가>50MA:1|52주저점+25%:0|52주고점-30%:1,,0.0,,
007980,TP,KOSPI,1782.0,0.2,2.6,False,False,False,0,D,0.0,0.0,0.0,0.0,트렌드 미통과,현재가>150MA:0|현재가>200MA:0|150MA>200MA:0|200MA상승중:0|현재가>50MA:1|52주저점+25%:0|52주고점-30%:1,,0.0,,
002900,TYM,KOSPI,6460.0,2.9,13.2,False,False,False,0,D,0.0,0.0,0.0,0.0,트렌드 미통과,현재가>150MA:0|현재가>200MA:0|150MA>200MA:1|200MA상승중:1|현재가>50MA:0|52주저점+25%:0|52주고점-30%:1,,0.0,,
024070,WISCOM,KOSPI,1984.0,6.6,0.3,False,False,False,0,D,0.0,0.0,0.0,0.0,트렌드 미통과,현재가>150MA:1|현재가>200MA:1|150MA>200MA:1|200MA상승중:1|현재가>50MA:1|52주저점+25%:0|52주고점-30%:1,,0.0,,
037270,YG PLUS,KOSPI,3100.0,-36.1,3.2,False,False,False,0,D,0.0,0.0,0.0,0.0,트렌드 미통과,현재가>150MA:0|현재가>200MA:0|150MA>200MA:0|200MA상승중:0|현재가>50MA:0|52주저점+25%:0|52주고점-30%:0,,0.0,,
000500,가온전선,KOSPI,314500.0,176.0,898.6,False,False,False,0,D,0.0,0.0,0.0,0.0,트렌드 미통과,현재가>150MA:1|현재가>200MA:1|150MA>200MA:1|200MA상승중:1|현재가>50MA:1|52주저점+25%:1|52주고점-30%:0,,0.0,,
000860,강남제비스코,KOSPI,12190.0,-4.5,0.9,False,False,False,0,D,0.0,0.0,0.0,0.0,트렌드 미통과,현재가>150MA:0|현재가>200MA:0|150MA>200MA:0|200MA상승중:1|현재가>50MA:0|52주저점+25%:0|52주고점-30%:0,,0.0,,
035250,강원랜드,KOSPI,14430.0,-12.5,34.2,False,False,False,0,D,0.0,0.0,0.0,0.0,트렌드 미통과,현재가>150MA:0|현재가>200MA:0|150MA>200MA:0|200MA상승중:0|현재가>50MA:0|52주저점+25%:0|52주고점-30%:1,,0.0,,
011420,갤럭시아에스엠,KOSPI,1445.0,-15.7,0.4,False,False,False,0,D,0.0,0.0,0.0,0.0,트렌드 미통과,현재가>150MA:0|현재가>200MA:0|150MA>200MA:0|200MA상승중:0|현재가>50MA:0|52주저점+25%:0|52주고점-30%:0,,0.0,,
002100,경농,KOSPI,9010.0,-3.3,1.9,False,False,False,0,D,0.0,0.0,0.0,0.0,트렌드 미통과,현재가>150MA:0|현재가>200MA:0|150MA>200MA:1|200MA상승중:0|현재가>50MA:0|52주저점+25%:0|52주고점-30%:1,,0.0,,
009450,경동나비엔,KOSPI,61100.0,-4.5,17.6,False,False,False,0,D,0.0,0.0,0.0,0.0,트렌드 미통과,현재가>150MA:0|현재가>200MA:0|150MA>200MA:1|200MA상승중:0|현재가>50MA:0|52주저점+25%:0|52주고점-30%:1,,0.0,,
267290,경동도시가스,KOSPI,21600.0,4.9,1.3,False,False,False,0,D,0.0,0.0,0.0,0.0,트렌드 미통과,현재가>150MA:1|현재가>200MA:1|150MA>200MA:0|200MA상승중:1|현재가>50MA:1|52주저점+25%:0|52주고점-30%:1,,0.0,,
012320,경동인베스트,KOSPI,43050.0,-23.5,3.7,False,False,False,0,D,0.0,0.0,0.0,0.0,트렌드 미통과,현재가>150MA:0|현재가>200MA:0|150MA>200MA:1|200MA상승중:0|현재가>50MA:0|52주저점+25%:0|52주고점-30%:0,,0.0,,
000050,경방,KOSPI,7920.0,-6.3,1.6,False,False,False,0,D,0.0,0.0,0.0,0.0,트렌드 미통과,현재가>150MA:0|현재가>200MA:0|150MA>200MA:0|200MA상승중:1|현재가>50MA:0|52주저점+25%:0|52주고점-30%:0,,0.0,,
214390,경보제약,KOSPI,5340.0,-8.0,1.9,False,False,False,0,D,0.0,0.0,0.0,0.0,트렌드 미통과,현재가>150MA:0|현재가>200MA:0|150MA>200MA:0|200MA상승중:0|현재가>50MA:1|52주저점+25%:0|52주고점-30%:0,,0.0,,
012610,경인양행,KOSPI,3225.0,-8.4,3.0,False,False,False,0,D,0.0,0.0,0.0,0.0,트렌드 미통과,현재가>150MA:0|현재가>200MA:0|150MA>200MA:0|200MA상승중:1|현재가>50MA:1|52주저점+25%:0|52주고점-30%:0,,0.0,,
009140,케이아이이,KOSPI,19740.0,-9.1,0.6,False,False,False,0,D,0.0,0.0,0.0,0.0,트렌드 미통과,현재가>150MA:0|현재가>200MA:0|150MA>200MA:1|200MA상승중:1|현재가>50MA:0|52주저점+25%:0|52주고점-30%:0,,0.0,,
013580,계룡건설,KOSPI,21850.0,-0.6,15.9,False,False,False,0,D,0.0,0.0,0.0,0.0,트렌드 미통과,현재가>150MA:0|현재가>200MA:0|150MA>200MA:1|200MA상승중:1|현재가>50MA:1|52주저점+25%:1|52주고점-30%:1,,0.0,,
012200,계양전기,KOSPI,3060.0,5.4,25.6,False,False,False,0,D,0.0,0.0,0.0,0.0,트렌드 미통과,현재가>150MA:0|현재가>200MA:0|150MA>200MA:0|200MA상승중:1|현재가>50MA:0|52주저점+25%:1|52주고점-30%:0,,0.0,,
012205,계양전기우,KOSPI,4920.0,-4.8,0.7,False,False,False,0,D,0.0,0.0,0.0,0.0,트렌드 미통과,현재가>150MA:0|현재가>200MA:0|150MA>200MA:1|200MA상승중:1|현재가>50MA:0|52주저점+25%:1|52주고점-30%:0,,0.0,,
002140,고려산업,KOSPI,1950.0,-11.4,8.3,False,False,False,0,D,0.0,0.0,0.0,0.0,트렌드 미통과,현재가>150MA:0|현재가>200MA:0|150MA>200MA:0|200MA상승중:0|현재가>50MA:0|52주저점+25%:0|52주고점-30%:0,,0.0,,
010130,고려아연,KOSPI,1064000.0,-11.6,222.1,False,False,False,0,D,0.0,0.0,0.0,0.0,트렌드 미통과,현재가>150MA:0|현재가>200MA:0|150MA>200MA:0|200MA상승중:1|현재가>50MA:0|52주저점+25%:0|52주고점-30%:0,,0.0,,
002240,고려제강,KOSPI,16550.0,-13.4,4.0,False,False,False,0,D,0.0,0.0,0.0,0.0,트렌드 미통과,현재가>150MA:0|현재가>200MA:0|150MA>200MA:0|200MA상승중:0|현재가>50MA:0|52주저점+25%:0|52주고점-30%:0,,0.0,,
009290,광동제약,KOSPI,6330.0,-0.1,7.0,False,False,False,0,D,0.0,0.0,0.0,0.0,트렌드 미통과,현재가>150MA:0|현재가>200MA:0|150MA>200MA:1|200MA상승중:1|현재가>50MA:1|52주저점+25%:0|52주고점-30%:0,,0.0,,
017040,광명전기,KOSPI,932.0,-10.1,0.0,False,False,False,0,D,0.0,0.0,0.0,0.0,트렌드 미통과,현재가>150MA:0|현재가>200MA:0|150MA>200MA:0|200MA상승중:0|현재가>50MA:0|52주저점+25%:0|52주고점-30%:0,,0.0,,
017900,광전자,KOSPI,9450.0,220.6,822.3,False,False,False,0,D,0.0,0.0,0.0,0.0,트렌드 미통과,현재가>150MA:1|현재가>200MA:1|150MA>200MA:1|200MA상승중:1|현재가>50MA:1|52주저점+25%:1|52주고점-30%:0,,0.0,,
037710,광주신세계,KOSPI,34300.0,-11.2,7.8,False,False,False,0,D,0.0,0.0,0.0,0.0,트렌드 미통과,현재가>150MA:0|현재가>200MA:0|150MA>200MA:1|200MA상승중:1|현재가>50MA:0|52주저점+25%:0|52주고점-30%:0,,0.0,,
030610,교보증권,KOSPI,9960.0,-3.1,4.2,False,False,False,0,D,0.0,0.0,0.0,0.0,트렌드 미통과,현재가>150MA:0|현재가>200MA:0|150MA>200MA:1|200MA상승중:1|현재가>50MA:1|52주저점+25%:0|52주고점-30%:0,,0.0,,
339770,교촌에프앤비,KOSPI,3830.0,-7.1,1.2,False,False,False,0,D,0.0,0.0,0.0,0.0,트렌드 미통과,현재가>150MA:0|현재가>200MA:0|150MA>200MA:0|200MA상승중:0|현재가>50MA:1|52주저점+25%:0|52주고점-30%:1,,0.0,,
007690,국도화학,KOSPI,37900.0,9.1,7.8,False,False,False,0,D,0.0,0.0,0.0,0.0,트렌드 미통과,현재가>150MA:1|현재가>200MA:1|150MA>200MA:1|200MA상승중:1|현재가>50MA:0|52주저점+25%:1|52주고점-30%:1,,0.0,,
002720,국제약품,KOSPI,3245.0,-20.5,1.2,False,False,False,0,D,0.0,0.0,0.0,0.0,트렌드 미통과,현재가>150MA:0|현재가>200MA:0|150MA>200MA:0|200MA상승중:0|현재가>50MA:0|52주저점+25%:0|52주고점-30%:0,,0.0,,
083420,그린케미칼,KOSPI,4640.0,-16.7,0.9,False,False,False,0,D,0.0,0.0,0.0,0.0,트렌드 미통과,현재가>150MA:0|현재가>200MA:0|150MA>200MA:0|200MA상승중:0|현재가>50MA:0|52주저점+25%:0|52주고점-30%:0,,0.0,,
014530,극동유화,KOSPI,3355.0,1.0,19.9,False,False,False,0,D,0.0,0.0,0.0,0.0,트렌드 미통과,현재가>150MA:0|현재가>200MA:0|150MA>200MA:1|200MA상승중:1|현재가>50MA:1|52주저점+25%:0|52주고점-30%:0,,0.0,,
014280,금강공업,KOSPI,4735.0,-2.8,37.4,False,False,False,0,D,0.0,0.0,0.0,0.0,트렌드 미통과,현재가>150MA:1|현재가>200MA:0|150MA>200MA:0|200MA상승중:0|현재가>50MA:1|52주저점+25%:1|52주고점-30%:0,,0.0,,
014285,금강공업우,KOSPI,5320.0,-22.5,0.1,False,False,False,0,D,0.0,0.0,0.0,0.0,트렌드 미통과,현재가>150MA:0|현재가>200MA:0|150MA>200MA:0|200MA상승중:0|현재가>50MA:0|52주저점+25%:0|52주고점-30%:0,,0.0,,
008870,금비,KOSPI,39500.0,-14.3,0.1,False,False,False,0,D,0.0,0.0,0.0,0.0,트렌드 미통과,현재가>150MA:0|현재가>200MA:0|150MA>200MA:0|200MA상승중:0|현재가>50MA:0|52주저점+25%:0|52주고점-30%:0,,0.0,,
001570,금양,KOSPI,9900.0,0.3,0.0,False,False,False,0,D,0.0,0.0,0.0,0.0,트렌드 미통과,현재가>150MA:0|현재가>200MA:0|150MA>200MA:0|200MA상승중:0|현재가>50MA:0|52주저점+25%:0|52주고점-30%:1,,0.0,,
002990,금호건설,KOSPI,12720.0,132.4,707.1,False,False,False,0,D,0.0,0.0,0.0,0.0,트렌드 미통과,현재가>150MA:1|현재가>200MA:1|150MA>200MA:1|200MA상승중:1|현재가>50MA:0|52주저점+25%:1|52주고점-30%:1,,0.0,,
002995,금호건설우,KOSPI,15900.0,-19.0,1.9,False,False,False,0,D,0.0,0.0,0.0,0.0,트렌드 미통과,현재가>150MA:0|현재가>200MA:0|150MA>200MA:0|200MA상승중:1|현재가>50MA:0|52주저점+25%:1|52주고점-30%:0,,0.0,,
011780,금호석유화학,KOSPI,116200.0,-3.0,108.1,False,False,False,0,D,0.0,0.0,0.0,0.0,트렌드 미통과,현재가>150MA:0|현재가>200MA:0|150MA>200MA:0|200MA상승중:1|현재가>50MA:0|52주저점+25%:0|52주고점-30%:1,,0.0,,
011785,금호석유화학우,KOSPI,50000.0,-11.5,1.6,False,False,False,0,D,0.0,0.0,0.0,0.0,트렌드 미통과,현재가>150MA:0|현재가>200MA:0|150MA>200MA:0|200MA상승중:0|현재가>50MA:0|52주저점+25%:0|52주고점-30%:0,,0.0,,
214330,금호에이치티,KOSPI,6770.0,761.2,10.2,True,False,False,64,C,0.0,0.0,0.0,0.0,핸들 기간 김(56일),현재가>150MA:1|현재가>200MA:1|150MA>200MA:1|200MA상승중:1|현재가>50MA:1|52주저점+25%:1|52주고점-30%:1,,0.0,,
001210,금호전기,KOSPI,9650.0,1042.8,681.1,True,False,False,64,C,0.0,0.0,0.0,0.0,컵 깊이 깊음(61.2%),현재가>150MA:1|현재가>200MA:1|150MA>200MA:1|200MA상승중:1|현재가>50MA:1|52주저점+25%:1|52주고점-30%:1,,0.0,,
073240,금호타이어,KOSPI,6840.0,23.9,129.4,False,False,False,0,D,0.0,0.0,0.0,0.0,트렌드 미통과,현재가>150MA:1|현재가>200MA:1|150MA>200MA:1|200MA상승중:1|현재가>50MA:0|52주저점+25%:1|52주고점-30%:1,,0.0,,
092440,기신정기,KOSPI,1863.0,-13.6,1.5,False,False,False,0,D,0.0,0.0,0.0,0.0,트렌드 미통과,현재가>150MA:0|현재가>200MA:0|150MA>200MA:0|200MA상승중:0|현재가>50MA:0|52주저점+25%:0|52주고점-30%:1,,0.0,,
000270,기아,KOSPI,116000.0,-9.7,949.7,False,False,False,0,D,0.0,0.0,0.0,0.0,트렌드 미통과,현재가>150MA:0|현재가>200MA:0|150MA>200MA:1|200MA상승중:1|현재가>50MA:0|52주저점+25%:0|52주고점-30%:0,,0.0,,
024110,기업은행,KOSPI,20700.0,-0.2,182.2,False,False,False,0,D,0.0,0.0,0.0,0.0,트렌드 미통과,현재가>150MA:0|현재가>200MA:0|150MA>200MA:1|200MA상승중:1|현재가>50MA:1|52주저점+25%:0|52주고점-30%:1,,0.0,,
013700,까뮤이앤씨,KOSPI,1588.0,33.2,11.4,True,False,False,64,C,0.0,0.0,0.0,0.0,핸들 기간 김(31일),현재가>150MA:1|현재가>200MA:1|150MA>200MA:1|200MA상승중:1|현재가>50MA:1|52주저점+25%:1|52주고점-30%:1,,0.0,,
004540,깨끗한나라,KOSPI,1243.0,-27.5,0.5,False,False,False,0,D,0.0,0.0,0.0,0.0,트렌드 미통과,현재가>150MA:0|현재가>200MA:0|150MA>200MA:0|200MA상승중:0|현재가>50MA:1|52주저점+25%:0|52주고점-30%:0,,0.0,,
004545,깨끗한나라우,KOSPI,3325.0,-61.5,0.1,False,False,False,0,D,0.0,0.0,0.0,0.0,트렌드 미통과,현재가>150MA:0|현재가>200MA:0|150MA>200MA:0|200MA상승중:0|현재가>50MA:0|52주저점+25%:0|52주고점-30%:0,,0.0,,
001260,남광토건,KOSPI,8250.0,-1.4,7.1,False,False,False,0,D,0.0,0.0,0.0,0.0,트렌드 미통과,현재가>150MA:0|현재가>200MA:0|150MA>200MA:1|200MA상승중:1|현재가>50MA:1|52주저점+25%:0|52주고점-30%:0,,0.0,,
008350,남선알미늄,KOSPI,1070.0,-4.4,8.4,False,False,False,0,D,0.0,0.0,0.0,0.0,트렌드 미통과,현재가>150MA:0|현재가>200MA:0|150MA>200MA:1|200MA상승중:1|현재가>50MA:1|52주저점+25%:0|52주고점-30%:0,,0.0,,
008355,남선알미우,KOSPI,7020.0,-30.0,0.0,False,False,False,0,D,0.0,0.0,0.0,0.0,트렌드 미통과,현재가>150MA:0|현재가>200MA:0|150MA>200MA:0|200MA상승중:0|현재가>50MA:0|52주저점+25%:0|52주고점-30%:0,,0.0,,
004270,남성,KOSPI,5530.0,307.9,0.4,False,False,False,0,D,0.0,0.0,0.0,0.0,트렌드 미통과,현재가>150MA:1|현재가>200MA:1|150MA>200MA:1|200MA상승중:1|현재가>50MA:0|52주저점+25%:1|52주고점-30%:0,,0.0,,
003920,남양유업,KOSPI,42200.0,-14.5,1.2,False,False,False,0,D,0.0,0.0,0.0,0.0,트렌드 미통과,현재가>150MA:0|현재가>200MA:0|150MA>200MA:0|200MA상승중:0|현재가>50MA:0|52주저점+25%:0|52주고점-30%:1,,0.0,,
003925,남양유업우,KOSPI,30050.0,-16.9,0.6,False,False,False,0,D,0.0,0.0,0.0,0.0,트렌드 미통과,현재가>150MA:0|현재가>200MA:0|150MA>200MA:1|200MA상승중:0|현재가>50MA:0|52주저점+25%:0|52주고점-30%:0,,0.0,,
025860,남해화학,KOSPI,6100.0,-7.6,21.6,False,False,False,0,D,0.0,0.0,0.0,0.0,트렌드 미통과,현재가>150MA:0|현재가>200MA:0|150MA>200MA:1|200MA상승중:0|현재가>50MA:1|52주저점+25%:0|52주고점-30%:0,,0.0,,
005720,넥센,KOSPI,5410.0,-13.6,0.9,False,False,False,0,D,0.0,0.0,0.0,0.0,트렌드 미통과,현재가>150MA:0|현재가>200MA:0|150MA>200MA:1|200MA상승중:1|현재가>50MA:0|52주저점+25%:0|52주고점-30%:0,,0.0,,
005725,넥센우,KOSPI,4245.0,-5.3,0.0,False,False,False,0,D,0.0,0.0,0.0,0.0,트렌드 미통과,현재가>150MA:0|현재가>200MA:0|150MA>200MA:0|200MA상승중:0|현재가>50MA:0|52주저점+25%:0|52주고점-30%:1,,0.0,,
002350,넥센타이어,KOSPI,5640.0,-19.3,8.4,False,False,False,0,D,0.0,0.0,0.0,0.0,트렌드 미통과,현재가>150MA:0|현재가>200MA:0|150MA>200MA:0|200MA상승중:0|현재가>50MA:0|52주저점+25%:0|52주고점-30%:0,,0.0,,
002355,넥센타이어1우B,KOSPI,3940.0,2.0,1.2,False,False,False,0,D,0.0,0.0,0.0,0.0,트렌드 미통과,현재가>150MA:0|현재가>200MA:0|150MA>200MA:1|200MA상승중:1|현재가>50MA:1|52주저점+25%:0|52주고점-30%:1,,0.0,,
092790,넥스틸,KOSPI,13200.0,13.1,170.7,False,False,False,0,D,0.0,0.0,0.0,0.0,트렌드 미통과,현재가>150MA:0|현재가>200MA:1|150MA>200MA:1|200MA상승중:1|현재가>50MA:1|52주저점+25%:1|52주고점-30%:0,,0.0,,
251270,넷마블,KOSPI,34550.0,-24.5,231.3,False,False,False,0,D,0.0,0.0,0.0,0.0,트렌드 미통과,현재가>150MA:0|현재가>200MA:0|150MA>200MA:0|200MA상승중:0|현재가>50MA:0|52주저점+25%:0|52주고점-30%:0,,0.0,,
090350,노루페인트,KOSPI,7840.0,-6.3,1.8,False,False,False,0,D,0.0,0.0,0.0,0.0,트렌드 미통과,현재가>150MA:0|현재가>200MA:0|150MA>200MA:0|200MA상승중:0|현재가>50MA:1|52주저점+25%:0|52주고점-30%:1,,0.0,,
090355,노루페인트우,KOSPI,11590.0,-7.3,0.0,False,False,False,0,D,0.0,0.0,0.0,0.0,트렌드 미통과,현재가>150MA:0|현재가>200MA:0|150MA>200MA:0|200MA상승중:0|현재가>50MA:1|52주저점+25%:0|52주고점-30%:1,,0.0,,
000320,노루홀딩스,KOSPI,15700.0,-24.2,0.8,False,False,False,0,D,0.0,0.0,0.0,0.0,트렌드 미통과,현재가>150MA:0|현재가>200MA:0|150MA>200MA:0|200MA상승중:0|현재가>50MA:0|52주저점+25%:0|52주고점-30%:0,,0.0,,
000325,노루홀딩스우,KOSPI,28200.0,-7.1,0.0,False,False,False,0,D,0.0,0.0,0.0,0.0,트렌드 미통과,현재가>150MA:1|현재가>200MA:0|150MA>200MA:0|200MA상승중:0|현재가>50MA:1|52주저점+25%:1|52주고점-30%:1,,0.0,,
006280,녹십자,KOSPI,123200.0,-11.5,26.6,False,False,False,0,D,0.0,0.0,0.0,0.0,트렌드 미통과,현재가>150MA:0|현재가>200MA:0|150MA>200MA:0|200MA상승중:0|현재가>50MA:0|52주저점+25%:0|52주고점-30%:0,,0.0,,
005250,녹십자홀딩스,KOSPI,9520.0,-27.1,9.2,False,False,False,0,D,0.0,0.0,0.0,0.0,트렌드 미통과,현재가>150MA:0|현재가>200MA:0|150MA>200MA:0|200MA상승중:0|현재가>50MA:0|52주저점+25%:0|52주고점-30%:0,,0.0,,
005257,녹십자홀딩스2우,KOSPI,18570.0,-17.6,0.1,False,False,False,0,D,0.0,0.0,0.0,0.0,트렌드 미통과,현재가>150MA:0|현재가>200MA:0|150MA>200MA:0|200MA상승중:0|현재가>50MA:1|52주저점+25%:1|52주고점-30%:0,,0.0,,
004370,농심,KOSPI,410500.0,5.2,108.7,False,False,False,0,D,0.0,0.0,0.0,0.0,트렌드 미통과,현재가>150MA:1|현재가>200MA:1|150MA>200MA:0|200MA상승중:0|현재가>50MA:1|52주저점+25%:0|52주고점-30%:1,,0.0,,
072710,농심홀딩스,KOSPI,89200.0,-4.3,2.1,False,False,False,0,D,0.0,0.0,0.0,0.0,트렌드 미통과,현재가>150MA:0|현재가>200MA:0|150MA>200MA:1|200MA상승중:0|현재가>50MA:0|52주저점+25%:0|52주고점-30%:1,,0.0,,
058730,다스코,KOSPI,3140.0,-14.5,56.1,False,False,False,0,D,0.0,0.0,0.0,0.0,트렌드 미통과,현재가>150MA:0|현재가>200MA:0|150MA>200MA:1|200MA상승중:1|현재가>50MA:0|52주저점+25%:1|52주고점-30%:0,,0.0,,
030210,다올투자증권,KOSPI,3935.0,9.2,2.7,False,False,False,0,D,0.0,0.0,0.0,0.0,트렌드 미통과,현재가>150MA:1|현재가>200MA:1|150MA>200MA:1|200MA상승중:1|현재가>50MA:1|52주저점+25%:1|52주고점-30%:1,,0.0,,
023590,다우기술,KOSPI,38150.0,-1.9,17.1,False,False,False,0,D,0.0,0.0,0.0,0.0,트렌드 미통과,현재가>150MA:0|현재가>200MA:0|150MA>200MA:1|200MA상승중:1|현재가>50MA:0|52주저점+25%:0|52주고점-30%:0,,0.0,,
145210,다이나믹디자인,KOSPI,2240.0,614.1,0.0,True,False,False,64,C,0.0,0.0,0.0,0.0,컵 깊이 깊음(76.1%),현재가>150MA:1|현재가>200MA:1|150MA>200MA:1|200MA상승중:1|현재가>50MA:1|52주저점+25%:1|52주고점-30%:1,,0.0,,
019680,대교,KOSPI,1616.0,22.8,0.3,False,False,False,0,D,0.0,0.0,0.0,0.0,트렌드 미통과,현재가>150MA:1|현재가>200MA:1|150MA>200MA:0|200MA상승중:0|현재가>50MA:1|52주저점+25%:1|52주고점-30%:1,,0.0,,
019685,대교우B,KOSPI,958.0,19.9,0.2,False,False,False,0,D,0.0,0.0,0.0,0.0,트렌드 미통과,현재가>150MA:1|현재가>200MA:1|150MA>200MA:0|200MA상승중:0|현재가>50MA:1|52주저점+25%:1|52주고점-30%:1,,0.0,,
006370,대구백화점,KOSPI,2910.0,-37.8,2.7,False,False,False,0,D,0.0,0.0,0.0,0.0,트렌드 미통과,현재가>150MA:0|현재가>200MA:0|150MA>200MA:0|200MA상승중:0|현재가>50MA:0|52주저점+25%:0|52주고점-30%:0,,0.0,,
008060,대덕,KOSPI,15230.0,23.2,10.5,False,False,False,0,D,0.0,0.0,0.0,0.0,트렌드 미통과,현재가>150MA:0|현재가>200MA:1|150MA>200MA:1|200MA상승중:1|현재가>50MA:1|52주저점+25%:1|52주고점-30%:0,,0.0,,
00806K,대덕1우,KOSPI,10600.0,3.6,0.3,False,False,False,0,D,0.0,0.0,0.0,0.0,트렌드 미통과,현재가>150MA:0|현재가>200MA:0|150MA>200MA:1|200MA상승중:1|현재가>50MA:0|52주저점+25%:1|52주고점-30%:1,,0.0,,
353200,대덕전자,KOSPI,130200.0,121.4,1067.0,False,False,False,0,D,0.0,0.0,0.0,0.0,트렌드 미통과,현재가>150MA:1|현재가>200MA:1|150MA>200MA:1|200MA상승중:1|현재가>50MA:1|52주저점+25%:1|52주고점-30%:0,,0.0,,
35320K,대덕전자1우,KOSPI,25450.0,50.9,1.5,False,False,False,0,D,0.0,0.0,0.0,0.0,트렌드 미통과,현재가>150MA:1|현재가>200MA:1|150MA>200MA:1|200MA상승중:1|현재가>50MA:1|52주저점+25%:1|52주고점-30%:0,,0.0,,
000490,대동,KOSPI,7560.0,-11.9,16.8,False,False,False,0,D,0.0,0.0,0.0,0.0,트렌드 미통과,현재가>150MA:0|현재가>200MA:0|150MA>200MA:0|200MA상승중:0|현재가>50MA:1|52주저점+25%:1|52주고점-30%:0,,0.0,,
005750,대림바스,KOSPI,4225.0,-10.3,1.5,False,False,False,0,D,0.0,0.0,0.0,0.0,트렌드 미통과,현재가>150MA:0|현재가>200MA:0|150MA>200MA:0|200MA상승중:0|현재가>50MA:0|52주저점+25%:0|52주고점-30%:0,,0.0,,
006570,대림통상,KOSPI,1928.0,-10.5,0.6,False,False,False,0,D,0.0,0.0,0.0,0.0,트렌드 미통과,현재가>150MA:0|현재가>200MA:0|150MA>200MA:0|200MA상승중:0|현재가>50MA:0|52주저점+25%:0|52주고점-30%:0,,0.0,,
001680,대상,KOSPI,18080.0,-8.0,21.7,False,False,False,0,D,0.0,0.0,0.0,0.0,트렌드 미통과,현재가>150MA:0|현재가>200MA:0|150MA>200MA:0|200MA상승중:0|현재가>50MA:1|52주저점+25%:0|52주고점-30%:1,,0.0,,
001685,대상우,KOSPI,14620.0,-8.2,0.2,False,False,False,0,D,0.0,0.0,0.0,0.0,트렌드 미통과,현재가>150MA:0|현재가>200MA:0|150MA>200MA:0|200MA상승중:0|현재가>50MA:1|52주저점+25%:0|52주고점-30%:1,,0.0,,
084690,대상홀딩스,KOSPI,7800.0,-10.0,2.1,False,False,False,0,D,0.0,0.0,0.0,0.0,트렌드 미통과,현재가>150MA:0|현재가>200MA:0|150MA>200MA:0|200MA상승중:0|현재가>50MA:1|52주저점+25%:0|52주고점-30%:1,,0.0,,
084695,대상홀딩스우,KOSPI,14000.0,7.4,0.4,False,False,False,0,D,0.0,0.0,0.0,0.0,트렌드 미통과,현재가>150MA:1|현재가>200MA:1|150MA>200MA:0|200MA상승중:0|현재가>50MA:1|52주저점+25%:1|52주고점-30%:1,,0.0,,
128820,대성산업,KOSPI,4035.0,-27.3,5.5,False,False,False,0,D,0.0,0.0,0.0,0.0,트렌드 미통과,현재가>150MA:0|현재가>200MA:0|150MA>200MA:0|200MA상승중:0|현재가>50MA:0|52주저점+25%:0|52주고점-30%:0,,0.0,,
117580,대성에너지,KOSPI,7060.0,-9.5,31.7,False,False,False,0,D,0.0,0.0,0.0,0.0,트렌드 미통과,현재가>150MA:0|현재가>200MA:0|150MA>200MA:1|200MA상승중:0|현재가>50MA:1|52주저점+25%:0|52주고점-30%:0,,0.0,,
016710,대성홀딩스,KOSPI,6980.0,-12.0,0.8,False,False,False,0,D,0.0,0.0,0.0,0.0,트렌드 미통과,현재가>150MA:0|현재가>200MA:0|150MA>200MA:0|200MA상승중:0|현재가>50MA:1|52주저점+25%:0|52주고점-30%:1,,0.0,,
003540,대신증권,KOSPI,25700.0,-12.0,17.5,False,False,False,0,D,0.0,0.0,0.0,0.0,트렌드 미통과,현재가>150MA:0|현재가>200MA:0|150MA>200MA:1|200MA상승중:0|현재가>50MA:0|52주저점+25%:0|52주고점-30%:0,,0.0,,
003547,대신증권2우B,KOSPI,19340.0,-5.1,2.0,False,False,False,0,D,0.0,0.0,0.0,0.0,트렌드 미통과,현재가>150MA:0|현재가>200MA:0|150MA>200MA:1|200MA상승중:0|현재가>50MA:0|52주저점+25%:0|52주고점-30%:0,,0.0,,
003545,대신증권우,KOSPI,20100.0,-5.3,6.9,False,False,False,0,D,0.0,0.0,0.0,0.0,트렌드 미통과,현재가>150MA:0|현재가>200MA:0|150MA>200MA:1|200MA상승중:0|현재가>50MA:0|52주저점+25%:0|52주고점-30%:0,,0.0,,
009190,대양금속,KOSPI,711.0,-52.9,7.3,False,False,False,0,D,0.0,0.0,0.0,0.0,트렌드 미통과,현재가>150MA:0|현재가>200MA:0|150MA>200MA:1|200MA상승중:0|현재가>50MA:0|52주저점+25%:0|52주고점-30%:0,,0.0,,
014160,대영포장,KOSPI,655.0,-30.1,0.5,False,False,False,0,D,0.0,0.0,0.0,0.0,트렌드 미통과,현재가>150MA:0|현재가>200MA:0|150MA>200MA:0|200MA상승중:0|현재가>50MA:0|52주저점+25%:0|52주고점-30%:0,,0.0,,
047040,대우건설,KOSPI,17370.0,142.9,1555.2,False,False,False,0,D,0.0,0.0,0.0,0.0,트렌드 미통과,현재가>150MA:0|현재가>200MA:1|150MA>200MA:1|200MA상승중:1|현재가>50MA:1|52주저점+25%:1|52주고점-30%:0,,0.0,,
003090,대웅,KOSPI,15640.0,-25.3,9.9,False,False,False,0,D,0.0,0.0,0.0,0.0,트렌드 미통과,현재가>150MA:0|현재가>200MA:0|150MA>200MA:0|200MA상승중:0|현재가>50MA:0|52주저점+25%:0|52주고점-30%:0,,0.0,,
069620,대웅제약,KOSPI,107300.0,-23.3,21.2,False,False,False,0,D,0.0,0.0,0.0,0.0,트렌드 미통과,현재가>150MA:0|현재가>200MA:0|150MA>200MA:0|200MA상승중:0|현재가>50MA:0|52주저점+25%:0|52주고점-30%:0,,0.0,,
000430,대원강업,KOSPI,4580.0,17.1,5.6,False,False,False,0,D,0.0,0.0,0.0,0.0,트렌드 미통과,현재가>150MA:1|현재가>200MA:1|150MA>200MA:1|200MA상승중:1|현재가>50MA:1|52주저점+25%:1|52주고점-30%:1,,0.0,,
006340,대원전선,KOSPI,13000.0,157.6,338.8,False,False,False,0,D,0.0,0.0,0.0,0.0,트렌드 미통과,현재가>150MA:1|현재가>200MA:1|150MA>200MA:1|200MA상승중:1|현재가>50MA:0|52주저점+25%:1|52주고점-30%:1,,0.0,,
006345,대원전선우,KOSPI,9750.0,90.1,4.7,False,False,False,0,D,0.0,0.0,0.0,0.0,트렌드 미통과,현재가>150MA:1|현재가>200MA:1|150MA>200MA:1|200MA상승중:1|현재가>50MA:0|52주저점+25%:1|52주고점-30%:0,,0.0,,
003220,대원제약,KOSPI,7760.0,-21.9,3.6,False,False,False,0,D,0.0,0.0,0.0,0.0,트렌드 미통과,현재가>150MA:0|현재가>200MA:0|150MA>200MA:0|200MA상승중:0|현재가>50MA:0|52주저점+25%:0|52주고점-30%:0,,0.0,,
024890,대원화성,KOSPI,1732.0,58.9,0.7,False,False,False,0,D,0.0,0.0,0.0,0.0,트렌드 미통과,현재가>150MA:0|현재가>200MA:1|150MA>200MA:1|200MA상승중:1|현재가>50MA:0|52주저점+25%:1|52주고점-30%:0,,0.0,,
002880,디와이에이,KOSPI,3365.0,229.2,0.3,False,False,False,0,D,0.0,0.0,0.0,0.0,트렌드 미통과,현재가>150MA:1|현재가>200MA:1|150MA>200MA:0|200MA상승중:1|현재가>50MA:1|52주저점+25%:1|52주고점-30%:1,,0.0,,
000300,DH오토넥스,KOSPI,4200.0,44.9,0.0,False,False,False,0,D,0.0,0.0,0.0,0.0,트렌드 미통과,현재가>150MA:0|현재가>200MA:1|150MA>200MA:1|200MA상승중:1|현재가>50MA:0|52주저점+25%:1|52주고점-30%:1,,0.0,,
012800,대창,KOSPI,1169.0,-4.4,3.6,False,False,False,0,D,0.0,0.0,0.0,0.0,트렌드 미통과,현재가>150MA:0|현재가>200MA:0|150MA>200MA:0|200MA상승중:0|현재가>50MA:1|52주저점+25%:0|52주고점-30%:0,,0.0,,
015230,대창단조,KOSPI,6310.0,1.9,4.9,False,False,False,0,D,0.0,0.0,0.0,0.0,트렌드 미통과,현재가>150MA:0|현재가>200MA:0|150MA>200MA:0|200MA상승중:1|현재가>50MA:1|52주저점+25%:0|52주고점-30%:1,,0.0,,
001070,대한방직,KOSPI,5700.0,-5.8,0.2,False,False,False,0,D,0.0,0.0,0.0,0.0,트렌드 미통과,현재가>150MA:0|현재가>200MA:0|150MA>200MA:0|200MA상승중:0|현재가>50MA:0|52주저점+25%:0|52주고점-30%:0,,0.0,,
006650,대한유화,KOSPI,88500.0,-30.3,54.0,False,False,False,0,D,0.0,0.0,0.0,0.0,트렌드 미통과,현재가>150MA:0|현재가>200MA:0|150MA>200MA:0|200MA상승중:0|현재가>50MA:0|52주저점+25%:0|52주고점-30%:0,,0.0,,
001440,대한전선,KOSPI,29500.0,17.8,732.3,False,False,False,0,D,0.0,0.0,0.0,0.0,트렌드 미통과,현재가>150MA:0|현재가>200MA:0|150MA>200MA:1|200MA상승중:1|현재가>50MA:1|52주저점+25%:1|52주고점-30%:0,,0.0,,
084010,대한제강,KOSPI,7940.0,-27.9,2.1,False,False,False,0,D,0.0,0.0,0.0,0.0,트렌드 미통과,현재가>150MA:0|현재가>200MA:0|150MA>200MA:0|200MA상승중:0|현재가>50MA:0|52주저점+25%:0|52주고점-30%:0,,0.0,,
001790,대한제당,KOSPI,2850.0,5.6,3.9,False,False,False,0,D,0.0,0.0,0.0,0.0,트렌드 미통과,현재가>150MA:1|현재가>200MA:1|150MA>200MA:0|200MA상승중:1|현재가>50MA:1|52주저점+25%:1|52주고점-30%:1,,0.0,,
001795,대한제당우,KOSPI,2095.0,-11.5,0.2,False,False,False,0,D,0.0,0.0,0.0,0.0,트렌드 미통과,현재가>150MA:0|현재가>200MA:0|150MA>200MA:0|200MA상승중:0|현재가>50MA:0|52주저점+25%:0|52주고점-30%:1,,0.0,,
001130,대한제분,KOSPI,10940.0,-56.5,1.7,False,False,False,0,D,0.0,0.0,0.0,0.0,트렌드 미통과,현재가>150MA:0|현재가>200MA:0|150MA>200MA:0|200MA상승중:0|현재가>50MA:0|52주저점+25%:0|52주고점-30%:0,,0.0,,
003490,대한항공,KOSPI,31400.0,25.0,852.8,True,False,False,64,C,0.0,0.0,0.0,0.0,컵 기간 짧음(7일),현재가>150MA:1|현재가>200MA:1|150MA>200MA:1|200MA상승중:1|현재가>50MA:1|52주저점+25%:1|52주고점-30%:1,,0.0,,
003495,대한항공우,KOSPI,22050.0,-5.1,0.4,False,False,False,0,D,0.0,0.0,0.0,0.0,트렌드 미통과,현재가>150MA:0|현재가>200MA:0|150MA>200MA:0|200MA상승중:0|현재가>50MA:1|52주저점+25%:0|52주고점-30%:1,,0.0,,
005880,대한해운,KOSPI,2035.0,4.6,29.0,False,False,False,0,D,0.0,0.0,0.0,0.0,트렌드 미통과,현재가>150MA:0|현재가>200MA:0|150MA>200MA:1|200MA상승중:1|현재가>50MA:1|52주저점+25%:0|52주고점-30%:0,,0.0,,
003830,대한화섬,KOSPI,108600.0,-5.9,0.2,False,False,False,0,D,0.0,0.0,0.0,0.0,트렌드 미통과,현재가>150MA:0|현재가>200MA:0|150MA>200MA:0|200MA상승중:0|현재가>50MA:0|52주저점+25%:0|52주고점-30%:1,,0.0,,
016090,대현,KOSPI,1403.0,-13.2,0.9,False,False,False,0,D,0.0,0.0,0.0,0.0,트렌드 미통과,현재가>150MA:0|현재가>200MA:0|150MA>200MA:0|200MA상승중:0|현재가>50MA:0|52주저점+25%:0|52주고점-30%:1,,0.0,,
069460,대호에이엘,KOSPI,2660.0,106.7,0.0,False,False,False,0,D,0.0,0.0,0.0,0.0,트렌드 미통과,현재가>150MA:1|현재가>200MA:1|150MA>200MA:1|200MA상승중:1|현재가>50MA:0|52주저점+25%:1|52주고점-30%:1,,0.0,,
475560,더본코리아,KOSPI,14340.0,-24.6,5.8,False,False,False,0,D,0.0,0.0,0.0,0.0,트렌드 미통과,현재가>150MA:0|현재가>200MA:0|150MA>200MA:0|200MA상승중:0|현재가>50MA:0|52주저점+25%:0|52주고점-30%:0,,0.0,,
192080,더블유게임즈,KOSPI,58900.0,3.8,26.2,False,False,False,0,D,0.0,0.0,0.0,0.0,트렌드 미통과,현재가>150MA:1|현재가>200MA:1|150MA>200MA:1|200MA상승중:1|현재가>50MA:0|52주저점+25%:0|52주고점-30%:1,,0.0,,
004830,덕성,KOSPI,3225.0,-22.2,1.1,False,False,False,0,D,0.0,0.0,0.0,0.0,트렌드 미통과,현재가>150MA:0|현재가>200MA:0|150MA>200MA:0|200MA상승중:0|현재가>50MA:0|52주저점+25%:0|52주고점-30%:0,,0.0,,
004835,덕성우,KOSPI,4445.0,-22.4,0.3,False,False,False,0,D,0.0,0.0,0.0,0.0,트렌드 미통과,현재가>150MA:0|현재가>200MA:0|150MA>200MA:0|200MA상승중:0|현재가>50MA:1|52주저점+25%:1|52주고점-30%:0,,0.0,,
024900,디와이덕양,KOSPI,2200.0,10.0,5.2,False,False,False,0,D,0.0,0.0,0.0,0.0,트렌드 미통과,현재가>150MA:1|현재가>200MA:1|150MA>200MA:0|200MA상승중:0|현재가>50MA:1|52주저점+25%:1|52주고점-30%:1,,0.0,,
145720,덴티움,KOSPI,36650.0,-21.9,4.1,False,False,False,0,D,0.0,0.0,0.0,0.0,트렌드 미통과,현재가>150MA:0|현재가>200MA:0|150MA>200MA:0|200MA상승중:0|현재가>50MA:0|52주저점+25%:0|52주고점-30%:0,,0.0,,
002150,도화엔지니어링,KOSPI,5050.0,-13.3,1.7,False,False,False,0,D,0.0,0.0,0.0,0.0,트렌드 미통과,현재가>150MA:0|현재가>200MA:0|150MA>200MA:0|200MA상승중:0|현재가>50MA:0|52주저점+25%:0|52주고점-30%:0,,0.0,,
460850,동국씨엠,KOSPI,5300.0,1.6,3.3,False,False,False,0,D,0.0,0.0,0.0,0.0,트렌드 미통과,현재가>150MA:0|현재가>200MA:0|150MA>200MA:1|200MA상승중:0|현재가>50MA:1|52주저점+25%:0|52주고점-30%:1,,0.0,,
460860,동국제강,KOSPI,9420.0,4.4,15.0,False,False,False,0,D,0.0,0.0,0.0,0.0,트렌드 미통과,현재가>150MA:0|현재가>200MA:0|150MA>200MA:1|200MA상승중:1|현재가>50MA:0|52주저점+25%:0|52주고점-30%:0,,0.0,,
001230,동국홀딩스,KOSPI,2050.0,-38.0,17.0,False,False,False,0,D,0.0,0.0,0.0,0.0,트렌드 미통과,현재가>150MA:0|현재가>200MA:0|150MA>200MA:0|200MA상승중:0|현재가>50MA:1|52주저점+25%:1|52주고점-30%:0,,0.0,,
023450,동남합성,KOSPI,32250.0,3.9,0.3,False,False,False,0,D,0.0,0.0,0.0,0.0,트렌드 미통과,현재가>150MA:1|현재가>200MA:1|150MA>200MA:0|200MA상승중:1|현재가>50MA:1|52주저점+25%:0|52주고점-30%:1,,0.0,,
004140,동방,KOSPI,1768.0,-25.0,1.7,False,False,False,0,D,0.0,0.0,0.0,0.0,트렌드 미통과,현재가>150MA:0|현재가>200MA:0|150MA>200MA:0|200MA상승중:0|현재가>50MA:0|52주저점+25%:0|52주고점-30%:0,,0.0,,
007590,동방아그로,KOSPI,5540.0,-6.5,0.1,False,False,False,0,D,0.0,0.0,0.0,0.0,트렌드 미통과,현재가>150MA:0|현재가>200MA:0|150MA>200MA:0|200MA상승중:0|현재가>50MA:0|52주저점+25%:0|52주고점-30%:1,,0.0,,
005960,동부건설,KOSPI,8180.0,20.0,4.8,False,False,False,0,D,0.0,0.0,0.0,0.0,트렌드 미통과,현재가>150MA:1|현재가>200MA:1|150MA>200MA:1|200MA상승중:1|현재가>50MA:1|52주저점+25%:1|52주고점-30%:1,,0.0,,
005965,동부건설우,KOSPI,17210.0,-17.7,0.0,False,False,False,0,D,0.0,0.0,0.0,0.0,트렌드 미통과,현재가>150MA:0|현재가>200MA:0|150MA>200MA:0|200MA상승중:1|현재가>50MA:1|52주저점+25%:1|52주고점-30%:0,,0.0,,
026960,동서,KOSPI,25950.0,-1.6,12.7,False,False,False,0,D,0.0,0.0,0.0,0.0,트렌드 미통과,현재가>150MA:1|현재가>200MA:0|150MA>200MA:0|200MA상승중:0|현재가>50MA:1|52주저점+25%:0|52주고점-30%:1,,0.0,,
002210,동성제약,KOSPI,1251.0,28.8,1.4,False,False,False,0,D,0.0,0.0,0.0,0.0,트렌드 미통과,현재가>150MA:1|현재가>200MA:1|150MA>200MA:1|200MA상승중:1|현재가>50MA:0|52주저점+25%:1|52주고점-30%:0,,0.0,,
102260,동성케미컬,KOSPI,3670.0,-8.1,2.4,False,False,False,0,D,0.0,0.0,0.0,0.0,트렌드 미통과,현재가>150MA:0|현재가>200MA:0|150MA>200MA:0|200MA상승중:0|현재가>50MA:1|52주저점+25%:0|52주고점-30%:1,,0.0,,
000640,동아쏘시오홀딩스,KOSPI,94500.0,-0.2,9.3,False,False,False,0,D,0.0,0.0,0.0,0.0,트렌드 미통과,현재가>150MA:1|현재가>200MA:0|150MA>200MA:0|200MA상승중:0|현재가>50MA:1|52주저점+25%:0|52주고점-30%:1,,0.0,,
170900,동아에스티,KOSPI,34700.0,-16.8,2.8,False,False,False,0,D,0.0,0.0,0.0,0.0,트렌드 미통과,현재가>150MA:0|현재가>200MA:0|150MA>200MA:0|200MA상승중:0|현재가>50MA:0|52주저점+25%:0|52주고점-30%:0,,0.0,,
028100,동아지질,KOSPI,19710.0,17.6,25.0,False,False,False,0,D,0.0,0.0,0.0,0.0,트렌드 미통과,현재가>150MA:1|현재가>200MA:1|150MA>200MA:0|200MA상승중:1|현재가>50MA:1|52주저점+25%:1|52주고점-30%:1,,0.0,,
001520,동양,KOSPI,1122.0,67.1,14.1,False,False,False,0,D,0.0,0.0,0.0,0.0,트렌드 미통과,현재가>150MA:1|현재가>200MA:1|150MA>200MA:0|200MA상승중:1|현재가>50MA:1|52주저점+25%:1|52주고점-30%:1,,0.0,,
001527,동양2우B,KOSPI,5080.0,-26.2,0.2,False,False,False,0,D,0.0,0.0,0.0,0.0,트렌드 미통과,현재가>150MA:0|현재가>200MA:0|150MA>200MA:0|200MA상승중:0|현재가>50MA:0|52주저점+25%:0|52주고점-30%:0,,0.0,,
084670,동양고속,KOSPI,23850.0,4.1,2.2,False,False,False,0,D,0.0,0.0,0.0,0.0,트렌드 미통과,현재가>150MA:0|현재가>200MA:0|150MA>200MA:0|200MA상승중:1|현재가>50MA:0|52주저점+25%:1|52주고점-30%:0,,0.0,,
001525,동양우,KOSPI,7630.0,65.7,0.4,False,False,False,0,D,0.0,0.0,0.0,0.0,트렌드 미통과,현재가>150MA:1|현재가>200MA:1|150MA>200MA:1|200MA상승중:1|현재가>50MA:0|52주저점+25%:1|52주고점-30%:1,,0.0,,
008970,KBI동양철관,KOSPI,1141.0,-30.1,18.4,False,False,False,0,D,0.0,0.0,0.0,0.0,트렌드 미통과,현재가>150MA:0|현재가>200MA:0|150MA>200MA:0|200MA상승중:0|현재가>50MA:1|52주저점+25%:0|52주고점-30%:0,,0.0,,
092780,DYP,KOSPI,3450.0,-7.8,4.8,False,False,False,0,D,0.0,0.0,0.0,0.0,트렌드 미통과,현재가>150MA:0|현재가>200MA:0|150MA>200MA:0|200MA상승중:1|현재가>50MA:1|52주저점+25%:0|52주고점-30%:0,,0.0,,
018500,동원모빌리티,KOSPI,1328.0,-5.7,0.6,False,False,False,0,D,0.0,0.0,0.0,0.0,트렌드 미통과,현재가>150MA:0|현재가>200MA:0|150MA>200MA:1|200MA상승중:1|현재가>50MA:0|52주저점+25%:0|52주고점-30%:0,,0.0,,
006040,동원산업,KOSPI,35600.0,-8.8,12.3,False,False,False,0,D,0.0,0.0,0.0,0.0,트렌드 미통과,현재가>150MA:0|현재가>200MA:0|150MA>200MA:0|200MA상승중:0|현재가>50MA:0|52주저점+25%:0|52주고점-30%:1,,0.0,,
030720,동원수산,KOSPI,4630.0,-20.8,2.0,False,False,False,0,D,0.0,0.0,0.0,0.0,트렌드 미통과,현재가>150MA:0|현재가>200MA:0|150MA>200MA:0|200MA상승중:0|현재가>50MA:0|52주저점+25%:0|52주고점-30%:0,,0.0,,
014820,동원시스템즈,KOSPI,20900.0,-11.9,7.2,False,False,False,0,D,0.0,0.0,0.0,0.0,트렌드 미통과,현재가>150MA:0|현재가>200MA:0|150MA>200MA:0|200MA상승중:0|현재가>50MA:0|52주저점+25%:0|52주고점-30%:0,,0.0,,
014825,동원시스템즈우,KOSPI,13340.0,-14.9,0.0,False,False,False,0,D,0.0,0.0,0.0,0.0,트렌드 미통과,현재가>150MA:0|현재가>200MA:0|150MA>200MA:0|200MA상승중:0|현재가>50MA:0|52주저점+25%:0|52주고점-30%:1,,0.0,,
111380,동인기연,KOSPI,12940.0,-1.1,0.5,False,False,False,0,D,0.0,0.0,0.0,0.0,트렌드 미통과,현재가>150MA:0|현재가>200MA:0|150MA>200MA:0|200MA상승중:0|현재가>50MA:0|52주저점+25%:0|52주고점-30%:1,,0.0,,
163560,동일고무벨트,KOSPI,5460.0,-13.7,1.0,False,False,False,0,D,0.0,0.0,0.0,0.0,트렌드 미통과,현재가>150MA:0|현재가>200MA:0|150MA>200MA:0|200MA상승중:0|현재가>50MA:0|52주저점+25%:0|52주고점-30%:0,,0.0,,
004890,동일산업,KOSPI,34750.0,-5.7,0.4,False,False,False,0,D,0.0,0.0,0.0,0.0,트렌드 미통과,현재가>150MA:0|현재가>200MA:0|150MA>200MA:0|200MA상승중:0|현재가>50MA:0|52주저점+25%:0|52주고점-30%:1,,0.0,,
002690,동일제강,KOSPI,1399.0,-11.9,0.4,False,False,False,0,D,0.0,0.0,0.0,0.0,트렌드 미통과,현재가>150MA:0|현재가>200MA:0|150MA>200MA:0|200MA상승중:0|현재가>50MA:0|52주저점+25%:0|52주고점-30%:1,,0.0,,
000020,동화약품,KOSPI,5070.0,-11.0,2.8,False,False,False,0,D,0.0,0.0,0.0,0.0,트렌드 미통과,현재가>150MA:0|현재가>200MA:0|150MA>200MA:0|200MA상승중:0|현재가>50MA:0|52주저점+25%:0|52주고점-30%:1,,0.0,,
000150,두산,KOSPI,1381000.0,40.6,1145.5,False,False,False,0,D,0.0,0.0,0.0,0.0,트렌드 미통과,현재가>150MA:1|현재가>200MA:1|150MA>200MA:1|200MA상승중:1|현재가>50MA:1|52주저점+25%:1|52주고점-30%:0,,0.0,,
000157,두산2우B,KOSPI,369500.0,-9.3,1.2,False,False,False,0,D,0.0,0.0,0.0,0.0,트렌드 미통과,현재가>150MA:0|현재가>200MA:0|150MA>200MA:0|200MA상승중:0|현재가>50MA:1|52주저점+25%:1|52주고점-30%:0,,0.0,,
454910,두산로보틱스,KOSPI,68500.0,-14.9,192.8,False,False,False,0,D,0.0,0.0,0.0,0.0,트렌드 미통과,현재가>150MA:0|현재가>200MA:0|150MA>200MA:0|200MA상승중:0|현재가>50MA:0|52주저점+25%:0|52주고점-30%:0,,0.0,,
241560,두산밥캣,KOSPI,55200.0,-7.1,97.3,False,False,False,0,D,0.0,0.0,0.0,0.0,트렌드 미통과,현재가>150MA:0|현재가>200MA:0|150MA>200MA:1|200MA상승중:1|현재가>50MA:0|52주저점+25%:0|52주고점-30%:1,,0.0,,
034020,두산에너빌리티,KOSPI,79700.0,0.8,2458.0,False,False,False,0,D,0.0,0.0,0.0,0.0,트렌드 미통과,현재가>150MA:0|현재가>200MA:0|150MA>200MA:1|200MA상승중:1|현재가>50MA:1|52주저점+25%:1|52주고점-30%:0,,0.0,,
000155,두산우,KOSPI,469000.0,0.9,41.1,False,False,False,0,D,0.0,0.0,0.0,0.0,트렌드 미통과,현재가>150MA:0|현재가>200MA:0|150MA>200MA:1|200MA상승중:0|현재가>50MA:1|52주저점+25%:1|52주고점-30%:0,,0.0,,
336260,두산퓨얼셀,KOSPI,43800.0,11.7,598.9,False,False,False,0,D,0.0,0.0,0.0,0.0,트렌드 미통과,현재가>150MA:0|현재가>200MA:0|150MA>200MA:1|200MA상승중:1|현재가>50MA:1|52주저점+25%:1|52주고점-30%:0,,0.0,,
33626K,두산퓨얼셀1우,KOSPI,6120.0,-14.8,2.9,False,False,False,0,D,0.0,0.0,0.0,0.0,트렌드 미통과,현재가>150MA:0|현재가>200MA:0|150MA>200MA:1|200MA상승중:0|현재가>50MA:1|52주저점+25%:1|52주고점-30%:0,,0.0,,
33626L,두산퓨얼셀2우B,KOSPI,7430.0,-20.7,0.3,False,False,False,0,D,0.0,0.0,0.0,0.0,트렌드 미통과,현재가>150MA:0|현재가>200MA:0|150MA>200MA:0|200MA상승중:0|현재가>50MA:1|52주저점+25%:0|52주고점-30%:0,,0.0,,
016740,두올,KOSPI,3990.0,4.5,3.5,False,False,False,0,D,0.0,0.0,0.0,0.0,트렌드 미통과,현재가>150MA:0|현재가>200MA:0|150MA>200MA:1|200MA상승중:1|현재가>50MA:1|52주저점+25%:1|52주고점-30%:1,,0.0,,
192650,드림텍,KOSPI,8250.0,40.2,89.4,False,False,False,0,D,0.0,0.0,0.0,0.0,트렌드 미통과,현재가>150MA:1|현재가>200MA:1|150MA>200MA:0|200MA상승중:0|현재가>50MA:1|52주저점+25%:1|52주고점-30%:1,,0.0,,
024090,디씨엠,KOSPI,11390.0,-3.0,0.6,False,False,False,0,D,0.0,0.0,0.0,0.0,트렌드 미통과,현재가>150MA:0|현재가>200MA:0|150MA>200MA:0|200MA상승중:0|현재가>50MA:1|52주저점+25%:0|52주고점-30%:1,,0.0,,
003160,디아이,KOSPI,36700.0,64.4,219.1,False,False,False,0,D,0.0,0.0,0.0,0.0,트렌드 미통과,현재가>150MA:1|현재가>200MA:1|150MA>200MA:1|200MA상승중:1|현재가>50MA:1|52주저점+25%:1|52주고점-30%:1,,0.0,,
092200,디아이씨,KOSPI,5390.0,-14.3,12.5,False,False,False,0,D,0.0,0.0,0.0,0.0,트렌드 미통과,현재가>150MA:0|현재가>200MA:0|150MA>200MA:0|200MA상승중:0|현재가>50MA:0|52주저점+25%:1|52주고점-30%:0,,0.0,,
377190,디앤디플랫폼리츠,KOSPI,2015.0,-23.4,4.5,False,False,False,0,D,0.0,0.0,0.0,0.0,트렌드 미통과,현재가>150MA:0|현재가>200MA:0|150MA>200MA:0|200MA상승중:0|현재가>50MA:0|52주저점+25%:0|52주고점-30%:0,,0.0,,
013570,디와이,KOSPI,4160.0,-4.5,1.6,False,False,False,0,D,0.0,0.0,0.0,0.0,트렌드 미통과,현재가>150MA:0|현재가>200MA:0|150MA>200MA:0|200MA상승중:1|현재가>50MA:0|52주저점+25%:0|52주고점-30%:1,,0.0,,
210540,디와이파워,KOSPI,11080.0,-10.7,2.8,False,False,False,0,D,0.0,0.0,0.0,0.0,트렌드 미통과,현재가>150MA:0|현재가>200MA:0|150MA>200MA:0|200MA상승중:0|현재가>50MA:0|52주저점+25%:0|52주고점-30%:0,,0.0,,
032350,롯데관광개발,KOSPI,11600.0,-32.8,30.4,False,False,False,0,D,0.0,0.0,0.0,0.0,트렌드 미통과,현재가>150MA:0|현재가>200MA:0|150MA>200MA:0|200MA상승중:0|현재가>50MA:0|52주저점+25%:0|52주고점-30%:0,,0.0,,
089860,롯데렌탈,KOSPI,49750.0,66.1,47.3,True,False,False,64,C,0.0,0.0,0.0,0.0,현재가 피벗 미달(-3.2%),현재가>150MA:1|현재가>200MA:1|150MA>200MA:1|200MA상승중:1|현재가>50MA:1|52주저점+25%:1|52주고점-30%:1,,0.0,,
330590,롯데리츠,KOSPI,4155.0,6.3,5.7,False,False,False,0,D,0.0,0.0,0.0,0.0,트렌드 미통과,현재가>150MA:1|현재가>200MA:1|150MA>200MA:0|200MA상승중:1|현재가>50MA:1|52주저점+25%:1|52주고점-30%:1,,0.0,,
000400,롯데손해보험,KOSPI,2055.0,2.6,7.1,False,False,False,0,D,0.0,0.0,0.0,0.0,트렌드 미통과,현재가>150MA:0|현재가>200MA:1|150MA>200MA:1|200MA상승중:1|현재가>50MA:0|52주저점+25%:1|52주고점-30%:1,,0.0,,
023530,롯데쇼핑,KOSPI,102000.0,-2.0,184.8,False,False,False,0,D,0.0,0.0,0.0,0.0,트렌드 미통과,현재가>150MA:0|현재가>200MA:0|150MA>200MA:1|200MA상승중:1|현재가>50MA:0|52주저점+25%:1|52주고점-30%:0,,0.0,,
020150,롯데에너지머티리얼즈,KOSPI,42550.0,21.0,126.0,False,False,False,0,D,0.0,0.0,0.0,0.0,트렌드 미통과,현재가>150MA:0|현재가>200MA:1|150MA>200MA:1|200MA상승중:1|현재가>50MA:1|52주저점+25%:1|52주고점-30%:0,,0.0,,
280360,롯데웰푸드,KOSPI,125200.0,16.0,38.9,False,False,False,0,D,0.0,0.0,0.0,0.0,트렌드 미통과,현재가>150MA:1|현재가>200MA:1|150MA>200MA:0|200MA상승중:1|현재가>50MA:1|52주저점+25%:1|52주고점-30%:1,,0.0,,
286940,롯데이노베이트,KOSPI,17130.0,-12.0,1.7,False,False,False,0,D,0.0,0.0,0.0,0.0,트렌드 미통과,현재가>150MA:0|현재가>200MA:0|150MA>200MA:0|200MA상승중:0|현재가>50MA:0|52주저점+25%:0|52주고점-30%:1,,0.0,,
004000,롯데정밀화학,KOSPI,43350.0,-7.6,23.4,False,False,False,0,D,0.0,0.0,0.0,0.0,트렌드 미통과,현재가>150MA:0|현재가>200MA:0|150MA>200MA:1|200MA상승중:0|현재가>50MA:0|52주저점+25%:0|52주고점-30%:0,,0.0,,
004990,롯데지주,KOSPI,24050.0,-12.1,33.4,False,False,False,0,D,0.0,0.0,0.0,0.0,트렌드 미통과,현재가>150MA:0|현재가>200MA:0|150MA>200MA:0|200MA상승중:0|현재가>50MA:1|52주저점+25%:0|52주고점-30%:0,,0.0,,
00499K,롯데지주우,KOSPI,24500.0,-7.8,0.1,False,False,False,0,D,0.0,0.0,0.0,0.0,트렌드 미통과,현재가>150MA:0|현재가>200MA:0|150MA>200MA:0|200MA상승중:0|현재가>50MA:1|52주저점+25%:0|52주고점-30%:1,,0.0,,
005300,롯데칠성,KOSPI,95200.0,-14.9,12.0,False,False,False,0,D,0.0,0.0,0.0,0.0,트렌드 미통과,현재가>150MA:0|현재가>200MA:0|150MA>200MA:0|200MA상승중:0|현재가>50MA:0|52주저점+25%:0|52주고점-30%:0,,0.0,,
005305,롯데칠성우,KOSPI,66000.0,-8.3,0.4,False,False,False,0,D,0.0,0.0,0.0,0.0,트렌드 미통과,현재가>150MA:0|현재가>200MA:0|150MA>200MA:0|200MA상승중:0|현재가>50MA:0|52주저점+25%:0|52주고점-30%:1,,0.0,,
011170,롯데케미칼,KOSPI,59800.0,-15.0,132.3,False,False,False,0,D,0.0,0.0,0.0,0.0,트렌드 미통과,현재가>150MA:0|현재가>200MA:0|150MA>200MA:0|200MA상승중:0|현재가>50MA:1|52주저점+25%:0|52주고점-30%:0,,0.0,,
071840,롯데하이마트,KOSPI,6040.0,-16.6,0.7,False,False,False,0,D,0.0,0.0,0.0,0.0,트렌드 미통과,현재가>150MA:0|현재가>200MA:0|150MA>200MA:0|200MA상승중:0|현재가>50MA:0|52주저점+25%:0|52주고점-30%:0,,0.0,,
027740,마니커,KOSPI,1138.0,28.2,2.1,False,False,False,0,D,0.0,0.0,0.0,0.0,트렌드 미통과,현재가>150MA:1|현재가>200MA:1|150MA>200MA:1|200MA상승중:1|현재가>50MA:0|52주저점+25%:1|52주고점-30%:1,,0.0,,
357430,마스턴프리미어리츠,KOSPI,861.0,-2.2,0.2,False,False,False,0,D,0.0,0.0,0.0,0.0,트렌드 미통과,현재가>150MA:0|현재가>200MA:0|150MA>200MA:0|200MA상승중:0|현재가>50MA:1|52주저점+25%:1|52주고점-30%:0,,0.0,,
001080,만호제강,KOSPI,3890.0,-43.5,1.7,False,False,False,0,D,0.0,0.0,0.0,0.0,트렌드 미통과,현재가>150MA:0|현재가>200MA:0|150MA>200MA:0|200MA상승중:0|현재가>50MA:0|52주저점+25%:0|52주고점-30%:0,,0.0,,
088980,맥쿼리인프라,KOSPI,9840.0,-10.9,70.8,False,False,False,0,D,0.0,0.0,0.0,0.0,트렌드 미통과,현재가>150MA:0|현재가>200MA:0|150MA>200MA:0|200MA상승중:0|현재가>50MA:0|52주저점+25%:0|52주고점-30%:1,,0.0,,
094800,맵스리얼티,KOSPI,8000.0,44.1,10.8,True,False,False,64,C,0.0,0.0,0.0,0.0,컵 기간 짧음(25일),현재가>150MA:1|현재가>200MA:1|150MA>200MA:1|200MA상승중:1|현재가>50MA:1|52주저점+25%:1|52주고점-30%:1,,0.0,,
138040,메리츠금융지주,KOSPI,132700.0,20.1,333.9,True,False,False,56,D,0.0,0.0,0.0,0.0,핸들 위치 낮음,현재가>150MA:1|현재가>200MA:1|150MA>200MA:1|200MA상승중:1|현재가>50MA:1|52주저점+25%:1|52주고점-30%:1,,0.0,,
090370,메타랩스,KOSPI,1171.0,-12.1,2.4,False,False,False,0,D,0.0,0.0,0.0,0.0,트렌드 미통과,현재가>150MA:0|현재가>200MA:0|150MA>200MA:0|200MA상승중:0|현재가>50MA:1|52주저점+25%:0|52주고점-30%:0,,0.0,,
118000,메타케어,KOSPI,1229.0,199.8,0.3,False,False,False,0,D,0.0,0.0,0.0,0.0,트렌드 미통과,현재가>150MA:1|현재가>200MA:1|150MA>200MA:1|200MA상승중:1|현재가>50MA:0|52주저점+25%:1|52주고점-30%:0,,0.0,,
017180,명문제약,KOSPI,1244.0,-19.5,5.5,False,False,False,0,D,0.0,0.0,0.0,0.0,트렌드 미통과,현재가>150MA:0|현재가>200MA:0|150MA>200MA:0|200MA상승중:0|현재가>50MA:1|52주저점+25%:0|52주고점-30%:0,,0.0,,
009900,명신산업,KOSPI,8090.0,-5.2,26.5,False,False,False,0,D,0.0,0.0,0.0,0.0,트렌드 미통과,현재가>150MA:0|현재가>200MA:0|150MA>200MA:0|200MA상승중:0|현재가>50MA:1|52주저점+25%:1|52주고점-30%:0,,0.0,,
012690,모나리자,KOSPI,1402.0,-23.6,3.3,False,False,False,0,D,0.0,0.0,0.0,0.0,트렌드 미통과,현재가>150MA:0|현재가>200MA:0|150MA>200MA:0|200MA상승중:0|현재가>50MA:0|52주저점+25%:0|52주고점-30%:0,,0.0,,
005360,모나미,KOSPI,1173.0,-23.9,2.8,False,False,False,0,D,0.0,0.0,0.0,0.0,트렌드 미통과,현재가>150MA:0|현재가>200MA:0|150MA>200MA:0|200MA상승중:0|현재가>50MA:0|52주저점+25%:0|52주고점-30%:0,,0.0,,
070960,모나용평,KOSPI,2035.0,-28.8,0.9,False,False,False,0,D,0.0,0.0,0.0,0.0,트렌드 미통과,현재가>150MA:0|현재가>200MA:0|150MA>200MA:0|200MA상승중:0|현재가>50MA:0|52주저점+25%:0|52주고점-30%:0,,0.0,,
009680,모토닉,KOSPI,10140.0,-2.1,1.2,False,False,False,0,D,0.0,0.0,0.0,0.0,트렌드 미통과,현재가>150MA:0|현재가>200MA:0|150MA>200MA:0|200MA상승중:0|현재가>50MA:1|52주저점+25%:0|52주고점-30%:1,,0.0,,
009580,무림P&P,KOSPI,1707.0,-18.7,28.2,False,False,False,0,D,0.0,0.0,0.0,0.0,트렌드 미통과,현재가>150MA:0|현재가>200MA:0|150MA>200MA:0|200MA상승중:0|현재가>50MA:1|52주저점+25%:0|52주고점-30%:0,,0.0,,
009200,무림페이퍼,KOSPI,1506.0,-12.0,1.7,False,False,False,0,D,0.0,0.0,0.0,0.0,트렌드 미통과,현재가>150MA:0|현재가>200MA:0|150MA>200MA:0|200MA상승중:0|현재가>50MA:1|52주저점+25%:0|52주고점-30%:0,,0.0,,
033920,무학,KOSPI,7400.0,-8.6,1.3,False,False,False,0,D,0.0,0.0,0.0,0.0,트렌드 미통과,현재가>150MA:0|현재가>200MA:0|150MA>200MA:0|200MA상승중:0|현재가>50MA:0|52주저점+25%:0|52주고점-30%:1,,0.0,,
008420,문배철강,KOSPI,2060.0,-9.7,3.3,False,False,False,0,D,0.0,0.0,0.0,0.0,트렌드 미통과,현재가>150MA:0|현재가>200MA:0|150MA>200MA:1|200MA상승중:1|현재가>50MA:0|52주저점+25%:0|52주고점-30%:0,,0.0,,
025560,미래산업,KOSPI,7550.0,-56.3,26.7,False,False,False,0,D,0.0,0.0,0.0,0.0,트렌드 미통과,현재가>150MA:0|현재가>200MA:0|150MA>200MA:1|200MA상승중:0|현재가>50MA:0|52주저점+25%:1|52주고점-30%:0,,0.0,,
007120,미래아이앤지,KOSPI,1031.0,-11.3,0.4,False,False,False,0,D,0.0,0.0,0.0,0.0,트렌드 미통과,현재가>150MA:0|현재가>200MA:0|150MA>200MA:1|200MA상승중:1|현재가>50MA:0|52주저점+25%:1|52주고점-30%:0,,0.0,,
396690,미래에셋글로벌리츠,KOSPI,1347.0,-32.8,1.3,False,False,False,0,D,0.0,0.0,0.0,0.0,트렌드 미통과,현재가>150MA:0|현재가>200MA:0|150MA>200MA:0|200MA상승중:0|현재가>50MA:0|52주저점+25%:0|52주고점-30%:0,,0.0,,
357250,미래에셋맵스리츠,KOSPI,1849.0,-15.7,0.6,False,False,False,0,D,0.0,0.0,0.0,0.0,트렌드 미통과,현재가>150MA:0|현재가>200MA:0|150MA>200MA:0|200MA상승중:0|현재가>50MA:0|52주저점+25%:0|52주고점-30%:0,,0.0,,
085620,미래에셋생명,KOSPI,19050.0,49.5,34.6,False,False,False,0,D,0.0,0.0,0.0,0.0,트렌드 미통과,현재가>150MA:1|현재가>200MA:1|150MA>200MA:1|200MA상승중:1|현재가>50MA:0|52주저점+25%:1|52주고점-30%:0,,0.0,,
006800,미래에셋증권,KOSPI,31150.0,-6.1,346.4,False,False,False,0,D,0.0,0.0,0.0,0.0,트렌드 미통과,현재가>150MA:0|현재가>200MA:0|150MA>200MA:1|200MA상승중:1|현재가>50MA:0|52주저점+25%:1|52주고점-30%:0,,0.0,,
00680K,미래에셋증권2우B,KOSPI,10230.0,-20.7,21.1,False,False,False,0,D,0.0,0.0,0.0,0.0,트렌드 미통과,현재가>150MA:0|현재가>200MA:0|150MA>200MA:1|200MA상승중:1|현재가>50MA:0|52주저점+25%:0|52주고점-30%:0,,0.0,,
006805,미래에셋증권우,KOSPI,11260.0,-20.6,3.5,False,False,False,0,D,0.0,0.0,0.0,0.0,트렌드 미통과,현재가>150MA:0|현재가>200MA:0|150MA>200MA:1|200MA상승중:1|현재가>50MA:0|52주저점+25%:0|52주고점-30%:0,,0.0,,
002840,미원상사,KOSPI,137000.0,0.1,2.8,False,False,False,0,D,0.0,0.0,0.0,0.0,트렌드 미통과,현재가>150MA:1|현재가>200MA:1|150MA>200MA:0|200MA상승중:0|현재가>50MA:1|52주저점+25%:0|52주고점-30%:1,,0.0,,
268280,미원에스씨,KOSPI,132600.0,10.9,1.7,False,False,False,0,D,0.0,0.0,0.0,0.0,트렌드 미통과,현재가>150MA:1|현재가>200MA:1|150MA>200MA:0|200MA상승중:0|현재가>50MA:1|52주저점+25%:1|52주고점-30%:1,,0.0,,
107590,미원홀딩스,KOSPI,61000.0,-0.7,0.1,False,False,False,0,D,0.0,0.0,0.0,0.0,트렌드 미통과,현재가>150MA:1|현재가>200MA:0|150MA>200MA:0|200MA상승중:0|현재가>50MA:1|52주저점+25%:0|52주고점-30%:1,,0.0,,
134380,미원화학,KOSPI,10150.0,-53.1,0.7,False,False,False,0,D,0.0,0.0,0.0,0.0,트렌드 미통과,현재가>150MA:0|현재가>200MA:0|150MA>200MA:0|200MA상승중:0|현재가>50MA:0|52주저점+25%:0|52주고점-30%:0,,0.0,,
003650,미창석유,KOSPI,124200.0,4.2,3.1,False,False,False,0,D,0.0,0.0,0.0,0.0,트렌드 미통과,현재가>150MA:0|현재가>200MA:0|150MA>200MA:1|200MA상승중:1|현재가>50MA:0|52주저점+25%:0|52주고점-30%:1,,0.0,,
377740,바이오노트,KOSPI,4645.0,-9.8,1.8,False,False,False,0,D,0.0,0.0,0.0,0.0,트렌드 미통과,현재가>150MA:0|현재가>200MA:0|150MA>200MA:0|200MA상승중:0|현재가>50MA:0|52주저점+25%:0|52주고점-30%:1,,0.0,,
003610,방림,KOSPI,5430.0,2.9,3.8,False,False,False,0,D,0.0,0.0,0.0,0.0,트렌드 미통과,현재가>150MA:1|현재가>200MA:0|150MA>200MA:0|200MA상승중:1|현재가>50MA:0|52주저점+25%:0|52주고점-30%:1,,0.0,,
001340,PKC,KOSPI,4980.0,-18.6,4.0,False,False,False,0,D,0.0,0.0,0.0,0.0,트렌드 미통과,현재가>150MA:0|현재가>200MA:0|150MA>200MA:1|200MA상승중:0|현재가>50MA:1|52주저점+25%:0|52주고점-30%:0,,0.0,,
035150,백산,KOSPI,10350.0,-11.1,1.2,False,False,False,0,D,0.0,0.0,0.0,0.0,트렌드 미통과,현재가>150MA:0|현재가>200MA:0|150MA>200MA:0|200MA상승중:0|현재가>50MA:0|52주저점+25%:0|52주고점-30%:1,,0.0,,
002410,범양건영,KOSPI,1935.0,0.3,0.0,False,False,False,0,D,0.0,0.0,0.0,0.0,트렌드 미통과,현재가>150MA:0|현재가>200MA:0|150MA>200MA:0|200MA상승중:0|현재가>50MA:0|52주저점+25%:0|52주고점-30%:1,,0.0,,
007210,벽산,KOSPI,1431.0,-17.5,0.9,False,False,False,0,D,0.0,0.0,0.0,0.0,트렌드 미통과,현재가>150MA:0|현재가>200MA:0|150MA>200MA:0|200MA상승중:0|현재가>50MA:0|52주저점+25%:0|52주고점-30%:0,,0.0,,
002760,보락,KOSPI,1004.0,2.9,0.6,False,False,False,0,D,0.0,0.0,0.0,0.0,트렌드 미통과,현재가>150MA:0|현재가>200MA:0|150MA>200MA:0|200MA상승중:0|현재가>50MA:1|52주저점+25%:0|52주고점-30%:1,,0.0,,
003850,보령,KOSPI,8270.0,-6.9,11.1,False,False,False,0,D,0.0,0.0,0.0,0.0,트렌드 미통과,현재가>150MA:0|현재가>200MA:0|150MA>200MA:0|200MA상승중:1|현재가>50MA:0|52주저점+25%:0|52주고점-30%:1,,0.0,,
000890,보해양조,KOSPI,1289.0,102.8,10.2,False,False,False,0,D,0.0,0.0,0.0,0.0,트렌드 미통과,현재가>150MA:1|현재가>200MA:1|150MA>200MA:1|200MA상승중:1|현재가>50MA:0|52주저점+25%:1|52주고점-30%:0,,0.0,,
003000,부광약품,KOSPI,3970.0,-12.8,24.5,False,False,False,0,D,0.0,0.0,0.0,0.0,트렌드 미통과,현재가>150MA:0|현재가>200MA:0|150MA>200MA:1|200MA상승중:1|현재가>50MA:0|52주저점+25%:0|52주고점-30%:0,,0.0,,
001270,부국증권,KOSPI,50500.0,-20.5,3.3,False,False,False,0,D,0.0,0.0,0.0,0.0,트렌드 미통과,현재가>150MA:0|현재가>200MA:0|150MA>200MA:1|200MA상승중:0|현재가>50MA:0|52주저점+25%:0|52주고점-30%:0,,0.0,,
001275,부국증권우,KOSPI,30150.0,-1.4,0.2,False,False,False,0,D,0.0,0.0,0.0,0.0,트렌드 미통과,현재가>150MA:0|현재가>200MA:0|150MA>200MA:1|200MA상승중:1|현재가>50MA:0|52주저점+25%:0|52주고점-30%:1,,0.0,,
026940,부국철강,KOSPI,2065.0,-12.2,17.2,False,False,False,0,D,0.0,0.0,0.0,0.0,트렌드 미통과,현재가>150MA:0|현재가>200MA:0|150MA>200MA:1|200MA상승중:1|현재가>50MA:0|52주저점+25%:0|52주고점-30%:0,,0.0,,
011390,부산산업,KOSPI,45200.0,-25.6,4.3,False,False,False,0,D,0.0,0.0,0.0,0.0,트렌드 미통과,현재가>150MA:0|현재가>200MA:0|150MA>200MA:0|200MA상승중:0|현재가>50MA:0|52주저점+25%:1|52주고점-30%:0,,0.0,,
005030,부산주공,KOSPI,37.0,-92.1,0.5,False,False,False,0,D,0.0,0.0,0.0,0.0,트렌드 미통과,현재가>150MA:0|현재가>200MA:0|150MA>200MA:0|200MA상승중:0|현재가>50MA:0|52주저점+25%:0|52주고점-30%:0,,0.0,,
002070,비비안,KOSPI,3800.0,342.1,5.2,False,False,False,0,D,0.0,0.0,0.0,0.0,트렌드 미통과,현재가>150MA:0|현재가>200MA:1|150MA>200MA:1|200MA상승중:1|현재가>50MA:0|52주저점+25%:1|52주고점-30%:0,,0.0,,
100220,비상교육,KOSPI,5000.0,-5.5,1.3,False,False,False,0,D,0.0,0.0,0.0,0.0,트렌드 미통과,현재가>150MA:0|현재가>200MA:0|150MA>200MA:1|200MA상승중:0|현재가>50MA:1|52주저점+25%:0|52주고점-30%:0,,0.0,,
090460,비에이치,KOSPI,20500.0,3.9,292.1,False,False,False,0,D,0.0,0.0,0.0,0.0,트렌드 미통과,현재가>150MA:0|현재가>200MA:0|150MA>200MA:1|200MA상승중:1|현재가>50MA:1|52주저점+25%:1|52주고점-30%:0,,0.0,,
005180,빙그레,KOSPI,86800.0,22.1,52.7,False,False,False,0,D,0.0,0.0,0.0,0.0,트렌드 미통과,현재가>150MA:1|현재가>200MA:1|150MA>200MA:0|200MA상승중:1|현재가>50MA:1|52주저점+25%:1|52주고점-30%:1,,0.0,,
003960,사조대림,KOSPI,27050.0,-16.5,0.8,False,False,False,0,D,0.0,0.0,0.0,0.0,트렌드 미통과,현재가>150MA:0|현재가>200MA:0|150MA>200MA:0|200MA상승중:0|현재가>50MA:0|52주저점+25%:0|52주고점-30%:0,,0.0,,
008040,사조동아원,KOSPI,7880.0,682.5,4.6,True,False,False,64,C,0.0,0.0,0.0,0.0,핸들 깊이 깊음(16.1%),현재가>150MA:1|현재가>200MA:1|150MA>200MA:1|200MA상승중:1|현재가>50MA:1|52주저점+25%:1|52주고점-30%:1,,0.0,,
007160,사조산업,KOSPI,48250.0,-3.2,0.9,False,False,False,0,D,0.0,0.0,0.0,0.0,트렌드 미통과,현재가>150MA:0|현재가>200MA:0|150MA>200MA:0|200MA상승중:1|현재가>50MA:0|52주저점+25%:0|52주고점-30%:0,,0.0,,
014710,사조씨푸드,KOSPI,9970.0,22.8,0.6,False,False,False,0,D,0.0,0.0,0.0,0.0,트렌드 미통과,현재가>150MA:1|현재가>200MA:1|150MA>200MA:0|200MA상승중:1|현재가>50MA:0|52주저점+25%:1|52주고점-30%:1,,0.0,,
006090,사조오양,KOSPI,8880.0,2.8,0.5,False,False,False,0,D,0.0,0.0,0.0,0.0,트렌드 미통과,현재가>150MA:1|현재가>200MA:1|150MA>200MA:0|200MA상승중:0|현재가>50MA:1|52주저점+25%:0|52주고점-30%:1,,0.0,,
062040,산일전기,KOSPI,206000.0,26.7,540.9,False,False,False,0,D,0.0,0.0,0.0,0.0,트렌드 미통과,현재가>150MA:1|현재가>200MA:1|150MA>200MA:1|200MA상승중:1|현재가>50MA:1|52주저점+25%:1|52주고점-30%:0,,0.0,,
001470,삼부토건,KOSPI,5820.0,1577.5,0.0,True,False,False,64,C,0.0,0.0,0.0,0.0,컵 깊이 얕음(0.0%),현재가>150MA:1|현재가>200MA:1|150MA>200MA:1|200MA상승중:1|현재가>50MA:1|52주저점+25%:1|52주고점-30%:1,,0.0,,
028050,삼성E&A,KOSPI,47150.0,39.5,858.5,False,False,False,0,D,0.0,0.0,0.0,0.0,트렌드 미통과,현재가>150MA:1|현재가>200MA:1|150MA>200MA:1|200MA상승중:1|현재가>50MA:0|52주저점+25%:1|52주고점-30%:1,,0.0,,
448730,삼성FN리츠,KOSPI,4990.0,0.3,5.8,False,False,False,0,D,0.0,0.0,0.0,0.0,트렌드 미통과,현재가>150MA:0|현재가>200MA:0|150MA>200MA:1|200MA상승중:1|현재가>50MA:0|52주저점+25%:0|52주고점-30%:0,,0.0,,
006400,삼성SDI,KOSPI,511000.0,53.6,2143.5,False,False,False,0,D,0.0,0.0,0.0,0.0,트렌드 미통과,현재가>150MA:1|현재가>200MA:1|150MA>200MA:1|200MA상승중:1|현재가>50MA:1|52주저점+25%:1|52주고점-30%:1,,0.0,,
006405,삼성SDI우,KOSPI,206000.0,11.2,10.4,False,False,False,0,D,0.0,0.0,0.0,0.0,트렌드 미통과,현재가>150MA:0|현재가>200MA:0|150MA>200MA:1|200MA상승중:1|현재가>50MA:1|52주저점+25%:1|52주고점-30%:0,,0.0,,
006660,삼성공조,KOSPI,12780.0,11.2,35.3,False,False,False,0,D,0.0,0.0,0.0,0.0,트렌드 미통과,현재가>150MA:1|현재가>200MA:1|150MA>200MA:0|200MA상승중:0|현재가>50MA:1|52주저점+25%:1|52주고점-30%:1,,0.0,,
028260,삼성물산,KOSPI,345000.0,18.4,1221.3,False,False,False,0,D,0.0,0.0,0.0,0.0,트렌드 미통과,현재가>150MA:0|현재가>200MA:1|150MA>200MA:1|200MA상승중:1|현재가>50MA:0|52주저점+25%:1|52주고점-30%:0,,0.0,,
02826K,삼성물산우B,KOSPI,234000.0,27.5,11.3,True,False,False,64,C,0.0,0.0,0.0,0.0,컵 기간 짧음(4일),현재가>150MA:1|현재가>200MA:1|150MA>200MA:1|200MA상승중:1|현재가>50MA:1|52주저점+25%:1|52주고점-30%:1,,0.0,,
207940,삼성바이오로직스,KOSPI,1385000.0,-1.4,532.6,False,False,False,0,D,0.0,0.0,0.0,0.0,트렌드 미통과,현재가>150MA:0|현재가>200MA:0|150MA>200MA:0|200MA상승중:1|현재가>50MA:0|52주저점+25%:1|52주고점-30%:1,,0.0,,
032830,삼성생명,KOSPI,290500.0,29.3,930.6,False,False,False,0,D,0.0,0.0,0.0,0.0,트렌드 미통과,현재가>150MA:0|현재가>200MA:1|150MA>200MA:1|200MA상승중:1|현재가>50MA:0|52주저점+25%:1|52주고점-30%:0,,0.0,,
018260,삼성에스디에스,KOSPI,216500.0,22.9,378.9,False,False,False,0,D,0.0,0.0,0.0,0.0,트렌드 미통과,현재가>150MA:1|현재가>200MA:1|150MA>200MA:1|200MA상승중:1|현재가>50MA:0|52주저점+25%:1|52주고점-30%:0,,0.0,,
009150,삼성전기,KOSPI,1528000.0,279.1,8388.2,False,False,False,0,D,0.0,0.0,0.0,0.0,트렌드 미통과,현재가>150MA:1|현재가>200MA:1|150MA>200MA:1|200MA상승중:1|현재가>50MA:1|52주저점+25%:1|52주고점-30%:0,,0.0,,
009155,삼성전기우,KOSPI,530000.0,200.7,157.7,False,False,False,0,D,0.0,0.0,0.0,0.0,트렌드 미통과,현재가>150MA:1|현재가>200MA:1|150MA>200MA:1|200MA상승중:1|현재가>50MA:1|52주저점+25%:1|52주고점-30%:0,,0.0,,
005930,삼성전자,KOSPI,272500.0,86.2,44880.1,True,False,False,64,C,0.0,0.0,0.0,0.0,컵 깊이 얕음(8.4%),현재가>150MA:1|현재가>200MA:1|150MA>200MA:1|200MA상승중:1|현재가>50MA:1|52주저점+25%:1|52주고점-30%:1,,0.0,,
005935,삼성전자우,KOSPI,204000.0,86.6,7306.3,True,False,False,64,C,0.0,0.0,0.0,0.0,컵 깊이 얕음(7.6%),현재가>150MA:1|현재가>200MA:1|150MA>200MA:1|200MA상승중:1|현재가>50MA:1|52주저점+25%:1|52주고점-30%:1,,0.0,,
001360,삼성제약,KOSPI,1290.0,-17.6,3.8,False,False,False,0,D,0.0,0.0,0.0,0.0,트렌드 미통과,현재가>150MA:0|현재가>200MA:0|150MA>200MA:0|200MA상승중:0|현재가>50MA:0|52주저점+25%:0|52주고점-30%:0,,0.0,,
010140,삼성중공업,KOSPI,19330.0,-19.3,661.3,False,False,False,0,D,0.0,0.0,0.0,0.0,트렌드 미통과,현재가>150MA:0|현재가>200MA:0|150MA>200MA:0|200MA상승중:0|현재가>50MA:0|52주저점+25%:0|52주고점-30%:0,,0.0,,
016360,삼성증권,KOSPI,88500.0,-2.9,244.3,False,False,False,0,D,0.0,0.0,0.0,0.0,트렌드 미통과,현재가>150MA:0|현재가>200MA:0|150MA>200MA:1|200MA상승중:1|현재가>50MA:0|52주저점+25%:0|52주고점-30%:0,,0.0,,
068290,삼성출판사,KOSPI,6150.0,-29.6,0.5,False,False,False,0,D,0.0,0.0,0.0,0.0,트렌드 미통과,현재가>150MA:0|현재가>200MA:0|150MA>200MA:0|200MA상승중:0|현재가>50MA:0|52주저점+25%:0|52주고점-30%:0,,0.0,,
029780,삼성카드,KOSPI,42500.0,-16.3,54.6,False,False,False,0,D,0.0,0.0,0.0,0.0,트렌드 미통과,현재가>150MA:0|현재가>200MA:0|150MA>200MA:0|200MA상승중:0|현재가>50MA:0|52주저점+25%:0|52주고점-30%:0,,0.0,,
000810,삼성화재,KOSPI,653000.0,25.8,665.4,True,False,False,64,C,0.0,0.0,0.0,0.0,핸들 기간 김(80일),현재가>150MA:1|현재가>200MA:1|150MA>200MA:1|200MA상승중:1|현재가>50MA:1|52주저점+25%:1|52주고점-30%:1,,0.0,,
000815,삼성화재우,KOSPI,403000.0,6.0,40.0,False,False,False,0,D,0.0,0.0,0.0,0.0,트렌드 미통과,현재가>150MA:1|현재가>200MA:1|150MA>200MA:1|200MA상승중:1|현재가>50MA:0|52주저점+25%:0|52주고점-30%:1,,0.0,,
006110,삼아알미늄,KOSPI,58100.0,91.7,99.4,False,False,False,0,D,0.0,0.0,0.0,0.0,트렌드 미통과,현재가>150MA:1|현재가>200MA:1|150MA>200MA:1|200MA상승중:1|현재가>50MA:1|52주저점+25%:1|52주고점-30%:0,,0.0,,
145990,삼양사,KOSPI,46000.0,-2.3,4.9,False,False,False,0,D,0.0,0.0,0.0,0.0,트렌드 미통과,현재가>150MA:1|현재가>200MA:0|150MA>200MA:0|200MA상승중:0|현재가>50MA:1|52주저점+25%:0|52주고점-30%:1,,0.0,,
145995,삼양사우,KOSPI,33350.0,-3.3,0.1,False,False,False,0,D,0.0,0.0,0.0,0.0,트렌드 미통과,현재가>150MA:1|현재가>200MA:0|150MA>200MA:0|200MA상승중:0|현재가>50MA:1|52주저점+25%:0|52주고점-30%:1,,0.0,,
003230,삼양식품,KOSPI,1225000.0,-2.4,662.9,False,False,False,0,D,0.0,0.0,0.0,0.0,트렌드 미통과,현재가>150MA:0|현재가>200MA:0|150MA>200MA:1|200MA상승중:0|현재가>50MA:0|52주저점+25%:0|52주고점-30%:1,,0.0,,
002170,SYTS,KOSPI,52200.0,-6.0,1.1,False,False,False,0,D,0.0,0.0,0.0,0.0,트렌드 미통과,현재가>150MA:0|현재가>200MA:0|150MA>200MA:1|200MA상승중:1|현재가>50MA:0|52주저점+25%:0|52주고점-30%:1,,0.0,,
272550,삼양패키징,KOSPI,9840.0,-12.2,1.2,False,False,False,0,D,0.0,0.0,0.0,0.0,트렌드 미통과,현재가>150MA:0|현재가>200MA:0|150MA>200MA:0|200MA상승중:0|현재가>50MA:1|52주저점+25%:0|52주고점-30%:0,,0.0,,
000070,삼양홀딩스,KOSPI,57800.0,-9.1,3.3,False,False,False,0,D,0.0,0.0,0.0,0.0,트렌드 미통과,현재가>150MA:0|현재가>200MA:0|150MA>200MA:1|200MA상승중:0|현재가>50MA:0|52주저점+25%:0|52주고점-30%:0,,0.0,,
003720,삼영,KOSPI,6330.0,-1.9,8.4,False,False,False,0,D,0.0,0.0,0.0,0.0,트렌드 미통과,현재가>150MA:0|현재가>200MA:0|150MA>200MA:1|200MA상승중:1|현재가>50MA:0|52주저점+25%:1|52주고점-30%:0,,0.0,,
002810,삼영무역,KOSPI,21650.0,19.0,3.4,False,False,False,0,D,0.0,0.0,0.0,0.0,트렌드 미통과,현재가>150MA:1|현재가>200MA:1|150MA>200MA:1|200MA상승중:1|현재가>50MA:0|52주저점+25%:1|52주고점-30%:1,,0.0,,
005680,삼영전자,KOSPI,12700.0,-2.2,2.6,False,False,False,0,D,0.0,0.0,0.0,0.0,트렌드 미통과,현재가>150MA:0|현재가>200MA:0|150MA>200MA:1|200MA상승중:1|현재가>50MA:0|52주저점+25%:1|52주고점-30%:1,,0.0,,
023000,삼원강재,KOSPI,2200.0,-3.5,0.4,False,False,False,0,D,0.0,0.0,0.0,0.0,트렌드 미통과,현재가>150MA:0|현재가>200MA:0|150MA>200MA:0|200MA상승중:0|현재가>50MA:0|52주저점+25%:0|52주고점-30%:1,,0.0,,
004380,삼익THK,KOSPI,7470.0,-17.4,1.7,False,False,False,0,D,0.0,0.0,0.0,0.0,트렌드 미통과,현재가>150MA:0|현재가>200MA:0|150MA>200MA:0|200MA상승중:0|현재가>50MA:0|52주저점+25%:0|52주고점-30%:0,,0.0,,
002450,삼익악기,KOSPI,1088.0,-12.2,1.2,False,False,False,0,D,0.0,0.0,0.0,0.0,트렌드 미통과,현재가>150MA:0|현재가>200MA:0|150MA>200MA:0|200MA상승중:0|현재가>50MA:0|52주저점+25%:0|52주고점-30%:1,,0.0,,
004440,삼일씨엔에스,KOSPI,5390.0,-6.5,5.4,False,False,False,0,D,0.0,0.0,0.0,0.0,트렌드 미통과,현재가>150MA:0|현재가>200MA:0|150MA>200MA:1|200MA상승중:1|현재가>50MA:1|52주저점+25%:1|52주고점-30%:0,,0.0,,
000520,삼일제약,KOSPI,8100.0,-6.4,7.0,False,False,False,0,D,0.0,0.0,0.0,0.0,트렌드 미통과,현재가>150MA:1|현재가>200MA:0|150MA>200MA:0|200MA상승중:0|현재가>50MA:1|52주저점+25%:1|52주고점-30%:0,,0.0,,
009770,삼정펄프,KOSPI,28000.0,-2.9,0.3,False,False,False,0,D,0.0,0.0,0.0,0.0,트렌드 미통과,현재가>150MA:0|현재가>200MA:0|150MA>200MA:0|200MA상승중:0|현재가>50MA:1|52주저점+25%:0|52주고점-30%:1,,0.0,,
005500,삼진제약,KOSPI,18730.0,-1.9,4.2,False,False,False,0,D,0.0,0.0,0.0,0.0,트렌드 미통과,현재가>150MA:1|현재가>200MA:0|150MA>200MA:0|200MA상승중:0|현재가>50MA:1|52주저점+25%:0|52주고점-30%:1,,0.0,,
004690,삼천리,KOSPI,131000.0,2.1,8.3,False,False,False,0,D,0.0,0.0,0.0,0.0,트렌드 미통과,현재가>150MA:1|현재가>200MA:1|150MA>200MA:0|200MA상승중:1|현재가>50MA:1|52주저점+25%:0|52주고점-30%:1,,0.0,,
010960,삼호개발,KOSPI,3075.0,-16.1,3.4,False,False,False,0,D,0.0,0.0,0.0,0.0,트렌드 미통과,현재가>150MA:0|현재가>200MA:0|150MA>200MA:0|200MA상승중:0|현재가>50MA:0|52주저점+25%:0|52주고점-30%:0,,0.0,,
004450,삼화왕관,KOSPI,28500.0,-1.3,0.7,False,False,False,0,D,0.0,0.0,0.0,0.0,트렌드 미통과,현재가>150MA:1|현재가>200MA:1|150MA>200MA:0|200MA상승중:0|현재가>50MA:1|52주저점+25%:0|52주고점-30%:1,,0.0,,
009470,삼화전기,KOSPI,26950.0,-13.4,16.7,False,False,False,0,D,0.0,0.0,0.0,0.0,트렌드 미통과,현재가>150MA:0|현재가>200MA:0|150MA>200MA:0|200MA상승중:0|현재가>50MA:1|52주저점+25%:1|52주고점-30%:0,,0.0,,
011230,삼화전자,KOSPI,2675.0,-1.1,12.0,False,False,False,0,D,0.0,0.0,0.0,0.0,트렌드 미통과,현재가>150MA:0|현재가>200MA:0|150MA>200MA:0|200MA상승중:0|현재가>50MA:0|52주저점+25%:1|52주고점-30%:0,,0.0,,
001820,삼화콘덴서,KOSPI,157500.0,199.9,1410.9,True,False,False,64,C,0.0,0.0,0.0,0.0,핸들 기간 짧음,현재가>150MA:1|현재가>200MA:1|150MA>200MA:1|200MA상승중:1|현재가>50MA:1|52주저점+25%:1|52주고점-30%:1,,0.0,,
000390,SP삼화,KOSPI,7130.0,1.2,5.5,False,False,False,0,D,0.0,0.0,0.0,0.0,트렌드 미통과,현재가>150MA:0|현재가>200MA:0|150MA>200MA:1|200MA상승중:1|현재가>50MA:1|52주저점+25%:1|52주고점-30%:0,,0.0,,
001290,상상인증권,KOSPI,4120.0,392.3,2.2,True,False,False,64,C,0.0,0.0,0.0,0.0,컵 깊이 깊음(62.3%),현재가>150MA:1|현재가>200MA:1|150MA>200MA:1|200MA상승중:1|현재가>50MA:1|52주저점+25%:1|52주고점-30%:1,,0.0,,
041650,상신브레이크,KOSPI,2175.0,-11.4,0.2,False,False,False,0,D,0.0,0.0,0.0,0.0,트렌드 미통과,현재가>150MA:0|현재가>200MA:0|150MA>200MA:0|200MA상승중:0|현재가>50MA:0|52주저점+25%:0|52주고점-30%:1,,0.0,,
075180,새론오토모티브,KOSPI,2930.0,-4.8,0.7,False,False,False,0,D,0.0,0.0,0.0,0.0,트렌드 미통과,현재가>150MA:0|현재가>200MA:0|150MA>200MA:0|200MA상승중:0|현재가>50MA:0|52주저점+25%:0|52주고점-30%:1,,0.0,,
007540,샘표,KOSPI,46850.0,-1.2,45.1,False,False,False,0,D,0.0,0.0,0.0,0.0,트렌드 미통과,현재가>150MA:0|현재가>200MA:0|150MA>200MA:0|200MA상승중:0|현재가>50MA:1|52주저점+25%:0|52주고점-30%:1,,0.0,,
248170,샘표식품,KOSPI,22100.0,-12.2,70.9,False,False,False,0,D,0.0,0.0,0.0,0.0,트렌드 미통과,현재가>150MA:0|현재가>200MA:0|150MA>200MA:0|200MA상승중:0|현재가>50MA:0|52주저점+25%:0|52주고점-30%:1,,0.0,,
007860,서연,KOSPI,7570.0,-15.5,1.8,False,False,False,0,D,0.0,0.0,0.0,0.0,트렌드 미통과,현재가>150MA:0|현재가>200MA:0|150MA>200MA:0|200MA상승중:0|현재가>50MA:0|52주저점+25%:0|52주고점-30%:0,,0.0,,
200880,서연이화,KOSPI,10800.0,-9.6,3.1,False,False,False,0,D,0.0,0.0,0.0,0.0,트렌드 미통과,현재가>150MA:0|현재가>200MA:0|150MA>200MA:0|200MA상승중:0|현재가>50MA:0|52주저점+25%:0|52주고점-30%:0,,0.0,,
017390,서울가스,KOSPI,54300.0,-10.1,3.0,False,False,False,0,D,0.0,0.0,0.0,0.0,트렌드 미통과,현재가>150MA:0|현재가>200MA:0|150MA>200MA:0|200MA상승중:0|현재가>50MA:0|52주저점+25%:0|52주고점-30%:1,,0.0,,
004410,서울식품,KOSPI,1220.0,400.7,1.5,True,False,False,64,C,0.0,0.0,0.0,0.0,핸들 기간 김(88일),현재가>150MA:1|현재가>200MA:1|150MA>200MA:1|200MA상승중:1|현재가>50MA:1|52주저점+25%:1|52주고점-30%:1,,0.0,,
004415,서울식품우,KOSPI,4100.0,124.5,0.2,False,False,False,0,D,0.0,0.0,0.0,0.0,트렌드 미통과,현재가>150MA:1|현재가>200MA:1|150MA>200MA:1|200MA상승중:1|현재가>50MA:0|52주저점+25%:1|52주고점-30%:0,,0.0,,
021050,서원,KOSPI,1066.0,-4.1,1.5,False,False,False,0,D,0.0,0.0,0.0,0.0,트렌드 미통과,현재가>150MA:0|현재가>200MA:0|150MA>200MA:1|200MA상승중:1|현재가>50MA:0|52주저점+25%:0|52주고점-30%:0,,0.0,,
008490,서흥,KOSPI,20050.0,0.1,3.0,False,False,False,0,D,0.0,0.0,0.0,0.0,트렌드 미통과,현재가>150MA:0|현재가>200MA:0|150MA>200MA:0|200MA상승중:0|현재가>50MA:0|52주저점+25%:0|52주고점-30%:0,,0.0,,
007610,선도전기,KOSPI,4340.0,32.0,38.6,False,False,False,0,D,0.0,0.0,0.0,0.0,트렌드 미통과,현재가>150MA:0|현재가>200MA:0|150MA>200MA:1|200MA상승중:1|현재가>50MA:1|52주저점+25%:1|52주고점-30%:0,,0.0,,
136490,선진,KOSPI,10110.0,1.7,8.3,False,False,False,0,D,0.0,0.0,0.0,0.0,트렌드 미통과,현재가>150MA:0|현재가>200MA:0|150MA>200MA:0|200MA상승중:1|현재가>50MA:0|52주저점+25%:0|52주고점-30%:1,,0.0,,
014910,성문전자,KOSPI,1947.0,24.8,7.7,False,False,False,0,D,0.0,0.0,0.0,0.0,트렌드 미통과,현재가>150MA:0|현재가>200MA:0|150MA>200MA:1|200MA상승중:1|현재가>50MA:1|52주저점+25%:1|52주고점-30%:0,,0.0,,
014915,성문전자우,KOSPI,4850.0,12.0,0.1,False,False,False,0,D,0.0,0.0,0.0,0.0,트렌드 미통과,현재가>150MA:1|현재가>200MA:1|150MA>200MA:0|200MA상승중:1|현재가>50MA:1|52주저점+25%:0|52주고점-30%:0,,0.0,,
003080,SB성보,KOSPI,2215.0,-9.1,0.4,False,False,False,0,D,0.0,0.0,0.0,0.0,트렌드 미통과,현재가>150MA:0|현재가>200MA:0|150MA>200MA:0|200MA상승중:0|현재가>50MA:0|52주저점+25%:0|52주고점-30%:1,,0.0,,
004980,성신양회,KOSPI,8290.0,-14.0,5.2,False,False,False,0,D,0.0,0.0,0.0,0.0,트렌드 미통과,현재가>150MA:0|현재가>200MA:0|150MA>200MA:0|200MA상승중:0|현재가>50MA:1|52주저점+25%:0|52주고점-30%:0,,0.0,,
004985,성신양회우,KOSPI,9020.0,-19.2,0.1,False,False,False,0,D,0.0,0.0,0.0,0.0,트렌드 미통과,현재가>150MA:0|현재가>200MA:0|150MA>200MA:0|200MA상승중:0|현재가>50MA:1|52주저점+25%:0|52주고점-30%:0,,0.0,,
011300,우성머티리얼스,KOSPI,2965.0,454.9,4.8,True,False,False,64,C,0.0,0.0,0.0,0.0,핸들 기간 김(33일),현재가>150MA:1|현재가>200MA:1|150MA>200MA:1|200MA상승중:1|현재가>50MA:1|52주저점+25%:1|52주고점-30%:1,,0.0,,
000180,성창기업지주,KOSPI,4855.0,125.6,0.7,False,False,False,0,D,0.0,0.0,0.0,0.0,트렌드 미통과,현재가>150MA:1|현재가>200MA:1|150MA>200MA:1|200MA상승중:1|현재가>50MA:0|52주저점+25%:1|52주고점-30%:0,,0.0,,
002420,우양피앤엘,KOSPI,6070.0,11.0,0.9,True,False,False,48,D,0.0,0.0,0.0,0.0,컵 기간 짧음(32일),현재가>150MA:1|현재가>200MA:1|150MA>200MA:1|200MA상승중:1|현재가>50MA:1|52주저점+25%:1|52주고점-30%:1,,0.0,,
004360,세방,KOSPI,13380.0,-4.0,2.0,False,False,False,0,D,0.0,0.0,0.0,0.0,트렌드 미통과,현재가>150MA:0|현재가>200MA:0|150MA>200MA:0|200MA상승중:0|현재가>50MA:1|52주저점+25%:0|52주고점-30%:1,,0.0,,
004365,세방우,KOSPI,9170.0,-2.5,0.2,False,False,False,0,D,0.0,0.0,0.0,0.0,트렌드 미통과,현재가>150MA:0|현재가>200MA:0|150MA>200MA:1|200MA상승중:1|현재가>50MA:0|52주저점+25%:0|52주고점-30%:1,,0.0,,
004490,세방전지,KOSPI,59700.0,1.7,62.3,False,False,False,0,D,0.0,0.0,0.0,0.0,트렌드 미통과,현재가>150MA:1|현재가>200MA:0|150MA>200MA:0|200MA상승중:1|현재가>50MA:1|52주저점+25%:1|52주고점-30%:1,,0.0,,
001430,세아베스틸지주,KOSPI,45300.0,18.5,55.5,False,False,False,0,D,0.0,0.0,0.0,0.0,트렌드 미통과,현재가>150MA:0|현재가>200MA:0|150MA>200MA:0|200MA상승중:1|현재가>50MA:1|52주저점+25%:1|52주고점-30%:0,,0.0,,
306200,세아제강,KOSPI,146200.0,15.6,12.9,False,False,False,0,D,0.0,0.0,0.0,0.0,트렌드 미통과,현재가>150MA:1|현재가>200MA:1|150MA>200MA:1|200MA상승중:1|현재가>50MA:1|52주저점+25%:1|52주고점-30%:1,,0.0,,
003030,세아제강지주,KOSPI,111200.0,-21.6,17.8,False,False,False,0,D,0.0,0.0,0.0,0.0,트렌드 미통과,현재가>150MA:0|현재가>200MA:0|150MA>200MA:1|200MA상승중:0|현재가>50MA:1|52주저점+25%:0|52주고점-30%:0,,0.0,,
058650,세아홀딩스,KOSPI,126200.0,-1.0,1.1,False,False,False,0,D,0.0,0.0,0.0,0.0,트렌드 미통과,현재가>150MA:0|현재가>200MA:0|150MA>200MA:0|200MA상승중:1|현재가>50MA:0|52주저점+25%:0|52주고점-30%:0,,0.0,,
013000,세우글로벌,KOSPI,1198.0,0.3,0.4,False,False,False,0,D,0.0,0.0,0.0,0.0,트렌드 미통과,현재가>150MA:0|현재가>200MA:0|150MA>200MA:1|200MA상승중:1|현재가>50MA:0|52주저점+25%:0|52주고점-30%:1,,0.0,,
021820,세원정공,KOSPI,10570.0,-8.5,1.0,False,False,False,0,D,0.0,0.0,0.0,0.0,트렌드 미통과,현재가>150MA:0|현재가>200MA:0|150MA>200MA:1|200MA상승중:0|현재가>50MA:1|52주저점+25%:0|52주고점-30%:0,,0.0,,
067830,세이브존I&C,KOSPI,2285.0,-16.7,0.7,False,False,False,0,D,0.0,0.0,0.0,0.0,트렌드 미통과,현재가>150MA:0|현재가>200MA:0|150MA>200MA:0|200MA상승중:0|현재가>50MA:0|52주저점+25%:0|52주고점-30%:0,,0.0,,
075580,세진중공업,KOSPI,9600.0,-42.2,12.8,False,False,False,0,D,0.0,0.0,0.0,0.0,트렌드 미통과,현재가>150MA:0|현재가>200MA:0|150MA>200MA:0|200MA상승중:0|현재가>50MA:0|52주저점+25%:0|52주고점-30%:0,,0.0,,
068270,셀트리온,KOSPI,178900.0,-1.5,714.1,False,False,False,0,D,0.0,0.0,0.0,0.0,트렌드 미통과,현재가>150MA:0|현재가>200MA:0|150MA>200MA:0|200MA상승중:0|현재가>50MA:0|52주저점+25%:0|52주고점-30%:1,,0.0,,
336370,솔루스첨단소재,KOSPI,7670.0,-8.9,17.5,False,False,False,0,D,0.0,0.0,0.0,0.0,트렌드 미통과,현재가>150MA:0|현재가>200MA:0|150MA>200MA:1|200MA상승중:0|현재가>50MA:1|52주저점+25%:1|52주고점-30%:0,,0.0,,
33637K,솔루스첨단소재1우,KOSPI,1495.0,-19.8,0.2,False,False,False,0,D,0.0,0.0,0.0,0.0,트렌드 미통과,현재가>150MA:0|현재가>200MA:0|150MA>200MA:0|200MA상승중:0|현재가>50MA:1|52주저점+25%:0|52주고점-30%:0,,0.0,,
33637L,솔루스첨단소재2우B,KOSPI,2270.0,-21.0,0.0,False,False,False,0,D,0.0,0.0,0.0,0.0,트렌드 미통과,현재가>150MA:0|현재가>200MA:0|150MA>200MA:0|200MA상승중:0|현재가>50MA:1|52주저점+25%:1|52주고점-30%:0,,0.0,,
248070,솔루엠,KOSPI,13040.0,-22.5,10.2,False,False,False,0,D,0.0,0.0,0.0,0.0,트렌드 미통과,현재가>150MA:0|현재가>200MA:0|150MA>200MA:1|200MA상승중:0|현재가>50MA:0|52주저점+25%:0|52주고점-30%:0,,0.0,,
004430,송원산업,KOSPI,11250.0,15.8,15.6,False,False,False,0,D,0.0,0.0,0.0,0.0,트렌드 미통과,현재가>150MA:1|현재가>200MA:1|150MA>200MA:1|200MA상승중:1|현재가>50MA:0|52주저점+25%:1|52주고점-30%:1,,0.0,,
126720,수산인더스트리,KOSPI,21200.0,-6.0,5.0,False,False,False,0,D,0.0,0.0,0.0,0.0,트렌드 미통과,현재가>150MA:0|현재가>200MA:0|150MA>200MA:1|200MA상승중:1|현재가>50MA:0|52주저점+25%:0|52주고점-30%:0,,0.0,,
017550,수산세보틱스,KOSPI,1810.0,-2.5,4.3,False,False,False,0,D,0.0,0.0,0.0,0.0,트렌드 미통과,현재가>150MA:0|현재가>200MA:0|150MA>200MA:1|200MA상승중:1|현재가>50MA:1|52주저점+25%:1|52주고점-30%:0,,0.0,,
053210,스카이라이프,KOSPI,4005.0,-15.6,1.0,False,False,False,0,D,0.0,0.0,0.0,0.0,트렌드 미통과,현재가>150MA:0|현재가>200MA:0|150MA>200MA:0|200MA상승중:0|현재가>50MA:0|52주저점+25%:0|52주고점-30%:1,,0.0,,
026890,스틱인베스트먼트,KOSPI,7990.0,-7.5,2.9,False,False,False,0,D,0.0,0.0,0.0,0.0,트렌드 미통과,현재가>150MA:0|현재가>200MA:0|150MA>200MA:0|200MA상승중:0|현재가>50MA:0|52주저점+25%:1|52주고점-30%:0,,0.0,,
134790,시디즈,KOSPI,18550.0,-6.2,0.1,False,False,False,0,D,0.0,0.0,0.0,0.0,트렌드 미통과,현재가>150MA:0|현재가>200MA:0|150MA>200MA:0|200MA상승중:0|현재가>50MA:0|52주저점+25%:0|52주고점-30%:1,,0.0,,
462870,시프트업,KOSPI,31200.0,-9.5,10.3,False,False,False,0,D,0.0,0.0,0.0,0.0,트렌드 미통과,현재가>150MA:0|현재가>200MA:0|150MA>200MA:0|200MA상승중:0|현재가>50MA:0|52주저점+25%:0|52주고점-30%:1,,0.0,,
016590,신대양제지,KOSPI,9280.0,-15.2,0.8,False,False,False,0,D,0.0,0.0,0.0,0.0,트렌드 미통과,현재가>150MA:0|현재가>200MA:0|150MA>200MA:0|200MA상승중:0|현재가>50MA:0|52주저점+25%:0|52주고점-30%:0,,0.0,,
029530,신도리코,KOSPI,39150.0,-13.5,1.6,False,False,False,0,D,0.0,0.0,0.0,0.0,트렌드 미통과,현재가>150MA:0|현재가>200MA:0|150MA>200MA:0|200MA상승중:0|현재가>50MA:0|52주저점+25%:0|52주고점-30%:0,,0.0,,
004970,신라교역,KOSPI,9000.0,-3.1,1.1,False,False,False,0,D,0.0,0.0,0.0,0.0,트렌드 미통과,현재가>150MA:0|현재가>200MA:0|150MA>200MA:1|200MA상승중:1|현재가>50MA:0|52주저점+25%:0|52주고점-30%:1,,0.0,,
011930,신성이엔지,KOSPI,17490.0,501.0,24.0,False,False,False,0,D,0.0,0.0,0.0,0.0,트렌드 미통과,현재가>150MA:1|현재가>200MA:1|150MA>200MA:1|200MA상승중:1|현재가>50MA:1|52주저점+25%:1|52주고점-30%:0,,0.0,,
004170,신세계,KOSPI,340000.0,3.4,313.4,False,False,False,0,D,0.0,0.0,0.0,0.0,트렌드 미통과,현재가>150MA:0|현재가>200MA:0|150MA>200MA:1|200MA상승중:1|현재가>50MA:0|52주저점+25%:1|52주고점-30%:0,,0.0,,
035510,신세계 I&C,KOSPI,15260.0,-1.2,34.5,False,False,False,0,D,0.0,0.0,0.0,0.0,트렌드 미통과,현재가>150MA:0|현재가>200MA:0|150MA>200MA:0|200MA상승중:0|현재가>50MA:1|52주저점+25%:1|52주고점-30%:0,,0.0,,
031430,신세계인터내셔날,KOSPI,10520.0,-12.6,5.4,False,False,False,0,D,0.0,0.0,0.0,0.0,트렌드 미통과,현재가>150MA:0|현재가>200MA:0|150MA>200MA:1|200MA상승중:1|현재가>50MA:0|52주저점+25%:0|52주고점-30%:0,,0.0,,
006880,신송홀딩스,KOSPI,4285.0,-25.7,5.0,False,False,False,0,D,0.0,0.0,0.0,0.0,트렌드 미통과,현재가>150MA:0|현재가>200MA:0|150MA>200MA:0|200MA상승중:0|현재가>50MA:0|52주저점+25%:0|52주고점-30%:0,,0.0,,
005800,신영와코루,KOSPI,13500.0,-2.9,0.5,False,False,False,0,D,0.0,0.0,0.0,0.0,트렌드 미통과,현재가>150MA:0|현재가>200MA:0|150MA>200MA:0|200MA상승중:0|현재가>50MA:1|52주저점+25%:0|52주고점-30%:1,,0.0,,
001720,신영증권,KOSPI,141200.0,-13.2,9.4,False,False,False,0,D,0.0,0.0,0.0,0.0,트렌드 미통과,현재가>150MA:0|현재가>200MA:0|150MA>200MA:1|200MA상승중:0|현재가>50MA:0|52주저점+25%:0|52주고점-30%:0,,0.0,,
009270,신원,KOSPI,1072.0,-14.9,5.4,False,False,False,0,D,0.0,0.0,0.0,0.0,트렌드 미통과,현재가>150MA:0|현재가>200MA:0|150MA>200MA:0|200MA상승중:0|현재가>50MA:0|52주저점+25%:0|52주고점-30%:0,,0.0,,
002700,신일전자,KOSPI,980.0,-21.8,4.2,False,False,False,0,D,0.0,0.0,0.0,0.0,트렌드 미통과,현재가>150MA:0|현재가>200MA:0|150MA>200MA:0|200MA상승중:0|현재가>50MA:0|52주저점+25%:0|52주고점-30%:0,,0.0,,
002870,신풍,KOSPI,1115.0,18.3,3.5,False,False,False,0,D,0.0,0.0,0.0,0.0,트렌드 미통과,현재가>150MA:1|현재가>200MA:1|150MA>200MA:0|200MA상승중:0|현재가>50MA:1|52주저점+25%:1|52주고점-30%:1,,0.0,,
019170,신풍제약,KOSPI,8980.0,-15.2,58.4,False,False,False,0,D,0.0,0.0,0.0,0.0,트렌드 미통과,현재가>150MA:0|현재가>200MA:0|150MA>200MA:0|200MA상승중:0|현재가>50MA:1|52주저점+25%:0|52주고점-30%:0,,0.0,,
019175,신풍제약우,KOSPI,13930.0,-19.2,1.0,False,False,False,0,D,0.0,0.0,0.0,0.0,트렌드 미통과,현재가>150MA:0|현재가>200MA:0|150MA>200MA:0|200MA상승중:0|현재가>50MA:1|52주저점+25%:1|52주고점-30%:0,,0.0,,
481850,신한글로벌액티브리츠,KOSPI,975.0,-9.8,0.2,False,False,False,0,D,0.0,0.0,0.0,0.0,트렌드 미통과,현재가>150MA:0|현재가>200MA:0|150MA>200MA:0|200MA상승중:0|현재가>50MA:0|52주저점+25%:0|52주고점-30%:0,,0.0,,
404990,신한서부티엔디리츠,KOSPI,3950.0,3.6,2.0,False,False,False,0,D,0.0,0.0,0.0,0.0,트렌드 미통과,현재가>150MA:0|현재가>200MA:0|150MA>200MA:1|200MA상승중:1|현재가>50MA:1|52주저점+25%:0|52주고점-30%:1,,0.0,,
293940,신한알파리츠,KOSPI,5590.0,2.7,5.1,False,False,False,0,D,0.0,0.0,0.0,0.0,트렌드 미통과,현재가>150MA:1|현재가>200MA:1|150MA>200MA:0|200MA상승중:0|현재가>50MA:1|52주저점+25%:0|52주고점-30%:1,,0.0,,
055550,신한지주,KOSPI,110500.0,30.4,1236.6,True,False,False,64,C,0.0,0.0,0.0,0.0,컵 기간 짧음(29일),현재가>150MA:1|현재가>200MA:1|150MA>200MA:1|200MA상승중:1|현재가>50MA:1|52주저점+25%:1|52주고점-30%:1,,0.0,,
004080,신흥,KOSPI,14500.0,4.7,0.6,False,False,False,0,D,0.0,0.0,0.0,0.0,트렌드 미통과,현재가>150MA:1|현재가>200MA:1|150MA>200MA:1|200MA상승중:1|현재가>50MA:1|52주저점+25%:0|52주고점-30%:1,,0.0,,
004770,써니전자,KOSPI,2030.0,26.6,94.5,True,False,False,64,C,0.0,0.0,0.0,0.0,핸들 깊이 깊음(21.5%),현재가>150MA:1|현재가>200MA:1|150MA>200MA:1|200MA상승중:1|현재가>50MA:1|52주저점+25%:1|52주고점-30%:1,,0.0,,
403550,쏘카,KOSPI,10740.0,-8.2,1.5,False,False,False,0,D,0.0,0.0,0.0,0.0,트렌드 미통과,현재가>150MA:0|현재가>200MA:0|150MA>200MA:0|200MA상승중:0|현재가>50MA:1|52주저점+25%:0|52주고점-30%:0,,0.0,,
004920,씨아이테크,KOSPI,907.0,-12.8,0.6,False,False,False,0,D,0.0,0.0,0.0,0.0,트렌드 미통과,현재가>150MA:0|현재가>200MA:0|150MA>200MA:0|200MA상승중:0|현재가>50MA:0|52주저점+25%:0|52주고점-30%:0,,0.0,,
112610,씨에스윈드,KOSPI,50400.0,8.5,162.7,False,False,False,0,D,0.0,0.0,0.0,0.0,트렌드 미통과,현재가>150MA:0|현재가>200MA:1|150MA>200MA:1|200MA상승중:1|현재가>50MA:1|52주저점+25%:1|52주고점-30%:0,,0.0,,
308170,씨티알모빌리티,KOSPI,3365.0,-17.0,0.2,False,False,False,0,D,0.0,0.0,0.0,0.0,트렌드 미통과,현재가>150MA:0|현재가>200MA:0|150MA>200MA:0|200MA상승중:0|현재가>50MA:0|52주저점+25%:0|52주고점-30%:0,,0.0,,
008700,아남전자,KOSPI,1280.0,-1.4,2.6,False,False,False,0,D,0.0,0.0,0.0,0.0,트렌드 미통과,현재가>150MA:0|현재가>200MA:0|150MA>200MA:0|200MA상승중:1|현재가>50MA:1|52주저점+25%:0|52주고점-30%:1,,0.0,,
002790,아모레퍼시픽홀딩스,KOSPI,26850.0,5.8,28.2,False,False,False,0,D,0.0,0.0,0.0,0.0,트렌드 미통과,현재가>150MA:1|현재가>200MA:1|150MA>200MA:0|200MA상승중:0|현재가>50MA:1|52주저점+25%:1|52주고점-30%:1,,0.0,,
00279K,아모레퍼시픽홀딩스3우C,KOSPI,21800.0,3.5,0.8,False,False,False,0,D,0.0,0.0,0.0,0.0,트렌드 미통과,현재가>150MA:0|현재가>200MA:0|150MA>200MA:0|200MA상승중:0|현재가>50MA:1|52주저점+25%:0|52주고점-30%:1,,0.0,,
002795,아모레퍼시픽홀딩스우,KOSPI,11380.0,2.3,0.7,False,False,False,0,D,0.0,0.0,0.0,0.0,트렌드 미통과,현재가>150MA:1|현재가>200MA:0|150MA>200MA:0|200MA상승중:0|현재가>50MA:1|52주저점+25%:0|52주고점-30%:1,,0.0,,
090430,아모레퍼시픽,KOSPI,142700.0,19.7,300.2,True,False,False,56,D,0.0,0.0,0.0,0.0,핸들 기간 김(21일),현재가>150MA:1|현재가>200MA:1|150MA>200MA:1|200MA상승중:1|현재가>50MA:1|52주저점+25%:1|52주고점-30%:1,,0.0,,
090435,아모레퍼시픽우,KOSPI,43000.0,3.2,15.2,False,False,False,0,D,0.0,0.0,0.0,0.0,트렌드 미통과,현재가>150MA:0|현재가>200MA:0|150MA>200MA:0|200MA상승중:0|현재가>50MA:0|52주저점+25%:1|52주고점-30%:1,,0.0,,
002030,아세아,KOSPI,206000.0,-12.8,4.2,False,False,False,0,D,0.0,0.0,0.0,0.0,트렌드 미통과,현재가>150MA:0|현재가>200MA:0|150MA>200MA:0|200MA상승중:0|현재가>50MA:1|52주저점+25%:1|52주고점-30%:0,,0.0,,
183190,아세아시멘트,KOSPI,10320.0,-11.2,5.1,False,False,False,0,D,0.0,0.0,0.0,0.0,트렌드 미통과,현재가>150MA:0|현재가>200MA:0|150MA>200MA:0|200MA상승중:0|현재가>50MA:1|52주저점+25%:0|52주고점-30%:1,,0.0,,
002310,아세아제지,KOSPI,7960.0,-2.4,5.8,False,False,False,0,D,0.0,0.0,0.0,0.0,트렌드 미통과,현재가>150MA:0|현재가>200MA:0|150MA>200MA:1|200MA상승중:1|현재가>50MA:0|52주저점+25%:0|52주고점-30%:1,,0.0,,
012170,아센디오,KOSPI,2855.0,182.7,0.9,False,False,False,0,D,0.0,0.0,0.0,0.0,트렌드 미통과,현재가>150MA:1|현재가>200MA:1|150MA>200MA:0|200MA상승중:1|현재가>50MA:1|52주저점+25%:1|52주고점-30%:1,,0.0,,
267850,아시아나IDT,KOSPI,9140.0,-11.8,1.2,False,False,False,0,D,0.0,0.0,0.0,0.0,트렌드 미통과,현재가>150MA:0|현재가>200MA:0|150MA>200MA:0|200MA상승중:0|현재가>50MA:0|52주저점+25%:0|52주고점-30%:1,,0.0,,
020560,아시아나항공,KOSPI,8330.0,5.7,13.3,False,False,False,0,D,0.0,0.0,0.0,0.0,트렌드 미통과,현재가>150MA:1|현재가>200MA:1|150MA>200MA:0|200MA상승중:0|현재가>50MA:1|52주저점+25%:0|52주고점-30%:1,,0.0,,
122900,아이마켓코리아,KOSPI,8330.0,9.8,3.7,False,False,False,0,D,0.0,0.0,0.0,0.0,트렌드 미통과,현재가>150MA:1|현재가>200MA:1|150MA>200MA:0|200MA상승중:1|현재가>50MA:1|52주저점+25%:0|52주고점-30%:1,,0.0,,
010780,아이에스동서,KOSPI,14630.0,-37.4,12.2,False,False,False,0,D,0.0,0.0,0.0,0.0,트렌드 미통과,현재가>150MA:0|현재가>200MA:0|150MA>200MA:1|200MA상승중:0|현재가>50MA:0|52주저점+25%:0|52주고점-30%:0,,0.0,,
139990,아주스틸,KOSPI,2240.0,-18.0,0.5,False,False,False,0,D,0.0,0.0,0.0,0.0,트렌드 미통과,현재가>150MA:0|현재가>200MA:0|150MA>200MA:0|200MA상승중:0|현재가>50MA:1|52주저점+25%:0|52주고점-30%:0,,0.0,,
009320,아진전자부품,KOSPI,970.0,-2.3,0.6,False,False,False,0,D,0.0,0.0,0.0,0.0,트렌드 미통과,현재가>150MA:0|현재가>200MA:0|150MA>200MA:0|200MA상승중:0|현재가>50MA:0|52주저점+25%:0|52주고점-30%:1,,0.0,,
001780,알루코,KOSPI,1546.0,-20.5,3.7,False,False,False,0,D,0.0,0.0,0.0,0.0,트렌드 미통과,현재가>150MA:0|현재가>200MA:0|150MA>200MA:0|200MA상승중:0|현재가>50MA:0|52주저점+25%:0|52주고점-30%:0,,0.0,,
018250,애경산업,KOSPI,11190.0,-12.7,6.2,False,False,False,0,D,0.0,0.0,0.0,0.0,트렌드 미통과,현재가>150MA:0|현재가>200MA:0|150MA>200MA:0|200MA상승중:0|현재가>50MA:0|52주저점+25%:0|52주고점-30%:0,,0.0,,
161000,애경케미칼,KOSPI,10110.0,2.1,27.2,False,False,False,0,D,0.0,0.0,0.0,0.0,트렌드 미통과,현재가>150MA:0|현재가>200MA:0|150MA>200MA:1|200MA상승중:0|현재가>50MA:1|52주저점+25%:1|52주고점-30%:0,,0.0,,
011090,에넥스,KOSPI,1498.0,127.9,7.0,False,False,False,0,D,0.0,0.0,0.0,0.0,트렌드 미통과,현재가>150MA:1|현재가>200MA:1|150MA>200MA:1|200MA상승중:1|현재가>50MA:0|52주저점+25%:1|52주고점-30%:0,,0.0,,
137310,에스디바이오센서,KOSPI,6100.0,-22.6,9.5,False,False,False,0,D,0.0,0.0,0.0,0.0,트렌드 미통과,현재가>150MA:0|현재가>200MA:0|150MA>200MA:0|200MA상승중:0|현재가>50MA:0|52주저점+25%:0|52주고점-30%:0,,0.0,,
005850,에스엘,KOSPI,49700.0,3.4,33.7,False,False,False,0,D,0.0,0.0,0.0,0.0,트렌드 미통과,현재가>150MA:0|현재가>200MA:0|150MA>200MA:1|200MA상승중:1|현재가>50MA:0|52주저점+25%:1|52주고점-30%:0,,0.0,,
010580,에스엠벡셀,KOSPI,2440.0,40.4,131.5,False,False,False,0,D,0.0,0.0,0.0,0.0,트렌드 미통과,현재가>150MA:1|현재가>200MA:1|150MA>200MA:0|200MA상승중:1|현재가>50MA:1|52주저점+25%:1|52주고점-30%:1,,0.0,,
012750,에스원,KOSPI,83500.0,8.9,56.7,False,False,False,0,D,0.0,0.0,0.0,0.0,트렌드 미통과,현재가>150MA:1|현재가>200MA:1|150MA>200MA:1|200MA상승중:1|현재가>50MA:1|52주저점+25%:0|52주고점-30%:1,,0.0,,
023960,에쓰씨엔지니어링,KOSPI,1018.0,-13.3,0.4,False,False,False,0,D,0.0,0.0,0.0,0.0,트렌드 미통과,현재가>150MA:0|현재가>200MA:0|150MA>200MA:0|200MA상승중:0|현재가>50MA:1|52주저점+25%:0|52주고점-30%:0,,0.0,,
298690,에어부산,KOSPI,1509.0,-12.9,1.0,False,False,False,0,D,0.0,0.0,0.0,0.0,트렌드 미통과,현재가>150MA:0|현재가>200MA:0|150MA>200MA:0|200MA상승중:0|현재가>50MA:0|52주저점+25%:0|52주고점-30%:0,,0.0,,
078520,에이블씨엔씨,KOSPI,10880.0,-2.0,9.5,False,False,False,0,D,0.0,0.0,0.0,0.0,트렌드 미통과,현재가>150MA:0|현재가>200MA:0|150MA>200MA:1|200MA상승중:1|현재가>50MA:0|52주저점+25%:0|52주고점-30%:0,,0.0,,
015260,에이엔피,KOSPI,242.0,-48.0,4.2,False,False,False,0,D,0.0,0.0,0.0,0.0,트렌드 미통과,현재가>150MA:0|현재가>200MA:0|150MA>200MA:1|200MA상승중:0|현재가>50MA:0|52주저점+25%:0|52주고점-30%:0,,0.0,,
007460,에이프로젠,KOSPI,1956.0,158.8,7.0,False,False,False,0,D,0.0,0.0,0.0,0.0,트렌드 미통과,현재가>150MA:1|현재가>200MA:1|150MA>200MA:1|200MA상승중:1|현재가>50MA:0|52주저점+25%:1|52주고점-30%:0,,0.0,,
003060,에이프로젠바이오로직스,KOSPI,1507.0,126.2,11.7,False,False,False,0,D,0.0,0.0,0.0,0.0,트렌드 미통과,현재가>150MA:0|현재가>200MA:1|150MA>200MA:1|200MA상승중:1|현재가>50MA:0|52주저점+25%:1|52주고점-30%:0,,0.0,,
244920,에이플러스에셋,KOSPI,12810.0,34.8,3.9,True,False,False,64,C,0.0,0.0,0.0,0.0,현재가 피벗 미달(-8.7%),현재가>150MA:1|현재가>200MA:1|150MA>200MA:1|200MA상승중:1|현재가>50MA:1|52주저점+25%:1|52주고점-30%:1,,0.0,,
278470,에이피알,KOSPI,362500.0,24.6,919.3,False,False,False,0,D,0.0,0.0,0.0,0.0,트렌드 미통과,현재가>150MA:0|현재가>200MA:1|150MA>200MA:1|200MA상승중:1|현재가>50MA:0|52주저점+25%:1|52주고점-30%:1,,0.0,,
450080,에코프로머티,KOSPI,34350.0,-36.2,91.8,False,False,False,0,D,0.0,0.0,0.0,0.0,트렌드 미통과,현재가>150MA:0|현재가>200MA:0|150MA>200MA:0|200MA상승중:0|현재가>50MA:0|52주저점+25%:0|52주고점-30%:0,,0.0,,
019490,엑시큐어하이트론,KOSPI,541.0,-3.3,0.0,False,False,False,0,D,0.0,0.0,0.0,0.0,트렌드 미통과,현재가>150MA:0|현재가>200MA:0|150MA>200MA:0|200MA상승중:0|현재가>50MA:0|52주저점+25%:0|52주고점-30%:0,,0.0,,
036570,NC,KOSPI,211000.0,-8.5,172.1,False,False,False,0,D,0.0,0.0,0.0,0.0,트렌드 미통과,현재가>150MA:0|현재가>200MA:0|150MA>200MA:1|200MA상승중:0|현재가>50MA:0|52주저점+25%:0|52주고점-30%:0,,0.0,,
085310,엔케이,KOSPI,8790.0,359.4,1.0,False,False,False,0,D,0.0,0.0,0.0,0.0,트렌드 미통과,현재가>150MA:1|현재가>200MA:1|150MA>200MA:1|200MA상승중:1|현재가>50MA:0|52주저점+25%:1|52주고점-30%:1,,0.0,,
900140,엘브이엠씨홀딩스,KOSPI,1199.0,-18.0,4.7,False,False,False,0,D,0.0,0.0,0.0,0.0,트렌드 미통과,현재가>150MA:0|현재가>200MA:0|150MA>200MA:0|200MA상승중:0|현재가>50MA:0|52주저점+25%:0|52주고점-30%:0,,0.0,,
066970,엘앤에프,KOSPI,109000.0,5.0,756.2,False,False,False,0,D,0.0,0.0,0.0,0.0,트렌드 미통과,현재가>150MA:0|현재가>200MA:0|150MA>200MA:1|200MA상승중:0|현재가>50MA:1|52주저점+25%:1|52주고점-30%:0,,0.0,,
097520,엠씨넥스,KOSPI,19200.0,-16.9,5.2,False,False,False,0,D,0.0,0.0,0.0,0.0,트렌드 미통과,현재가>150MA:0|현재가>200MA:0|150MA>200MA:0|200MA상승중:0|현재가>50MA:1|52주저점+25%:0|52주고점-30%:0,,0.0,,
484870,엠앤씨솔루션,KOSPI,17990.0,-65.0,35.0,False,False,False,0,D,0.0,0.0,0.0,0.0,트렌드 미통과,현재가>150MA:0|현재가>200MA:0|150MA>200MA:0|200MA상승중:0|현재가>50MA:1|52주저점+25%:1|52주고점-30%:0,,0.0,,
014440,영보화학,KOSPI,4685.0,1.3,0.6,False,False,False,0,D,0.0,0.0,0.0,0.0,트렌드 미통과,현재가>150MA:1|현재가>200MA:1|150MA>200MA:0|200MA상승중:1|현재가>50MA:1|52주저점+25%:0|52주고점-30%:1,,0.0,,
111770,영원무역,KOSPI,71100.0,-5.5,43.9,False,False,False,0,D,0.0,0.0,0.0,0.0,트렌드 미통과,현재가>150MA:0|현재가>200MA:0|150MA>200MA:0|200MA상승중:0|현재가>50MA:0|52주저점+25%:0|52주고점-30%:1,,0.0,,
009970,영원무역홀딩스,KOSPI,166600.0,-6.9,15.7,False,False,False,0,D,0.0,0.0,0.0,0.0,트렌드 미통과,현재가>150MA:0|현재가>200MA:0|150MA>200MA:0|200MA상승중:1|현재가>50MA:0|52주저점+25%:1|52주고점-30%:0,,0.0,,
003520,영진약품,KOSPI,1027.0,-34.3,4.4,False,False,False,0,D,0.0,0.0,0.0,0.0,트렌드 미통과,현재가>150MA:0|현재가>200MA:0|150MA>200MA:0|200MA상승중:0|현재가>50MA:0|52주저점+25%:0|52주고점-30%:0,,0.0,,
000670,영풍,KOSPI,42100.0,-11.1,53.4,False,False,False,0,D,0.0,0.0,0.0,0.0,트렌드 미통과,현재가>150MA:0|현재가>200MA:0|150MA>200MA:0|200MA상승중:0|현재가>50MA:1|52주저점+25%:1|52주고점-30%:0,,0.0,,
006740,블루산업개발,KOSPI,4760.0,449.1,0.3,True,False,False,64,C,0.0,0.0,0.0,0.0,핸들 기간 김(83일),현재가>150MA:1|현재가>200MA:1|150MA>200MA:1|200MA상승중:1|현재가>50MA:1|52주저점+25%:1|52주고점-30%:1,,0.0,,
012280,영화금속,KOSPI,3450.0,280.7,0.7,True,False,False,64,C,0.0,0.0,0.0,0.0,핸들 깊이 깊음(17.1%),현재가>150MA:1|현재가>200MA:1|150MA>200MA:1|200MA상승중:1|현재가>50MA:1|52주저점+25%:1|52주고점-30%:1,,0.0,,
012160,영흥,KOSPI,2025.0,166.4,0.8,False,False,False,0,D,0.0,0.0,0.0,0.0,트렌드 미통과,현재가>150MA:1|현재가>200MA:1|150MA>200MA:1|200MA상승중:1|현재가>50MA:0|52주저점+25%:1|52주고점-30%:1,,0.0,,
015360,INVENI,KOSPI,14660.0,-46.1,2.0,False,False,False,0,D,0.0,0.0,0.0,0.0,트렌드 미통과,현재가>150MA:0|현재가>200MA:0|150MA>200MA:0|200MA상승중:0|현재가>50MA:1|52주저점+25%:0|52주고점-30%:0,,0.0,,
007310,오뚜기,KOSPI,315500.0,-10.7,11.9,False,False,False,0,D,0.0,0.0,0.0,0.0,트렌드 미통과,현재가>150MA:0|현재가>200MA:0|150MA>200MA:0|200MA상승중:0|현재가>50MA:0|52주저점+25%:0|52주고점-30%:1,,0.0,,
002630,오리엔트바이오,KOSPI,1701.0,149.5,0.8,True,False,False,64,C,0.0,0.0,0.0,0.0,핸들 기간 짧음,현재가>150MA:1|현재가>200MA:1|150MA>200MA:1|200MA상승중:1|현재가>50MA:1|52주저점+25%:1|52주고점-30%:1,,0.0,,
271560,오리온,KOSPI,111500.0,-9.5,130.0,False,False,False,0,D,0.0,0.0,0.0,0.0,트렌드 미통과,현재가>150MA:0|현재가>200MA:0|150MA>200MA:1|200MA상승중:1|현재가>50MA:0|52주저점+25%:0|52주고점-30%:1,,0.0,,
001800,오리온홀딩스,KOSPI,24250.0,4.1,14.1,False,False,False,0,D,0.0,0.0,0.0,0.0,트렌드 미통과,현재가>150MA:0|현재가>200MA:1|150MA>200MA:1|200MA상승중:1|현재가>50MA:0|52주저점+25%:1|52주고점-30%:1,,0.0,,
005320,온타이드,KOSPI,1280.0,112.0,4.8,True,False,False,64,C,0.0,0.0,0.0,0.0,컵 기간 짧음(17일),현재가>150MA:1|현재가>200MA:1|150MA>200MA:1|200MA상승중:1|현재가>50MA:1|52주저점+25%:1|52주고점-30%:1,,0.0,,
011690,와이투솔루션,KOSPI,3410.0,-16.6,2.9,False,False,False,0,D,0.0,0.0,0.0,0.0,트렌드 미통과,현재가>150MA:0|현재가>200MA:0|150MA>200MA:1|200MA상승중:1|현재가>50MA:1|52주저점+25%:1|52주고점-30%:0,,0.0,,
316140,우리금융지주,KOSPI,36400.0,26.3,1134.5,True,False,False,64,C,0.0,0.0,0.0,0.0,핸들 깊이 얕음(4.1%),현재가>150MA:1|현재가>200MA:1|150MA>200MA:1|200MA상승중:1|현재가>50MA:1|52주저점+25%:1|52주고점-30%:1,,0.0,,
006980,우성,KOSPI,17280.0,-0.9,1.9,False,False,False,0,D,0.0,0.0,0.0,0.0,트렌드 미통과,현재가>150MA:0|현재가>200MA:0|150MA>200MA:1|200MA상승중:1|현재가>50MA:1|52주저점+25%:0|52주고점-30%:1,,0.0,,
017370,우신시스템,KOSPI,3520.0,-34.7,0.5,False,False,False,0,D,0.0,0.0,0.0,0.0,트렌드 미통과,현재가>150MA:0|현재가>200MA:0|150MA>200MA:0|200MA상승중:0|현재가>50MA:0|52주저점+25%:0|52주고점-30%:0,,0.0,,
105840,우진,KOSPI,13300.0,-18.7,62.6,False,False,False,0,D,0.0,0.0,0.0,0.0,트렌드 미통과,현재가>150MA:0|현재가>200MA:0|150MA>200MA:0|200MA상승중:0|현재가>50MA:0|52주저점+25%:0|52주고점-30%:0,,0.0,,
010400,우진아이엔에스,KOSPI,4050.0,17.7,1.1,False,False,False,0,D,0.0,0.0,0.0,0.0,트렌드 미통과,현재가>150MA:1|현재가>200MA:1|150MA>200MA:0|200MA상승중:1|현재가>50MA:0|52주저점+25%:1|52주고점-30%:1,,0.0,,
049800,우진플라임,KOSPI,1860.0,-7.0,0.4,False,False,False,0,D,0.0,0.0,0.0,0.0,트렌드 미통과,현재가>150MA:0|현재가>200MA:0|150MA>200MA:1|200MA상승중:0|현재가>50MA:1|52주저점+25%:0|52주고점-30%:0,,0.0,,
016880,웅진,KOSPI,1799.0,-25.2,1.9,False,False,False,0,D,0.0,0.0,0.0,0.0,트렌드 미통과,현재가>150MA:0|현재가>200MA:0|150MA>200MA:0|200MA상승중:0|현재가>50MA:0|52주저점+25%:0|52주고점-30%:0,,0.0,,
095720,웅진씽크빅,KOSPI,1230.0,-5.4,0.4,False,False,False,0,D,0.0,0.0,0.0,0.0,트렌드 미통과,현재가>150MA:0|현재가>200MA:0|150MA>200MA:0|200MA상승중:0|현재가>50MA:0|52주저점+25%:0|52주고점-30%:0,,0.0,,
005820,원림,KOSPI,14670.0,3.5,0.3,False,False,False,0,D,0.0,0.0,0.0,0.0,트렌드 미통과,현재가>150MA:0|현재가>200MA:0|150MA>200MA:1|200MA상승중:1|현재가>50MA:1|52주저점+25%:0|52주고점-30%:1,,0.0,,
008600,윌비스,KOSPI,2620.0,270.8,0.0,False,False,False,0,D,0.0,0.0,0.0,0.0,트렌드 미통과,현재가>150MA:1|현재가>200MA:1|150MA>200MA:1|200MA상승중:1|현재가>50MA:0|52주저점+25%:1|52주고점-30%:1,,0.0,,
033270,유나이티드제약,KOSPI,17690.0,-7.5,5.6,False,False,False,0,D,0.0,0.0,0.0,0.0,트렌드 미통과,현재가>150MA:0|현재가>200MA:0|150MA>200MA:0|200MA상승중:0|현재가>50MA:0|52주저점+25%:0|52주고점-30%:1,,0.0,,
014830,유니드,KOSPI,60200.0,-15.0,7.3,False,False,False,0,D,0.0,0.0,0.0,0.0,트렌드 미통과,현재가>150MA:0|현재가>200MA:0|150MA>200MA:0|200MA상승중:0|현재가>50MA:0|52주저점+25%:0|52주고점-30%:0,,0.0,,
446070,유니드비티플러스,KOSPI,3870.0,13.1,2.1,False,False,False,0,D,0.0,0.0,0.0,0.0,트렌드 미통과,현재가>150MA:1|현재가>200MA:1|150MA>200MA:0|200MA상승중:1|현재가>50MA:1|52주저점+25%:1|52주고점-30%:1,,0.0,,
000910,유니온,KOSPI,2925.0,-19.2,1.3,False,False,False,0,D,0.0,0.0,0.0,0.0,트렌드 미통과,현재가>150MA:0|현재가>200MA:0|150MA>200MA:0|200MA상승중:0|현재가>50MA:1|52주저점+25%:0|52주고점-30%:0,,0.0,,
047400,유니온머티리얼,KOSPI,946.0,-23.2,3.1,False,False,False,0,D,0.0,0.0,0.0,0.0,트렌드 미통과,현재가>150MA:0|현재가>200MA:0|150MA>200MA:0|200MA상승중:0|현재가>50MA:1|52주저점+25%:0|52주고점-30%:0,,0.0,,
011330,유니켐,KOSPI,4015.0,530.2,4.8,False,False,False,0,D,0.0,0.0,0.0,0.0,트렌드 미통과,현재가>150MA:1|현재가>200MA:1|150MA>200MA:1|200MA상승중:1|현재가>50MA:0|52주저점+25%:1|52주고점-30%:0,,0.0,,
077500,유니퀘스트,KOSPI,10000.0,60.0,25.8,True,False,False,64,C,0.0,0.0,0.0,0.0,핸들 기간 짧음,현재가>150MA:1|현재가>200MA:1|150MA>200MA:1|200MA상승중:1|현재가>50MA:1|52주저점+25%:1|52주고점-30%:1,,0.0,,
002920,유성기업,KOSPI,1778.0,-6.3,1.2,False,False,False,0,D,0.0,0.0,0.0,0.0,트렌드 미통과,현재가>150MA:0|현재가>200MA:0|150MA>200MA:0|200MA상승중:0|현재가>50MA:0|52주저점+25%:0|52주고점-30%:1,,0.0,,
000700,유수홀딩스,KOSPI,6690.0,13.5,1.5,True,False,False,48,D,0.0,0.0,0.0,0.0,핸들 기간 김(33일),현재가>150MA:1|현재가>200MA:1|150MA>200MA:1|200MA상승중:1|현재가>50MA:1|52주저점+25%:1|52주고점-30%:1,,0.0,,
003470,유안타증권,KOSPI,4365.0,3.6,11.7,False,False,False,0,D,0.0,0.0,0.0,0.0,트렌드 미통과,현재가>150MA:0|현재가>200MA:0|150MA>200MA:1|200MA상승중:1|현재가>50MA:0|52주저점+25%:0|52주고점-30%:0,,0.0,,
003475,유안타증권우,KOSPI,4185.0,3.2,0.5,False,False,False,0,D,0.0,0.0,0.0,0.0,트렌드 미통과,현재가>150MA:0|현재가>200MA:0|150MA>200MA:1|200MA상승중:1|현재가>50MA:0|52주저점+25%:0|52주고점-30%:1,,0.0,,
072130,유엔젤,KOSPI,4755.0,-9.9,1.3,False,False,False,0,D,0.0,0.0,0.0,0.0,트렌드 미통과,현재가>150MA:0|현재가>200MA:0|150MA>200MA:1|200MA상승중:0|현재가>50MA:0|52주저점+25%:0|52주고점-30%:1,,0.0,,
000220,유유제약,KOSPI,3700.0,-10.2,9.5,False,False,False,0,D,0.0,0.0,0.0,0.0,트렌드 미통과,현재가>150MA:0|현재가>200MA:0|150MA>200MA:0|200MA상승중:0|현재가>50MA:0|52주저점+25%:0|52주고점-30%:1,,0.0,,
000225,유유제약1우,KOSPI,3650.0,-13.6,0.3,False,False,False,0,D,0.0,0.0,0.0,0.0,트렌드 미통과,현재가>150MA:0|현재가>200MA:0|150MA>200MA:0|200MA상승중:0|현재가>50MA:0|52주저점+25%:0|52주고점-30%:0,,0.0,,
000227,유유제약2우B,KOSPI,7690.0,-24.0,0.1,False,False,False,0,D,0.0,0.0,0.0,0.0,트렌드 미통과,현재가>150MA:0|현재가>200MA:0|150MA>200MA:0|200MA상승중:0|현재가>50MA:1|52주저점+25%:0|52주고점-30%:0,,0.0,,
001200,유진투자증권,KOSPI,4090.0,0.0,18.1,False,False,False,0,D,0.0,0.0,0.0,0.0,트렌드 미통과,현재가>150MA:0|현재가>200MA:0|150MA>200MA:1|200MA상승중:1|현재가>50MA:0|52주저점+25%:0|52주고점-30%:0,,0.0,,
000100,유한양행,KOSPI,73000.0,-20.4,177.2,False,False,False,0,D,0.0,0.0,0.0,0.0,트렌드 미통과,현재가>150MA:0|현재가>200MA:0|150MA>200MA:0|200MA상승중:0|현재가>50MA:0|52주저점+25%:0|52주고점-30%:0,,0.0,,
000105,유한양행우,KOSPI,64600.0,-18.6,0.4,False,False,False,0,D,0.0,0.0,0.0,0.0,트렌드 미통과,현재가>150MA:0|현재가>200MA:0|150MA>200MA:0|200MA상승중:0|현재가>50MA:0|52주저점+25%:0|52주고점-30%:0,,0.0,,
003460,유화증권,KOSPI,2980.0,-3.0,1.0,False,False,False,0,D,0.0,0.0,0.0,0.0,트렌드 미통과,현재가>150MA:0|현재가>200MA:0|150MA>200MA:1|200MA상승중:1|현재가>50MA:0|52주저점+25%:0|52주고점-30%:1,,0.0,,
003465,유화증권우,KOSPI,2955.0,-1.0,0.0,False,False,False,0,D,0.0,0.0,0.0,0.0,트렌드 미통과,현재가>150MA:0|현재가>200MA:0|150MA>200MA:1|200MA상승중:1|현재가>50MA:0|52주저점+25%:0|52주고점-30%:1,,0.0,,
008730,율촌화학,KOSPI,14570.0,-31.8,8.6,False,False,False,0,D,0.0,0.0,0.0,0.0,트렌드 미통과,현재가>150MA:0|현재가>200MA:0|150MA>200MA:0|200MA상승중:0|현재가>50MA:0|52주저점+25%:0|52주고점-30%:0,,0.0,,
008250,이건산업,KOSPI,3095.0,-12.8,1.8,False,False,False,0,D,0.0,0.0,0.0,0.0,트렌드 미통과,현재가>150MA:0|현재가>200MA:0|150MA>200MA:0|200MA상승중:0|현재가>50MA:1|52주저점+25%:0|52주고점-30%:0,,0.0,,
025820,이구산업,KOSPI,4190.0,-7.1,7.9,False,False,False,0,D,0.0,0.0,0.0,0.0,트렌드 미통과,현재가>150MA:0|현재가>200MA:0|150MA>200MA:0|200MA상승중:0|현재가>50MA:0|52주저점+25%:0|52주고점-30%:0,,0.0,,
214320,이노션,KOSPI,18170.0,-1.3,9.9,False,False,False,0,D,0.0,0.0,0.0,0.0,트렌드 미통과,현재가>150MA:0|현재가>200MA:0|150MA>200MA:1|200MA상승중:1|현재가>50MA:0|52주저점+25%:0|52주고점-30%:1,,0.0,,
088260,이리츠코크렙,KOSPI,3285.0,-19.9,1.8,False,False,False,0,D,0.0,0.0,0.0,0.0,트렌드 미통과,현재가>150MA:0|현재가>200MA:0|150MA>200MA:0|200MA상승중:0|현재가>50MA:1|52주저점+25%:0|52주고점-30%:0,,0.0,,
139480,이마트,KOSPI,72000.0,-16.2,67.7,False,False,False,0,D,0.0,0.0,0.0,0.0,트렌드 미통과,현재가>150MA:0|현재가>200MA:0|150MA>200MA:0|200MA상승중:0|현재가>50MA:0|52주저점+25%:0|52주고점-30%:0,,0.0,,
457190,이수스페셜티케미컬,KOSPI,68000.0,6.7,94.8,False,False,False,0,D,0.0,0.0,0.0,0.0,트렌드 미통과,현재가>150MA:0|현재가>200MA:0|150MA>200MA:1|200MA상승중:1|현재가>50MA:1|52주저점+25%:1|52주고점-30%:0,,0.0,,
007660,이수페타시스,KOSPI,118000.0,13.9,715.5,False,False,False,0,D,0.0,0.0,0.0,0.0,트렌드 미통과,현재가>150MA:1|현재가>200MA:1|150MA>200MA:0|200MA상승중:0|현재가>50MA:1|52주저점+25%:1|52주고점-30%:1,,0.0,,
005950,이수화학,KOSPI,10490.0,19.7,39.3,False,False,False,0,D,0.0,0.0,0.0,0.0,트렌드 미통과,현재가>150MA:0|현재가>200MA:0|150MA>200MA:1|200MA상승중:1|현재가>50MA:0|52주저점+25%:1|52주고점-30%:0,,0.0,,
015020,이스타코,KOSPI,928.0,41.8,0.0,False,False,False,0,D,0.0,0.0,0.0,0.0,트렌드 미통과,현재가>150MA:1|현재가>200MA:1|150MA>200MA:1|200MA상승중:1|현재가>50MA:0|52주저점+25%:1|52주고점-30%:1,,0.0,,
074610,이엔플러스,KOSPI,5110.0,360.3,0.0,False,False,False,0,D,0.0,0.0,0.0,0.0,트렌드 미통과,현재가>150MA:0|현재가>200MA:1|150MA>200MA:1|200MA상승중:1|현재가>50MA:0|52주저점+25%:1|52주고점-30%:1,,0.0,,
102460,이연제약,KOSPI,9970.0,-5.5,2.2,False,False,False,0,D,0.0,0.0,0.0,0.0,트렌드 미통과,현재가>150MA:0|현재가>200MA:0|150MA>200MA:0|200MA상승중:0|현재가>50MA:0|52주저점+25%:0|52주고점-30%:1,,0.0,,
084680,이월드,KOSPI,532.0,-58.2,1.2,False,False,False,0,D,0.0,0.0,0.0,0.0,트렌드 미통과,현재가>150MA:0|현재가>200MA:0|150MA>200MA:0|200MA상승중:0|현재가>50MA:0|52주저점+25%:0|52주고점-30%:0,,0.0,,
350520,이지스레지던스리츠,KOSPI,3295.0,-8.6,1.0,False,False,False,0,D,0.0,0.0,0.0,0.0,트렌드 미통과,현재가>150MA:0|현재가>200MA:0|150MA>200MA:0|200MA상승중:0|현재가>50MA:0|52주저점+25%:0|52주고점-30%:1,,0.0,,
334890,이지스밸류플러스리츠,KOSPI,3670.0,-5.1,3.8,False,False,False,0,D,0.0,0.0,0.0,0.0,트렌드 미통과,현재가>150MA:0|현재가>200MA:0|150MA>200MA:0|200MA상승중:0|현재가>50MA:1|52주저점+25%:0|52주고점-30%:1,,0.0,,
000760,이화산업,KOSPI,12030.0,-9.3,0.1,False,False,False,0,D,0.0,0.0,0.0,0.0,트렌드 미통과,현재가>150MA:0|현재가>200MA:0|150MA>200MA:0|200MA상승중:1|현재가>50MA:0|52주저점+25%:0|52주고점-30%:0,,0.0,,
014990,인디에프,KOSPI,3415.0,227.4,41.3,True,False,False,64,C,0.0,0.0,0.0,0.0,컵 깊이 깊음(50.2%),현재가>150MA:1|현재가>200MA:1|150MA>200MA:1|200MA상승중:1|현재가>50MA:1|52주저점+25%:1|52주고점-30%:1,,0.0,,
101140,인바이오젠,KOSPI,4490.0,-45.0,0.3,False,False,False,0,D,0.0,0.0,0.0,0.0,트렌드 미통과,현재가>150MA:0|현재가>200MA:0|150MA>200MA:0|200MA상승중:0|현재가>50MA:0|52주저점+25%:0|52주고점-30%:0,,0.0,,
006490,프리티,KOSPI,1306.0,248.5,5.2,False,False,False,0,D,0.0,0.0,0.0,0.0,트렌드 미통과,현재가>150MA:1|현재가>200MA:1|150MA>200MA:0|200MA상승중:1|현재가>50MA:1|52주저점+25%:1|52주고점-30%:0,,0.0,,
023800,인지컨트롤스,KOSPI,5000.0,-11.9,1.3,False,False,False,0,D,0.0,0.0,0.0,0.0,트렌드 미통과,현재가>150MA:0|현재가>200MA:0|150MA>200MA:0|200MA상승중:0|현재가>50MA:0|52주저점+25%:0|52주고점-30%:0,,0.0,,
034590,인천도시가스,KOSPI,26400.0,0.6,0.2,False,False,False,0,D,0.0,0.0,0.0,0.0,트렌드 미통과,현재가>150MA:0|현재가>200MA:1|150MA>200MA:1|200MA상승중:1|현재가>50MA:0|52주저점+25%:0|52주고점-30%:1,,0.0,,
129260,인터지스,KOSPI,1891.0,-17.6,0.5,False,False,False,0,D,0.0,0.0,0.0,0.0,트렌드 미통과,현재가>150MA:0|현재가>200MA:0|150MA>200MA:0|200MA상승중:0|현재가>50MA:0|52주저점+25%:0|52주고점-30%:0,,0.0,,
023810,인팩,KOSPI,5040.0,-16.8,0.6,False,False,False,0,D,0.0,0.0,0.0,0.0,트렌드 미통과,현재가>150MA:0|현재가>200MA:0|150MA>200MA:0|200MA상승중:0|현재가>50MA:0|52주저점+25%:0|52주고점-30%:0,,0.0,,
249420,일동제약,KOSPI,13770.0,-39.9,77.9,False,False,False,0,D,0.0,0.0,0.0,0.0,트렌드 미통과,현재가>150MA:0|현재가>200MA:0|150MA>200MA:0|200MA상승중:0|현재가>50MA:0|52주저점+25%:0|52주고점-30%:0,,0.0,,
000230,일동홀딩스,KOSPI,5920.0,-28.1,2.8,False,False,False,0,D,0.0,0.0,0.0,0.0,트렌드 미통과,현재가>150MA:0|현재가>200MA:0|150MA>200MA:0|200MA상승중:0|현재가>50MA:0|52주저점+25%:0|52주고점-30%:0,,0.0,,
013360,일성건설,KOSPI,1351.0,-12.3,3.2,False,False,False,0,D,0.0,0.0,0.0,0.0,트렌드 미통과,현재가>150MA:0|현재가>200MA:0|150MA>200MA:0|200MA상승중:1|현재가>50MA:0|52주저점+25%:0|52주고점-30%:0,,0.0,,
003120,일성아이에스,KOSPI,21700.0,1.3,0.7,False,False,False,0,D,0.0,0.0,0.0,0.0,트렌드 미통과,현재가>150MA:1|현재가>200MA:1|150MA>200MA:0|200MA상승중:0|현재가>50MA:1|52주저점+25%:0|52주고점-30%:1,,0.0,,
003200,일신방직,KOSPI,10870.0,-3.7,13.6,False,False,False,0,D,0.0,0.0,0.0,0.0,트렌드 미통과,현재가>150MA:0|현재가>200MA:0|150MA>200MA:0|200MA상승중:0|현재가>50MA:1|52주저점+25%:0|52주고점-30%:0,,0.0,,
007110,일신석재,KOSPI,603.0,-54.7,2.9,False,False,False,0,D,0.0,0.0,0.0,0.0,트렌드 미통과,현재가>150MA:0|현재가>200MA:0|150MA>200MA:0|200MA상승중:0|현재가>50MA:0|52주저점+25%:0|52주고점-30%:0,,0.0,,
007570,일양약품,KOSPI,8010.0,-23.1,1.3,False,False,False,0,D,0.0,0.0,0.0,0.0,트렌드 미통과,현재가>150MA:0|현재가>200MA:0|150MA>200MA:0|200MA상승중:0|현재가>50MA:0|52주저점+25%:0|52주고점-30%:0,,0.0,,
007575,일양약품우,KOSPI,7950.0,-18.9,0.0,False,False,False,0,D,0.0,0.0,0.0,0.0,트렌드 미통과,현재가>150MA:0|현재가>200MA:0|150MA>200MA:0|200MA상승중:0|현재가>50MA:1|52주저점+25%:0|52주고점-30%:0,,0.0,,
081000,일진다이아,KOSPI,9220.0,-17.5,2.2,False,False,False,0,D,0.0,0.0,0.0,0.0,트렌드 미통과,현재가>150MA:0|현재가>200MA:0|150MA>200MA:0|200MA상승중:0|현재가>50MA:0|52주저점+25%:0|52주고점-30%:0,,0.0,,
020760,일진디스플,KOSPI,902.0,0.3,0.0,False,False,False,0,D,0.0,0.0,0.0,0.0,트렌드 미통과,현재가>150MA:0|현재가>200MA:0|150MA>200MA:0|200MA상승중:0|현재가>50MA:0|52주저점+25%:0|52주고점-30%:1,,0.0,,
103590,일진전기,KOSPI,80900.0,38.7,260.9,False,False,False,0,D,0.0,0.0,0.0,0.0,트렌드 미통과,현재가>150MA:1|현재가>200MA:1|150MA>200MA:1|200MA상승중:1|현재가>50MA:1|52주저점+25%:1|52주고점-30%:0,,0.0,,
271940,일진하이솔루스,KOSPI,10680.0,-18.7,6.1,False,False,False,0,D,0.0,0.0,0.0,0.0,트렌드 미통과,현재가>150MA:0|현재가>200MA:0|150MA>200MA:0|200MA상승중:0|현재가>50MA:0|52주저점+25%:0|52주고점-30%:0,,0.0,,
015860,일진홀딩스,KOSPI,6870.0,5.7,5.2,False,False,False,0,D,0.0,0.0,0.0,0.0,트렌드 미통과,현재가>150MA:0|현재가>200MA:0|150MA>200MA:1|200MA상승중:0|현재가>50MA:1|52주저점+25%:1|52주고점-30%:0,,0.0,,
226320,잇츠한불,KOSPI,10510.0,-0.1,2.6,False,False,False,0,D,0.0,0.0,0.0,0.0,트렌드 미통과,현재가>150MA:1|현재가>200MA:0|150MA>200MA:0|200MA상승중:0|현재가>50MA:1|52주저점+25%:0|52주고점-30%:1,,0.0,,
317400,자이에스앤디,KOSPI,9620.0,137.6,117.2,True,False,False,64,C,0.0,0.0,0.0,0.0,핸들 깊이 깊음(16.9%),현재가>150MA:1|현재가>200MA:1|150MA>200MA:1|200MA상승중:1|현재가>50MA:1|52주저점+25%:1|52주고점-30%:1,,0.0,,
033240,자화전자,KOSPI,26650.0,3.7,23.4,False,False,False,0,D,0.0,0.0,0.0,0.0,트렌드 미통과,현재가>150MA:0|현재가>200MA:0|150MA>200MA:1|200MA상승중:1|현재가>50MA:0|52주저점+25%:1|52주고점-30%:0,,0.0,,
000950,전방,KOSPI,30300.0,-7.0,0.3,False,False,False,0,D,0.0,0.0,0.0,0.0,트렌드 미통과,현재가>150MA:0|현재가>200MA:0|150MA>200MA:0|200MA상승중:0|현재가>50MA:0|52주저점+25%:1|52주고점-30%:0,,0.0,,
079900,전진건설로봇,KOSPI,40700.0,-9.1,54.8,False,False,False,0,D,0.0,0.0,0.0,0.0,트렌드 미통과,현재가>150MA:0|현재가>200MA:0|150MA>200MA:0|200MA상승중:0|현재가>50MA:1|52주저점+25%:1|52주고점-30%:0,,0.0,,
348950,제이알글로벌리츠,KOSPI,1182.0,-28.6,0.0,False,False,False,0,D,0.0,0.0,0.0,0.0,트렌드 미통과,현재가>150MA:0|현재가>200MA:0|150MA>200MA:0|200MA상승중:0|현재가>50MA:0|52주저점+25%:0|52주고점-30%:0,,0.0,,
194370,제이에스코퍼레이션,KOSPI,12720.0,6.9,6.4,False,False,False,0,D,0.0,0.0,0.0,0.0,트렌드 미통과,현재가>150MA:1|현재가>200MA:1|150MA>200MA:0|200MA상승중:1|현재가>50MA:0|52주저점+25%:1|52주고점-30%:1,,0.0,,
025620,차AI헬스케어,KOSPI,5160.0,-39.7,0.5,False,False,False,0,D,0.0,0.0,0.0,0.0,트렌드 미통과,현재가>150MA:0|현재가>200MA:0|150MA>200MA:0|200MA상승중:0|현재가>50MA:1|52주저점+25%:1|52주고점-30%:0,,0.0,,
030000,제일기획,KOSPI,17880.0,-10.0,70.2,False,False,False,0,D,0.0,0.0,0.0,0.0,트렌드 미통과,현재가>150MA:0|현재가>200MA:0|150MA>200MA:0|200MA상승중:0|현재가>50MA:0|52주저점+25%:0|52주고점-30%:1,,0.0,,
271980,제일약품,KOSPI,9940.0,-21.0,12.8,False,False,False,0,D,0.0,0.0,0.0,0.0,트렌드 미통과,현재가>150MA:0|현재가>200MA:0|150MA>200MA:0|200MA상승중:0|현재가>50MA:0|52주저점+25%:0|52주고점-30%:0,,0.0,,
001560,제일연마,KOSPI,9110.0,-6.4,0.4,False,False,False,0,D,0.0,0.0,0.0,0.0,트렌드 미통과,현재가>150MA:0|현재가>200MA:0|150MA>200MA:1|200MA상승중:0|현재가>50MA:1|52주저점+25%:0|52주고점-30%:1,,0.0,,
002620,제일파마홀딩스,KOSPI,7600.0,0.8,0.3,False,False,False,0,D,0.0,0.0,0.0,0.0,트렌드 미통과,현재가>150MA:0|현재가>200MA:0|150MA>200MA:0|200MA상승중:0|현재가>50MA:1|52주저점+25%:0|52주고점-30%:1,,0.0,,
006220,제주은행,KOSPI,9640.0,-16.7,29.1,False,False,False,0,D,0.0,0.0,0.0,0.0,트렌드 미통과,현재가>150MA:0|현재가>200MA:0|150MA>200MA:0|200MA상승중:0|현재가>50MA:1|52주저점+25%:0|52주고점-30%:0,,0.0,,
089590,제주항공,KOSPI,4625.0,-10.6,11.5,False,False,False,0,D,0.0,0.0,0.0,0.0,트렌드 미통과,현재가>150MA:0|현재가>200MA:0|150MA>200MA:0|200MA상승중:0|현재가>50MA:1|52주저점+25%:0|52주고점-30%:0,,0.0,,
004910,조광페인트,KOSPI,3420.0,-21.6,0.3,False,False,False,0,D,0.0,0.0,0.0,0.0,트렌드 미통과,현재가>150MA:0|현재가>200MA:0|150MA>200MA:0|200MA상승중:0|현재가>50MA:0|52주저점+25%:0|52주고점-30%:0,,0.0,,
004700,조광피혁,KOSPI,66900.0,2.8,0.5,False,False,False,0,D,0.0,0.0,0.0,0.0,트렌드 미통과,현재가>150MA:1|현재가>200MA:1|150MA>200MA:0|200MA상승중:0|현재가>50MA:1|52주저점+25%:0|52주고점-30%:1,,0.0,,
001550,조비,KOSPI,10220.0,-13.7,7.4,False,False,False,0,D,0.0,0.0,0.0,0.0,트렌드 미통과,현재가>150MA:0|현재가>200MA:0|150MA>200MA:1|200MA상승중:0|현재가>50MA:0|52주저점+25%:0|52주고점-30%:0,,0.0,,
462520,조선내화,KOSPI,12670.0,-14.0,0.8,False,False,False,0,D,0.0,0.0,0.0,0.0,트렌드 미통과,현재가>150MA:0|현재가>200MA:0|150MA>200MA:1|200MA상승중:0|현재가>50MA:0|52주저점+25%:0|52주고점-30%:1,,0.0,,
120030,조선선재,KOSPI,82600.0,-14.0,0.2,False,False,False,0,D,0.0,0.0,0.0,0.0,트렌드 미통과,현재가>150MA:0|현재가>200MA:0|150MA>200MA:0|200MA상승중:0|현재가>50MA:0|52주저점+25%:0|52주고점-30%:1,,0.0,,
018470,조일알미늄,KOSPI,5210.0,349.2,3.7,True,False,False,64,C,0.0,0.0,0.0,0.0,컵 깊이 깊음(54.6%),현재가>150MA:1|현재가>200MA:1|150MA>200MA:1|200MA상승중:1|현재가>50MA:1|52주저점+25%:1|52주고점-30%:1,,0.0,,
002600,조흥,KOSPI,137500.0,-6.4,0.0,False,False,False,0,D,0.0,0.0,0.0,0.0,트렌드 미통과,현재가>150MA:0|현재가>200MA:0|150MA>200MA:0|200MA상승중:0|현재가>50MA:1|52주저점+25%:0|52주고점-30%:1,,0.0,,
185750,종근당,KOSPI,64400.0,-17.8,14.1,False,False,False,0,D,0.0,0.0,0.0,0.0,트렌드 미통과,현재가>150MA:0|현재가>200MA:0|150MA>200MA:0|200MA상승중:0|현재가>50MA:0|52주저점+25%:0|52주고점-30%:0,,0.0,,
063160,종근당바이오,KOSPI,12940.0,-25.4,0.8,False,False,False,0,D,0.0,0.0,0.0,0.0,트렌드 미통과,현재가>150MA:0|현재가>200MA:0|150MA>200MA:0|200MA상승중:0|현재가>50MA:0|52주저점+25%:0|52주고점-30%:0,,0.0,,
001630,종근당홀딩스,KOSPI,37250.0,-16.4,0.7,False,False,False,0,D,0.0,0.0,0.0,0.0,트렌드 미통과,현재가>150MA:0|현재가>200MA:0|150MA>200MA:0|200MA상승중:0|현재가>50MA:0|52주저점+25%:0|52주고점-30%:0,,0.0,,
109070,주성코퍼레이션,KOSPI,6950.0,512.3,0.4,True,False,False,64,C,0.0,0.0,0.0,0.0,핸들 기간 짧음,현재가>150MA:1|현재가>200MA:1|150MA>200MA:1|200MA상승중:1|현재가>50MA:1|52주저점+25%:1|52주고점-30%:1,,0.0,,
044380,주연테크,KOSPI,436.0,-21.7,5.8,False,False,False,0,D,0.0,0.0,0.0,0.0,트렌드 미통과,현재가>150MA:0|현재가>200MA:0|150MA>200MA:1|200MA상승중:1|현재가>50MA:0|52주저점+25%:1|52주고점-30%:0,,0.0,,
013890,지누스,KOSPI,6990.0,-36.5,1.3,False,False,False,0,D,0.0,0.0,0.0,0.0,트렌드 미통과,현재가>150MA:0|현재가>200MA:0|150MA>200MA:0|200MA상승중:0|현재가>50MA:0|52주저점+25%:0|52주고점-30%:0,,0.0,,
013870,지엠비코리아,KOSPI,3780.0,-7.5,0.5,False,False,False,0,D,0.0,0.0,0.0,0.0,트렌드 미통과,현재가>150MA:0|현재가>200MA:0|150MA>200MA:0|200MA상승중:1|현재가>50MA:0|52주저점+25%:0|52주고점-30%:0,,0.0,,
071320,지역난방공사,KOSPI,79300.0,0.2,9.5,False,False,False,0,D,0.0,0.0,0.0,0.0,트렌드 미통과,현재가>150MA:1|현재가>200MA:0|150MA>200MA:0|200MA상승중:0|현재가>50MA:1|52주저점+25%:1|52주고점-30%:1,,0.0,,
088790,진도,KOSPI,2465.0,11.0,1.6,False,False,False,0,D,0.0,0.0,0.0,0.0,트렌드 미통과,현재가>150MA:1|현재가>200MA:1|150MA>200MA:1|200MA상승중:1|현재가>50MA:1|52주저점+25%:1|52주고점-30%:1,,0.0,,
003780,진양산업,KOSPI,4430.0,-19.8,4.5,False,False,False,0,D,0.0,0.0,0.0,0.0,트렌드 미통과,현재가>150MA:0|현재가>200MA:0|150MA>200MA:0|200MA상승중:0|현재가>50MA:1|52주저점+25%:0|52주고점-30%:0,,0.0,,
010640,진양폴리,KOSPI,2200.0,-8.3,2.6,False,False,False,0,D,0.0,0.0,0.0,0.0,트렌드 미통과,현재가>150MA:1|현재가>200MA:0|150MA>200MA:0|200MA상승중:0|현재가>50MA:1|52주저점+25%:1|52주고점-30%:0,,0.0,,
100250,진양홀딩스,KOSPI,3095.0,0.8,1.1,False,False,False,0,D,0.0,0.0,0.0,0.0,트렌드 미통과,현재가>150MA:1|현재가>200MA:1|150MA>200MA:0|200MA상승중:0|현재가>50MA:1|52주저점+25%:0|52주고점-30%:1,,0.0,,
051630,진양화학,KOSPI,1765.0,-13.8,10.4,False,False,False,0,D,0.0,0.0,0.0,0.0,트렌드 미통과,현재가>150MA:0|현재가>200MA:0|150MA>200MA:0|200MA상승중:0|현재가>50MA:1|52주저점+25%:1|52주고점-30%:0,,0.0,,
272450,진에어,KOSPI,5940.0,-9.0,6.4,False,False,False,0,D,0.0,0.0,0.0,0.0,트렌드 미통과,현재가>150MA:0|현재가>200MA:0|150MA>200MA:0|200MA상승중:0|현재가>50MA:1|52주저점+25%:0|52주고점-30%:1,,0.0,,
011000,진원생명과학,KOSPI,2670.0,205.6,0.0,False,False,False,0,D,0.0,0.0,0.0,0.0,트렌드 미통과,현재가>150MA:1|현재가>200MA:1|150MA>200MA:0|200MA상승중:1|현재가>50MA:1|52주저점+25%:1|52주고점-30%:1,,0.0,,
002780,진흥기업,KOSPI,6540.0,719.0,5.7,True,False,False,64,C,0.0,0.0,0.0,0.0,컵 깊이 깊음(51.0%),현재가>150MA:1|현재가>200MA:1|150MA>200MA:1|200MA상승중:1|현재가>50MA:1|52주저점+25%:1|52주고점-30%:1,,0.0,,
002787,진흥기업2우B,KOSPI,12620.0,126.2,0.4,False,False,False,0,D,0.0,0.0,0.0,0.0,트렌드 미통과,현재가>150MA:1|현재가>200MA:1|150MA>200MA:0|200MA상승중:1|현재가>50MA:1|52주저점+25%:1|52주고점-30%:0,,0.0,,
002785,진흥기업우B,KOSPI,8700.0,283.5,0.2,False,False,False,0,D,0.0,0.0,0.0,0.0,트렌드 미통과,현재가>150MA:1|현재가>200MA:1|150MA>200MA:0|200MA상승중:1|현재가>50MA:1|52주저점+25%:1|52주고점-30%:0,,0.0,,
009310,참엔지니어링,KOSPI,5330.0,218.7,0.0,False,False,False,0,D,0.0,0.0,0.0,0.0,트렌드 미통과,현재가>150MA:1|현재가>200MA:1|150MA>200MA:1|200MA상승중:1|현재가>50MA:0|52주저점+25%:1|52주고점-30%:1,,0.0,,
000650,천일고속,KOSPI,142600.0,21.5,1.6,False,False,False,0,D,0.0,0.0,0.0,0.0,트렌드 미통과,현재가>150MA:0|현재가>200MA:0|150MA>200MA:0|200MA상승중:1|현재가>50MA:0|52주저점+25%:1|52주고점-30%:0,,0.0,,
033250,체시스,KOSPI,4185.0,190.5,3.0,True,False,False,64,C,0.0,0.0,0.0,0.0,컵 깊이 얕음(13.6%),현재가>150MA:1|현재가>200MA:1|150MA>200MA:1|200MA상승중:1|현재가>50MA:1|52주저점+25%:1|52주고점-30%:1,,0.0,,
035720,카카오,KOSPI,33700.0,-25.9,505.6,False,False,False,0,D,0.0,0.0,0.0,0.0,트렌드 미통과,현재가>150MA:0|현재가>200MA:0|150MA>200MA:0|200MA상승중:0|현재가>50MA:0|52주저점+25%:0|52주고점-30%:0,,0.0,,
323410,카카오뱅크,KOSPI,20250.0,-9.6,171.1,False,False,False,0,D,0.0,0.0,0.0,0.0,트렌드 미통과,현재가>150MA:0|현재가>200MA:0|150MA>200MA:1|200MA상승중:0|현재가>50MA:0|52주저점+25%:0|52주고점-30%:1,,0.0,,
377300,카카오페이,KOSPI,40100.0,-12.7,141.6,False,False,False,0,D,0.0,0.0,0.0,0.0,트렌드 미통과,현재가>150MA:0|현재가>200MA:0|150MA>200MA:0|200MA상승중:0|현재가>50MA:0|52주저점+25%:0|52주고점-30%:0,,0.0,,
001620,케이비아이동국실업,KOSPI,2175.0,182.1,0.3,True,False,False,64,C,0.0,0.0,0.0,0.0,컵 기간 짧음(15일),현재가>150MA:1|현재가>200MA:1|150MA>200MA:1|200MA상승중:1|현재가>50MA:1|52주저점+25%:1|52주고점-30%:1,,0.0,,
029460,케이씨,KOSPI,46250.0,63.3,14.2,True,False,False,64,C,0.0,0.0,0.0,0.0,핸들 기간 짧음,현재가>150MA:1|현재가>200MA:1|150MA>200MA:1|200MA상승중:1|현재가>50MA:1|52주저점+25%:1|52주고점-30%:1,,0.0,,
281820,케이씨텍,KOSPI,88100.0,68.9,142.7,True,False,False,64,C,0.0,0.0,0.0,0.0,컵 깊이 얕음(11.6%),현재가>150MA:1|현재가>200MA:1|150MA>200MA:1|200MA상승중:1|현재가>50MA:1|52주저점+25%:1|52주고점-30%:1,,0.0,,
381970,KG모빌리티플랫폼,KOSPI,6370.0,-45.3,4.3,False,False,False,0,D,0.0,0.0,0.0,0.0,트렌드 미통과,현재가>150MA:0|현재가>200MA:0|150MA>200MA:0|200MA상승중:0|현재가>50MA:0|52주저점+25%:0|52주고점-30%:0,,0.0,,
145270,케이탑리츠,KOSPI,794.0,-6.8,0.2,False,False,False,0,D,0.0,0.0,0.0,0.0,트렌드 미통과,현재가>150MA:0|현재가>200MA:0|150MA>200MA:0|200MA상승중:0|현재가>50MA:1|52주저점+25%:0|52주고점-30%:1,,0.0,,
417310,코람코더원리츠,KOSPI,2385.0,-71.8,4.3,False,False,False,0,D,0.0,0.0,0.0,0.0,트렌드 미통과,현재가>150MA:0|현재가>200MA:0|150MA>200MA:1|200MA상승중:0|현재가>50MA:0|52주저점+25%:0|52주고점-30%:0,,0.0,,
357120,코람코라이프인프라리츠,KOSPI,4280.0,0.7,3.1,False,False,False,0,D,0.0,0.0,0.0,0.0,트렌드 미통과,현재가>150MA:0|현재가>200MA:0|150MA>200MA:0|200MA상승중:0|현재가>50MA:1|52주저점+25%:0|52주고점-30%:1,,0.0,,
007815,코리아써우,KOSPI,19770.0,49.4,0.2,False,False,False,0,D,0.0,0.0,0.0,0.0,트렌드 미통과,현재가>150MA:1|현재가>200MA:1|150MA>200MA:1|200MA상승중:1|현재가>50MA:1|52주저점+25%:1|52주고점-30%:0,,0.0,,
007810,코리아써키트,KOSPI,74100.0,78.3,322.5,False,False,False,0,D,0.0,0.0,0.0,0.0,트렌드 미통과,현재가>150MA:0|현재가>200MA:1|150MA>200MA:1|200MA상승중:1|현재가>50MA:1|52주저점+25%:1|52주고점-30%:0,,0.0,,
00781K,코리아써키트2우B,KOSPI,14500.0,25.0,0.1,False,False,False,0,D,0.0,0.0,0.0,0.0,트렌드 미통과,현재가>150MA:0|현재가>200MA:0|150MA>200MA:1|200MA상승중:1|현재가>50MA:1|52주저점+25%:1|52주고점-30%:0,,0.0,,
003690,코리안리,KOSPI,15130.0,24.0,35.2,True,True,False,67,C,15470.0,19.9,6.9,0.69,거래량 미충족,현재가>150MA:1|현재가>200MA:1|150MA>200MA:1|200MA상승중:1|현재가>50MA:1|52주저점+25%:1|52주고점-30%:1,safe,-2.2,130.0,17.0
192820,코스맥스,KOSPI,277500.0,58.0,300.3,True,False,False,64,C,0.0,0.0,0.0,0.0,핸들 기간 김(21일),현재가>150MA:1|현재가>200MA:1|150MA>200MA:1|200MA상승중:1|현재가>50MA:1|52주저점+25%:1|52주고점-30%:1,,0.0,,
044820,코스맥스비티아이,KOSPI,25800.0,57.0,6.5,True,False,False,64,C,0.0,0.0,0.0,0.0,컵 깊이 얕음(11.1%),현재가>150MA:1|현재가>200MA:1|150MA>200MA:1|200MA상승중:1|현재가>50MA:1|52주저점+25%:1|52주고점-30%:1,,0.0,,
005070,코스모신소재,KOSPI,43050.0,0.3,45.4,False,False,False,0,D,0.0,0.0,0.0,0.0,트렌드 미통과,현재가>150MA:0|현재가>200MA:0|150MA>200MA:0|200MA상승중:0|현재가>50MA:1|52주저점+25%:1|52주고점-30%:0,,0.0,,
005420,코스모화학,KOSPI,10180.0,-25.0,9.7,False,False,False,0,D,0.0,0.0,0.0,0.0,트렌드 미통과,현재가>150MA:0|현재가>200MA:0|150MA>200MA:0|200MA상승중:0|현재가>50MA:1|52주저점+25%:1|52주고점-30%:0,,0.0,,
071950,코아스,KOSPI,1922.0,-25.0,1.5,False,False,False,0,D,0.0,0.0,0.0,0.0,트렌드 미통과,현재가>150MA:0|현재가>200MA:0|150MA>200MA:0|200MA상승중:0|현재가>50MA:1|52주저점+25%:1|52주고점-30%:0,,0.0,,
002020,코오롱,KOSPI,23500.0,-52.3,5.6,False,False,False,0,D,0.0,0.0,0.0,0.0,트렌드 미통과,현재가>150MA:0|현재가>200MA:0|150MA>200MA:0|200MA상승중:0|현재가>50MA:0|52주저점+25%:0|52주고점-30%:0,,0.0,,
003070,코오롱글로벌,KOSPI,9150.0,-4.5,1.0,False,False,False,0,D,0.0,0.0,0.0,0.0,트렌드 미통과,현재가>150MA:0|현재가>200MA:0|150MA>200MA:1|200MA상승중:1|현재가>50MA:0|52주저점+25%:0|52주고점-30%:1,,0.0,,
003075,코오롱글로벌우,KOSPI,13020.0,-13.0,0.1,False,False,False,0,D,0.0,0.0,0.0,0.0,트렌드 미통과,현재가>150MA:0|현재가>200MA:0|150MA>200MA:0|200MA상승중:0|현재가>50MA:0|52주저점+25%:0|52주고점-30%:1,,0.0,,
002025,코오롱우,KOSPI,12850.0,-47.2,0.2,False,False,False,0,D,0.0,0.0,0.0,0.0,트렌드 미통과,현재가>150MA:0|현재가>200MA:0|150MA>200MA:0|200MA상승중:0|현재가>50MA:0|52주저점+25%:0|52주고점-30%:0,,0.0,,
120110,코오롱인더,KOSPI,54700.0,1.3,117.9,False,False,False,0,D,0.0,0.0,0.0,0.0,트렌드 미통과,현재가>150MA:0|현재가>200MA:0|150MA>200MA:1|200MA상승중:1|현재가>50MA:1|52주저점+25%:1|52주고점-30%:0,,0.0,,
120115,코오롱인더우,KOSPI,25200.0,1.0,1.5,False,False,False,0,D,0.0,0.0,0.0,0.0,트렌드 미통과,현재가>150MA:0|현재가>200MA:0|150MA>200MA:1|200MA상승중:1|현재가>50MA:1|52주저점+25%:0|52주고점-30%:1,,0.0,,
021240,코웨이,KOSPI,101500.0,15.7,206.4,True,False,False,56,D,0.0,0.0,0.0,0.0,현재가 피벗 미달(-5.6%),현재가>150MA:1|현재가>200MA:1|150MA>200MA:1|200MA상승중:1|현재가>50MA:1|52주저점+25%:1|52주고점-30%:1,,0.0,,
036420,콘텐트리중앙,KOSPI,1549.0,-76.5,0.6,False,False,False,0,D,0.0,0.0,0.0,0.0,트렌드 미통과,현재가>150MA:0|현재가>200MA:0|150MA>200MA:0|200MA상승중:0|현재가>50MA:0|52주저점+25%:1|52주고점-30%:0,,0.0,,
024720,콜마홀딩스,KOSPI,9260.0,0.1,2.4,False,False,False,0,D,0.0,0.0,0.0,0.0,트렌드 미통과,현재가>150MA:1|현재가>200MA:0|150MA>200MA:0|200MA상승중:0|현재가>50MA:0|52주저점+25%:1|52주고점-30%:0,,0.0,,
031820,아이티센씨티에스,KOSPI,5650.0,467.5,1.9,False,False,False,0,D,0.0,0.0,0.0,0.0,트렌드 미통과,현재가>150MA:1|현재가>200MA:1|150MA>200MA:1|200MA상승중:1|현재가>50MA:0|52주저점+25%:1|52주고점-30%:0,,0.0,,
192400,쿠쿠홀딩스,KOSPI,27450.0,-2.7,3.0,False,False,False,0,D,0.0,0.0,0.0,0.0,트렌드 미통과,현재가>150MA:1|현재가>200MA:0|150MA>200MA:0|200MA상승중:0|현재가>50MA:1|52주저점+25%:0|52주고점-30%:1,,0.0,,
284740,쿠쿠홈시스,KOSPI,23800.0,0.4,2.4,False,False,False,0,D,0.0,0.0,0.0,0.0,트렌드 미통과,현재가>150MA:1|현재가>200MA:1|150MA>200MA:0|200MA상승중:0|현재가>50MA:1|52주저점+25%:0|52주고점-30%:1,,0.0,,
264900,크라운제과,KOSPI,7700.0,-9.8,0.7,False,False,False,0,D,0.0,0.0,0.0,0.0,트렌드 미통과,현재가>150MA:0|현재가>200MA:0|150MA>200MA:0|200MA상승중:0|현재가>50MA:0|52주저점+25%:0|52주고점-30%:1,,0.0,,
26490K,크라운제과우,KOSPI,7260.0,-15.6,0.0,False,False,False,0,D,0.0,0.0,0.0,0.0,트렌드 미통과,현재가>150MA:0|현재가>200MA:0|150MA>200MA:0|200MA상승중:0|현재가>50MA:0|52주저점+25%:0|52주고점-30%:1,,0.0,,
005740,크라운해태홀딩스,KOSPI,5140.0,-20.5,1.4,False,False,False,0,D,0.0,0.0,0.0,0.0,트렌드 미통과,현재가>150MA:0|현재가>200MA:0|150MA>200MA:0|200MA상승중:0|현재가>50MA:0|52주저점+25%:0|52주고점-30%:0,,0.0,,
005745,크라운해태홀딩스우,KOSPI,5280.0,-24.4,0.0,False,False,False,0,D,0.0,0.0,0.0,0.0,트렌드 미통과,현재가>150MA:0|현재가>200MA:0|150MA>200MA:0|200MA상승중:0|현재가>50MA:1|52주저점+25%:0|52주고점-30%:0,,0.0,,
259960,크래프톤,KOSPI,198700.0,-19.0,165.5,False,False,False,0,D,0.0,0.0,0.0,0.0,트렌드 미통과,현재가>150MA:0|현재가>200MA:0|150MA>200MA:0|200MA상승중:0|현재가>50MA:0|52주저점+25%:0|52주고점-30%:0,,0.0,,
020120,키다리스튜디오,KOSPI,8010.0,134.9,44.4,True,False,False,64,C,0.0,0.0,0.0,0.0,핸들 깊이 깊음(18.8%),현재가>150MA:1|현재가>200MA:1|150MA>200MA:1|200MA상승중:1|현재가>50MA:1|52주저점+25%:1|52주고점-30%:1,,0.0,,
039490,키움증권,KOSPI,255500.0,-19.2,176.3,False,False,False,0,D,0.0,0.0,0.0,0.0,트렌드 미통과,현재가>150MA:0|현재가>200MA:0|150MA>200MA:1|200MA상승중:0|현재가>50MA:0|52주저점+25%:0|52주고점-30%:0,,0.0,,
014580,태경비케이,KOSPI,3770.0,-14.3,1.2,False,False,False,0,D,0.0,0.0,0.0,0.0,트렌드 미통과,현재가>150MA:0|현재가>200MA:0|150MA>200MA:0|200MA상승중:0|현재가>50MA:0|52주저점+25%:0|52주고점-30%:1,,0.0,,
015890,태경산업,KOSPI,4765.0,-1.6,0.7,False,False,False,0,D,0.0,0.0,0.0,0.0,트렌드 미통과,현재가>150MA:0|현재가>200MA:0|150MA>200MA:0|200MA상승중:0|현재가>50MA:1|52주저점+25%:0|52주고점-30%:1,,0.0,,
006890,태경케미컬,KOSPI,4820.0,-32.7,1.1,False,False,False,0,D,0.0,0.0,0.0,0.0,트렌드 미통과,현재가>150MA:0|현재가>200MA:0|150MA>200MA:0|200MA상승중:0|현재가>50MA:0|52주저점+25%:0|52주고점-30%:0,,0.0,,
003240,태광산업,KOSPI,904000.0,0.6,9.9,False,False,False,0,D,0.0,0.0,0.0,0.0,트렌드 미통과,현재가>150MA:0|현재가>200MA:0|150MA>200MA:1|200MA상승중:1|현재가>50MA:1|52주저점+25%:1|52주고점-30%:0,,0.0,,
011280,태림포장,KOSPI,1380.0,-30.4,0.7,False,False,False,0,D,0.0,0.0,0.0,0.0,트렌드 미통과,현재가>150MA:0|현재가>200MA:0|150MA>200MA:0|200MA상승중:0|현재가>50MA:0|52주저점+25%:0|52주고점-30%:0,,0.0,,
004100,태양금속,KOSPI,3070.0,22.3,10.5,False,False,False,0,D,0.0,0.0,0.0,0.0,트렌드 미통과,현재가>150MA:1|현재가>200MA:1|150MA>200MA:1|200MA상승중:1|현재가>50MA:1|52주저점+25%:1|52주고점-30%:1,,0.0,,
004105,태양금속우,KOSPI,4065.0,19.7,1.3,False,False,False,0,D,0.0,0.0,0.0,0.0,트렌드 미통과,현재가>150MA:1|현재가>200MA:1|150MA>200MA:1|200MA상승중:1|현재가>50MA:1|52주저점+25%:1|52주고점-30%:1,,0.0,,
009410,태영건설,KOSPI,1600.0,-7.8,3.9,False,False,False,0,D,0.0,0.0,0.0,0.0,트렌드 미통과,현재가>150MA:0|현재가>200MA:0|150MA>200MA:1|200MA상승중:1|현재가>50MA:0|52주저점+25%:0|52주고점-30%:1,,0.0,,
009415,태영건설우,KOSPI,6070.0,-14.1,0.1,False,False,False,0,D,0.0,0.0,0.0,0.0,트렌드 미통과,현재가>150MA:0|현재가>200MA:0|150MA>200MA:0|200MA상승중:1|현재가>50MA:0|52주저점+25%:1|52주고점-30%:0,,0.0,,
001420,태원물산,KOSPI,2980.0,1.7,1.2,False,False,False,0,D,0.0,0.0,0.0,0.0,트렌드 미통과,현재가>150MA:1|현재가>200MA:1|150MA>200MA:0|200MA상승중:0|현재가>50MA:1|52주저점+25%:1|52주고점-30%:1,,0.0,,
055490,테이팩스,KOSPI,15110.0,4.9,3.0,False,False,False,0,D,0.0,0.0,0.0,0.0,트렌드 미통과,현재가>150MA:0|현재가>200MA:0|150MA>200MA:1|200MA상승중:0|현재가>50MA:1|52주저점+25%:1|52주고점-30%:0,,0.0,,
078000,텔코웨어,KOSPI,13340.0,-7.9,0.3,False,False,False,0,D,0.0,0.0,0.0,0.0,트렌드 미통과,현재가>150MA:0|현재가>200MA:0|150MA>200MA:0|200MA상승중:0|현재가>50MA:1|52주저점+25%:0|52주고점-30%:0,,0.0,,
214420,토니모리,KOSPI,4995.0,-25.8,3.0,False,False,False,0,D,0.0,0.0,0.0,0.0,트렌드 미통과,현재가>150MA:0|현재가>200MA:0|150MA>200MA:0|200MA상승중:0|현재가>50MA:0|52주저점+25%:0|52주고점-30%:0,,0.0,,
019180,티에이치엔,KOSPI,4980.0,-22.1,3.4,False,False,False,0,D,0.0,0.0,0.0,0.0,트렌드 미통과,현재가>150MA:0|현재가>200MA:0|150MA>200MA:0|200MA상승중:0|현재가>50MA:0|52주저점+25%:0|52주고점-30%:0,,0.0,,
363280,티와이홀딩스,KOSPI,2010.0,-12.4,0.4,False,False,False,0,D,0.0,0.0,0.0,0.0,트렌드 미통과,현재가>150MA:0|현재가>200MA:0|150MA>200MA:0|200MA상승중:0|현재가>50MA:1|52주저점+25%:0|52주고점-30%:0,,0.0,,
36328K,티와이홀딩스우,KOSPI,2810.0,-25.4,0.5,False,False,False,0,D,0.0,0.0,0.0,0.0,트렌드 미통과,현재가>150MA:0|현재가>200MA:0|150MA>200MA:0|200MA상승중:0|현재가>50MA:1|52주저점+25%:0|52주고점-30%:0,,0.0,,
091810,트리니티항공,KOSPI,2605.0,144.1,2.3,False,False,False,0,D,0.0,0.0,0.0,0.0,트렌드 미통과,현재가>150MA:1|현재가>200MA:1|150MA>200MA:0|200MA상승중:1|현재가>50MA:1|52주저점+25%:1|52주고점-30%:1,,0.0,,
004870,티웨이홀딩스,KOSPI,991.0,182.1,1.1,False,False,False,0,D,0.0,0.0,0.0,0.0,트렌드 미통과,현재가>150MA:1|현재가>200MA:1|150MA>200MA:1|200MA상승중:1|현재가>50MA:0|52주저점+25%:1|52주고점-30%:1,,0.0,,
034230,파라다이스,KOSPI,9470.0,-41.8,31.5,False,False,False,0,D,0.0,0.0,0.0,0.0,트렌드 미통과,현재가>150MA:0|현재가>200MA:0|150MA>200MA:0|200MA상승중:0|현재가>50MA:0|52주저점+25%:0|52주고점-30%:0,,0.0,,
005690,파미셀,KOSPI,12080.0,-15.8,176.9,False,False,False,0,D,0.0,0.0,0.0,0.0,트렌드 미통과,현재가>150MA:0|현재가>200MA:0|150MA>200MA:0|200MA상승중:0|현재가>50MA:1|52주저점+25%:1|52주고점-30%:0,,0.0,,
036580,팜스코,KOSPI,2485.0,-6.8,1.0,False,False,False,0,D,0.0,0.0,0.0,0.0,트렌드 미통과,현재가>150MA:0|현재가>200MA:0|150MA>200MA:1|200MA상승중:1|현재가>50MA:0|52주저점+25%:0|52주고점-30%:0,,0.0,,
004720,팜젠사이언스,KOSPI,2855.0,-21.0,0.4,False,False,False,0,D,0.0,0.0,0.0,0.0,트렌드 미통과,현재가>150MA:0|현재가>200MA:0|150MA>200MA:0|200MA상승중:0|현재가>50MA:0|52주저점+25%:0|52주고점-30%:0,,0.0,,
028670,팬오션,KOSPI,5700.0,27.1,168.0,True,False,False,64,C,0.0,0.0,0.0,0.0,핸들 기간 김(24일),현재가>150MA:1|현재가>200MA:1|150MA>200MA:1|200MA상승중:1|현재가>50MA:1|52주저점+25%:1|52주고점-30%:1,,0.0,,
010820,퍼스텍,KOSPI,6170.0,14.2,22.2,False,False,False,0,D,0.0,0.0,0.0,0.0,트렌드 미통과,현재가>150MA:0|현재가>200MA:0|150MA>200MA:1|200MA상승중:1|현재가>50MA:1|52주저점+25%:1|52주고점-30%:0,,0.0,,
016800,퍼시스,KOSPI,23950.0,-28.8,0.2,False,False,False,0,D,0.0,0.0,0.0,0.0,트렌드 미통과,현재가>150MA:0|현재가>200MA:0|150MA>200MA:0|200MA상승중:0|현재가>50MA:0|52주저점+25%:0|52주고점-30%:0,,0.0,,
001020,페이퍼코리아,KOSPI,1937.0,114.0,0.4,False,False,False,0,D,0.0,0.0,0.0,0.0,트렌드 미통과,현재가>150MA:1|현재가>200MA:1|150MA>200MA:1|200MA상승중:1|현재가>50MA:0|52주저점+25%:1|52주고점-30%:1,,0.0,,
090080,평화산업,KOSPI,1026.0,14.7,1.0,False,False,False,0,D,0.0,0.0,0.0,0.0,트렌드 미통과,현재가>150MA:1|현재가>200MA:1|150MA>200MA:0|200MA상승중:1|현재가>50MA:1|52주저점+25%:1|52주고점-30%:1,,0.0,,
010770,평화홀딩스,KOSPI,3510.0,-9.0,0.7,False,False,False,0,D,0.0,0.0,0.0,0.0,트렌드 미통과,현재가>150MA:0|현재가>200MA:0|150MA>200MA:1|200MA상승중:0|현재가>50MA:0|52주저점+25%:0|52주고점-30%:0,,0.0,,
022100,포스코DX,KOSPI,19860.0,-18.7,303.2,False,False,False,0,D,0.0,0.0,0.0,0.0,트렌드 미통과,현재가>150MA:0|현재가>200MA:0|150MA>200MA:0|200MA상승중:0|현재가>50MA:0|52주저점+25%:0|52주고점-30%:0,,0.0,,
058430,포스코스틸리온,KOSPI,4455.0,-59.3,9.8,False,False,False,0,D,0.0,0.0,0.0,0.0,트렌드 미통과,현재가>150MA:0|현재가>200MA:0|150MA>200MA:0|200MA상승중:0|현재가>50MA:0|52주저점+25%:0|52주고점-30%:0,,0.0,,
047050,포스코인터내셔널,KOSPI,54400.0,-0.4,1466.0,False,False,False,0,D,0.0,0.0,0.0,0.0,트렌드 미통과,현재가>150MA:0|현재가>200MA:0|150MA>200MA:1|200MA상승중:1|현재가>50MA:1|52주저점+25%:0|52주고점-30%:0,,0.0,,
003670,포스코퓨처엠,KOSPI,175400.0,-0.3,627.3,False,False,False,0,D,0.0,0.0,0.0,0.0,트렌드 미통과,현재가>150MA:0|현재가>200MA:0|150MA>200MA:0|200MA상승중:0|현재가>50MA:1|52주저점+25%:1|52주고점-30%:0,,0.0,,
017810,풀무원,KOSPI,8700.0,-23.2,2.3,False,False,False,0,D,0.0,0.0,0.0,0.0,트렌드 미통과,현재가>150MA:0|현재가>200MA:0|150MA>200MA:0|200MA상승중:0|현재가>50MA:0|52주저점+25%:0|52주고점-30%:0,,0.0,,
103140,풍산,KOSPI,77900.0,-9.6,81.1,False,False,False,0,D,0.0,0.0,0.0,0.0,트렌드 미통과,현재가>150MA:0|현재가>200MA:0|150MA>200MA:0|200MA상승중:0|현재가>50MA:1|52주저점+25%:1|52주고점-30%:0,,0.0,,
005810,풍산홀딩스,KOSPI,36650.0,-0.5,4.6,False,False,False,0,D,0.0,0.0,0.0,0.0,트렌드 미통과,현재가>150MA:0|현재가>200MA:0|150MA>200MA:1|200MA상승중:1|현재가>50MA:1|52주저점+25%:0|52주고점-30%:0,,0.0,,
950210,프레스티지바이오파마,KOSPI,6040.0,-34.8,2.2,False,False,False,0,D,0.0,0.0,0.0,0.0,트렌드 미통과,현재가>150MA:0|현재가>200MA:0|150MA>200MA:0|200MA상승중:0|현재가>50MA:0|52주저점+25%:0|52주고점-30%:0,,0.0,,
009810,MDS스피어,KOSPI,1926.0,241.5,0.1,True,False,False,64,C,0.0,0.0,0.0,0.0,컵 기간 짧음(12일),현재가>150MA:1|현재가>200MA:1|150MA>200MA:1|200MA상승중:1|현재가>50MA:1|52주저점+25%:1|52주고점-30%:1,,0.0,,
086790,하나금융지주,KOSPI,135300.0,31.6,1021.4,True,False,False,64,C,0.0,0.0,0.0,0.0,컵 기간 짧음(7일),현재가>150MA:1|현재가>200MA:1|150MA>200MA:1|200MA상승중:1|현재가>50MA:1|52주저점+25%:1|52주고점-30%:1,,0.0,,
293480,하나제약,KOSPI,8240.0,-16.6,1.3,False,False,False,0,D,0.0,0.0,0.0,0.0,트렌드 미통과,현재가>150MA:0|현재가>200MA:0|150MA>200MA:0|200MA상승중:0|현재가>50MA:0|52주저점+25%:0|52주고점-30%:0,,0.0,,
039130,하나투어,KOSPI,30300.0,-23.9,9.7,False,False,False,0,D,0.0,0.0,0.0,0.0,트렌드 미통과,현재가>150MA:0|현재가>200MA:0|150MA>200MA:0|200MA상승중:0|현재가>50MA:0|52주저점+25%:0|52주고점-30%:0,,0.0,,
352820,하이브,KOSPI,158700.0,-35.3,308.2,False,False,False,0,D,0.0,0.0,0.0,0.0,트렌드 미통과,현재가>150MA:0|현재가>200MA:0|150MA>200MA:0|200MA상승중:0|현재가>50MA:0|52주저점+25%:0|52주고점-30%:0,,0.0,,
071090,하이스틸,KOSPI,3295.0,-5.3,40.1,False,False,False,0,D,0.0,0.0,0.0,0.0,트렌드 미통과,현재가>150MA:0|현재가>200MA:0|150MA>200MA:0|200MA상승중:0|현재가>50MA:1|52주저점+25%:1|52주고점-30%:0,,0.0,,
000080,하이트진로,KOSPI,15110.0,-9.3,11.4,False,False,False,0,D,0.0,0.0,0.0,0.0,트렌드 미통과,현재가>150MA:0|현재가>200MA:0|150MA>200MA:0|200MA상승중:0|현재가>50MA:0|52주저점+25%:0|52주고점-30%:1,,0.0,,
000087,하이트진로2우B,KOSPI,12330.0,-10.7,0.1,False,False,False,0,D,0.0,0.0,0.0,0.0,트렌드 미통과,현재가>150MA:0|현재가>200MA:0|150MA>200MA:0|200MA상승중:0|현재가>50MA:0|52주저점+25%:0|52주고점-30%:1,,0.0,,
000140,하이트진로홀딩스,KOSPI,7830.0,-12.5,0.5,False,False,False,0,D,0.0,0.0,0.0,0.0,트렌드 미통과,현재가>150MA:0|현재가>200MA:0|150MA>200MA:0|200MA상승중:0|현재가>50MA:0|52주저점+25%:0|52주고점-30%:1,,0.0,,
000145,하이트진로홀딩스우,KOSPI,9110.0,-16.5,0.0,False,False,False,0,D,0.0,0.0,0.0,0.0,트렌드 미통과,현재가>150MA:0|현재가>200MA:0|150MA>200MA:0|200MA상승중:0|현재가>50MA:0|52주저점+25%:0|52주고점-30%:0,,0.0,,
036460,한국가스공사,KOSPI,35500.0,-1.6,64.0,False,False,False,0,D,0.0,0.0,0.0,0.0,트렌드 미통과,현재가>150MA:0|현재가>200MA:0|150MA>200MA:0|200MA상승중:0|현재가>50MA:0|52주저점+25%:0|52주고점-30%:1,,0.0,,
005430,한국공항,KOSPI,87400.0,29.0,4.3,True,False,False,64,C,0.0,0.0,0.0,0.0,핸들 기간 김(33일),현재가>150MA:1|현재가>200MA:1|150MA>200MA:1|200MA상승중:1|현재가>50MA:1|52주저점+25%:1|52주고점-30%:1,,0.0,,
071050,한국금융지주,KOSPI,179000.0,-5.0,308.9,False,False,False,0,D,0.0,0.0,0.0,0.0,트렌드 미통과,현재가>150MA:0|현재가>200MA:0|150MA>200MA:1|200MA상승중:1|현재가>50MA:0|52주저점+25%:1|52주고점-30%:0,,0.0,,
071055,한국금융지주우,KOSPI,142900.0,5.5,16.3,False,False,False,0,D,0.0,0.0,0.0,0.0,트렌드 미통과,현재가>150MA:0|현재가>200MA:0|150MA>200MA:1|200MA상승중:1|현재가>50MA:0|52주저점+25%:1|52주고점-30%:1,,0.0,,
010040,한국내화,KOSPI,1675.0,-10.5,0.4,False,False,False,0,D,0.0,0.0,0.0,0.0,트렌드 미통과,현재가>150MA:0|현재가>200MA:0|150MA>200MA:0|200MA상승중:0|현재가>50MA:1|52주저점+25%:0|52주고점-30%:1,,0.0,,
025540,한국단자,KOSPI,55800.0,-20.7,10.0,False,False,False,0,D,0.0,0.0,0.0,0.0,트렌드 미통과,현재가>150MA:0|현재가>200MA:0|150MA>200MA:0|200MA상승중:0|현재가>50MA:0|52주저점+25%:0|52주고점-30%:0,,0.0,,
010100,한국무브넥스,KOSPI,3395.0,-17.0,1.7,False,False,False,0,D,0.0,0.0,0.0,0.0,트렌드 미통과,현재가>150MA:0|현재가>200MA:0|150MA>200MA:0|200MA상승중:0|현재가>50MA:0|52주저점+25%:0|52주고점-30%:0,,0.0,,
004090,한국석유,KOSPI,11610.0,-10.6,92.7,False,False,False,0,D,0.0,0.0,0.0,0.0,트렌드 미통과,현재가>150MA:0|현재가>200MA:0|150MA>200MA:0|200MA상승중:0|현재가>50MA:1|52주저점+25%:0|52주고점-30%:0,,0.0,,
002200,한국수출포장,KOSPI,2790.0,4.7,1.6,False,False,False,0,D,0.0,0.0,0.0,0.0,트렌드 미통과,현재가>150MA:1|현재가>200MA:0|150MA>200MA:0|200MA상승중:0|현재가>50MA:1|52주저점+25%:1|52주고점-30%:1,,0.0,,
002960,한국쉘석유,KOSPI,525000.0,14.5,4.8,True,False,False,48,D,0.0,0.0,0.0,0.0,컵 기간 짧음(20일),현재가>150MA:1|현재가>200MA:1|150MA>200MA:1|200MA상승중:1|현재가>50MA:1|52주저점+25%:1|52주고점-30%:1,,0.0,,
000240,한국앤컴퍼니,KOSPI,25000.0,1.4,16.6,False,False,False,0,D,0.0,0.0,0.0,0.0,트렌드 미통과,현재가>150MA:0|현재가>200MA:0|150MA>200MA:0|200MA상승중:0|현재가>50MA:1|52주저점+25%:0|52주고점-30%:1,,0.0,,
123890,한국자산신탁,KOSPI,2425.0,0.6,4.1,False,False,False,0,D,0.0,0.0,0.0,0.0,트렌드 미통과,현재가>150MA:0|현재가>200MA:0|150MA>200MA:0|200MA상승중:1|현재가>50MA:1|52주저점+25%:0|52주고점-30%:1,,0.0,,
015760,한국전력,KOSPI,30100.0,-26.3,482.2,False,False,False,0,D,0.0,0.0,0.0,0.0,트렌드 미통과,현재가>150MA:0|현재가>200MA:0|150MA>200MA:0|200MA상승중:0|현재가>50MA:0|52주저점+25%:0|52주고점-30%:0,,0.0,,
006200,한국전자홀딩스,KOSPI,1835.0,78.0,0.6,False,False,False,0,D,0.0,0.0,0.0,0.0,트렌드 미통과,현재가>150MA:1|현재가>200MA:1|150MA>200MA:1|200MA상승중:1|현재가>50MA:0|52주저점+25%:1|52주고점-30%:0,,0.0,,
027970,한국제지,KOSPI,2725.0,312.5,0.5,True,False,False,64,C,0.0,0.0,0.0,0.0,핸들 기간 김(23일),현재가>150MA:1|현재가>200MA:1|150MA>200MA:1|200MA상승중:1|현재가>50MA:1|52주저점+25%:1|52주고점-30%:1,,0.0,,
023350,한국종합기술,KOSPI,3770.0,-17.0,0.6,False,False,False,0,D,0.0,0.0,0.0,0.0,트렌드 미통과,현재가>150MA:0|현재가>200MA:0|150MA>200MA:0|200MA상승중:0|현재가>50MA:0|52주저점+25%:0|52주고점-30%:0,,0.0,,
025890,한국주강,KOSPI,2650.0,36.5,0.8,True,False,False,64,C,0.0,0.0,0.0,0.0,컵 기간 짧음(33일),현재가>150MA:1|현재가>200MA:1|150MA>200MA:1|200MA상승중:1|현재가>50MA:1|52주저점+25%:1|52주고점-30%:1,,0.0,,
000970,한국주철관,KOSPI,6560.0,-3.1,0.9,False,False,False,0,D,0.0,0.0,0.0,0.0,트렌드 미통과,현재가>150MA:0|현재가>200MA:0|150MA>200MA:0|200MA상승중:0|현재가>50MA:0|52주저점+25%:0|52주고점-30%:1,,0.0,,
104700,한국철강,KOSPI,9320.0,-1.0,2.6,False,False,False,0,D,0.0,0.0,0.0,0.0,트렌드 미통과,현재가>150MA:0|현재가>200MA:0|150MA>200MA:0|200MA상승중:0|현재가>50MA:0|52주저점+25%:0|52주고점-30%:1,,0.0,,
017960,한국카본,KOSPI,19860.0,-37.3,37.4,False,False,False,0,D,0.0,0.0,0.0,0.0,트렌드 미통과,현재가>150MA:0|현재가>200MA:0|150MA>200MA:1|200MA상승중:0|현재가>50MA:0|52주저점+25%:0|52주고점-30%:0,,0.0,,
161890,한국콜마,KOSPI,150000.0,85.3,425.5,True,False,False,64,C,0.0,0.0,0.0,0.0,컵 기간 짧음(27일),현재가>150MA:1|현재가>200MA:1|150MA>200MA:1|200MA상승중:1|현재가>50MA:1|52주저점+25%:1|52주고점-30%:1,,0.0,,
161390,한국타이어앤테크놀로지,KOSPI,59800.0,8.4,176.9,False,False,False,0,D,0.0,0.0,0.0,0.0,트렌드 미통과,현재가>150MA:0|현재가>200MA:0|150MA>200MA:1|200MA상승중:1|현재가>50MA:0|52주저점+25%:1|52주고점-30%:1,,0.0,,
034830,한국토지신탁,KOSPI,1136.0,-13.3,2.9,False,False,False,0,D,0.0,0.0,0.0,0.0,트렌드 미통과,현재가>150MA:0|현재가>200MA:0|150MA>200MA:1|200MA상승중:0|현재가>50MA:0|52주저점+25%:0|52주고점-30%:0,,0.0,,
007280,한국특강,KOSPI,2260.0,33.4,0.3,True,False,False,64,C,0.0,0.0,0.0,0.0,컵 깊이 얕음(0.0%),현재가>150MA:1|현재가>200MA:1|150MA>200MA:1|200MA상승중:1|현재가>50MA:1|52주저점+25%:1|52주고점-30%:1,,0.0,,
047810,한국항공우주,KOSPI,127400.0,-2.9,397.2,False,False,False,0,D,0.0,0.0,0.0,0.0,트렌드 미통과,현재가>150MA:0|현재가>200MA:0|150MA>200MA:1|200MA상승중:1|현재가>50MA:0|52주저점+25%:1|52주고점-30%:0,,0.0,,
123690,한국화장품,KOSPI,6260.0,-19.8,17.6,False,False,False,0,D,0.0,0.0,0.0,0.0,트렌드 미통과,현재가>150MA:0|현재가>200MA:0|150MA>200MA:0|200MA상승중:0|현재가>50MA:0|52주저점+25%:0|52주고점-30%:0,,0.0,,
003350,한국화장품제조,KOSPI,15280.0,-6.6,284.1,False,False,False,0,D,0.0,0.0,0.0,0.0,트렌드 미통과,현재가>150MA:0|현재가>200MA:0|150MA>200MA:0|200MA상승중:0|현재가>50MA:1|52주저점+25%:1|52주고점-30%:0,,0.0,,
011500,한농화성,KOSPI,13420.0,-13.4,6.7,False,False,False,0,D,0.0,0.0,0.0,0.0,트렌드 미통과,현재가>150MA:0|현재가>200MA:0|150MA>200MA:0|200MA상승중:0|현재가>50MA:1|52주저점+25%:1|52주고점-30%:0,,0.0,,
002390,한독,KOSPI,8500.0,-6.7,0.8,False,False,False,0,D,0.0,0.0,0.0,0.0,트렌드 미통과,현재가>150MA:0|현재가>200MA:0|150MA>200MA:0|200MA상승중:0|현재가>50MA:0|52주저점+25%:1|52주고점-30%:1,,0.0,,
053690,한미글로벌,KOSPI,20850.0,4.9,63.1,False,False,False,0,D,0.0,0.0,0.0,0.0,트렌드 미통과,현재가>150MA:0|현재가>200MA:0|150MA>200MA:1|200MA상승중:1|현재가>50MA:1|52주저점+25%:1|52주고점-30%:0,,0.0,,
042700,한미반도체,KOSPI,252000.0,56.1,1550.1,False,False,False,0,D,0.0,0.0,0.0,0.0,트렌드 미통과,현재가>150MA:0|현재가>200MA:1|150MA>200MA:1|200MA상승중:1|현재가>50MA:1|52주저점+25%:1|52주고점-30%:0,,0.0,,
008930,한미사이언스,KOSPI,52200.0,52.4,156.3,False,False,False,0,D,0.0,0.0,0.0,0.0,트렌드 미통과,현재가>150MA:1|현재가>200MA:1|150MA>200MA:0|200MA상승중:1|현재가>50MA:1|52주저점+25%:1|52주고점-30%:1,,0.0,,
128940,한미약품,KOSPI,507000.0,23.3,586.4,False,False,False,0,D,0.0,0.0,0.0,0.0,트렌드 미통과,현재가>150MA:1|현재가>200MA:1|150MA>200MA:0|200MA상승중:1|현재가>50MA:1|52주저점+25%:1|52주고점-30%:1,,0.0,,
009240,한샘,KOSPI,40150.0,2.1,14.9,False,False,False,0,D,0.0,0.0,0.0,0.0,트렌드 미통과,현재가>150MA:1|현재가>200MA:1|150MA>200MA:0|200MA상승중:0|현재가>50MA:1|52주저점+25%:1|52주고점-30%:1,,0.0,,
020000,한섬,KOSPI,20350.0,4.4,25.2,False,False,False,0,D,0.0,0.0,0.0,0.0,트렌드 미통과,현재가>150MA:0|현재가>200MA:1|150MA>200MA:1|200MA상승중:1|현재가>50MA:1|52주저점+25%:1|52주고점-30%:1,,0.0,,
003680,한성기업,KOSPI,4610.0,-5.8,4.1,False,False,False,0,D,0.0,0.0,0.0,0.0,트렌드 미통과,현재가>150MA:0|현재가>200MA:0|150MA>200MA:0|200MA상승중:0|현재가>50MA:0|52주저점+25%:0|52주고점-30%:0,,0.0,,
105630,한세실업,KOSPI,8540.0,-17.4,4.7,False,False,False,0,D,0.0,0.0,0.0,0.0,트렌드 미통과,현재가>150MA:0|현재가>200MA:0|150MA>200MA:0|200MA상승중:0|현재가>50MA:0|52주저점+25%:0|52주고점-30%:0,,0.0,,
069640,한세엠케이,KOSPI,1378.0,79.2,0.2,True,False,False,64,C,0.0,0.0,0.0,0.0,핸들 기간 김(92일),현재가>150MA:1|현재가>200MA:1|150MA>200MA:1|200MA상승중:1|현재가>50MA:1|52주저점+25%:1|52주고점-30%:1,,0.0,,
016450,한세예스24홀딩스,KOSPI,4295.0,0.3,0.5,False,False,False,0,D,0.0,0.0,0.0,0.0,트렌드 미통과,현재가>150MA:0|현재가>200MA:0|150MA>200MA:1|200MA상승중:1|현재가>50MA:0|52주저점+25%:0|52주고점-30%:1,,0.0,,
009180,한솔로지스틱스,KOSPI,2755.0,-3.4,0.7,False,False,False,0,D,0.0,0.0,0.0,0.0,트렌드 미통과,현재가>150MA:0|현재가>200MA:0|150MA>200MA:1|200MA상승중:1|현재가>50MA:0|52주저점+25%:0|52주고점-30%:1,,0.0,,
213500,한솔제지,KOSPI,7340.0,-2.5,2.2,False,False,False,0,D,0.0,0.0,0.0,0.0,트렌드 미통과,현재가>150MA:0|현재가>200MA:0|150MA>200MA:0|200MA상승중:0|현재가>50MA:0|52주저점+25%:0|52주고점-30%:1,,0.0,,
014680,한솔케미칼,KOSPI,247000.0,1.6,100.0,False,False,False,0,D,0.0,0.0,0.0,0.0,트렌드 미통과,현재가>150MA:0|현재가>200MA:0|150MA>200MA:1|200MA상승중:0|현재가>50MA:1|52주저점+25%:1|52주고점-30%:1,,0.0,,
004710,한솔테크닉스,KOSPI,11230.0,68.0,103.1,False,False,False,0,D,0.0,0.0,0.0,0.0,트렌드 미통과,현재가>150MA:1|현재가>200MA:1|150MA>200MA:1|200MA상승중:1|현재가>50MA:1|52주저점+25%:1|52주고점-30%:1,,0.0,,
004150,한솔홀딩스,KOSPI,3585.0,10.9,2.4,False,False,False,0,D,0.0,0.0,0.0,0.0,트렌드 미통과,현재가>150MA:1|현재가>200MA:1|150MA>200MA:1|200MA상승중:1|현재가>50MA:1|52주저점+25%:0|52주고점-30%:1,,0.0,,
025750,한솔홈데코,KOSPI,1885.0,123.6,0.3,False,False,False,0,D,0.0,0.0,0.0,0.0,트렌드 미통과,현재가>150MA:1|현재가>200MA:1|150MA>200MA:1|200MA상승중:1|현재가>50MA:1|52주저점+25%:1|52주고점-30%:0,,0.0,,
004960,한신공영,KOSPI,10750.0,0.7,2.8,False,False,False,0,D,0.0,0.0,0.0,0.0,트렌드 미통과,현재가>150MA:0|현재가>200MA:0|150MA>200MA:1|200MA상승중:1|현재가>50MA:0|52주저점+25%:1|52주고점-30%:0,,0.0,,
011700,한신기계,KOSPI,2400.0,-22.9,7.2,False,False,False,0,D,0.0,0.0,0.0,0.0,트렌드 미통과,현재가>150MA:0|현재가>200MA:0|150MA>200MA:0|200MA상승중:0|현재가>50MA:0|52주저점+25%:0|52주고점-30%:0,,0.0,,
001750,한양증권,KOSPI,19160.0,-6.8,1.5,False,False,False,0,D,0.0,0.0,0.0,0.0,트렌드 미통과,현재가>150MA:0|현재가>200MA:0|150MA>200MA:1|200MA상승중:1|현재가>50MA:0|52주저점+25%:0|52주고점-30%:0,,0.0,,
001755,한양증권우,KOSPI,19340.0,-3.1,0.8,False,False,False,0,D,0.0,0.0,0.0,0.0,트렌드 미통과,현재가>150MA:0|현재가>200MA:0|150MA>200MA:1|200MA상승중:1|현재가>50MA:0|52주저점+25%:0|52주고점-30%:0,,0.0,,
018880,한온시스템,KOSPI,3200.0,-10.3,87.9,False,False,False,0,D,0.0,0.0,0.0,0.0,트렌드 미통과,현재가>150MA:0|현재가>200MA:0|150MA>200MA:1|200MA상승중:0|현재가>50MA:0|52주저점+25%:0|52주고점-30%:0,,0.0,,
009420,한올바이오파마,KOSPI,43250.0,-14.7,134.3,False,False,False,0,D,0.0,0.0,0.0,0.0,트렌드 미통과,현재가>150MA:0|현재가>200MA:0|150MA>200MA:1|200MA상승중:1|현재가>50MA:0|52주저점+25%:1|52주고점-30%:0,,0.0,,
014130,한익스프레스,KOSPI,2620.0,0.8,0.3,False,False,False,0,D,0.0,0.0,0.0,0.0,트렌드 미통과,현재가>150MA:1|현재가>200MA:0|150MA>200MA:0|200MA상승중:0|현재가>50MA:1|52주저점+25%:1|52주고점-30%:1,,0.0,,
300720,한일시멘트,KOSPI,16240.0,-2.9,10.8,False,False,False,0,D,0.0,0.0,0.0,0.0,트렌드 미통과,현재가>150MA:1|현재가>200MA:0|150MA>200MA:0|200MA상승중:0|현재가>50MA:1|52주저점+25%:0|52주고점-30%:1,,0.0,,
002220,한일철강,KOSPI,2730.0,-31.6,3.6,False,False,False,0,D,0.0,0.0,0.0,0.0,트렌드 미통과,현재가>150MA:0|현재가>200MA:0|150MA>200MA:0|200MA상승중:0|현재가>50MA:0|52주저점+25%:0|52주고점-30%:0,,0.0,,
003300,한일홀딩스,KOSPI,17610.0,2.3,2.8,False,False,False,0,D,0.0,0.0,0.0,0.0,트렌드 미통과,현재가>150MA:1|현재가>200MA:1|150MA>200MA:1|200MA상승중:1|현재가>50MA:0|52주저점+25%:0|52주고점-30%:1,,0.0,,
051600,한전KPS,KOSPI,45150.0,-9.6,61.3,False,False,False,0,D,0.0,0.0,0.0,0.0,트렌드 미통과,현재가>150MA:0|현재가>200MA:0|150MA>200MA:0|200MA상승중:0|현재가>50MA:0|52주저점+25%:0|52주고점-30%:0,,0.0,,
052690,한전기술,KOSPI,121100.0,13.6,1009.9,False,False,False,0,D,0.0,0.0,0.0,0.0,트렌드 미통과,현재가>150MA:0|현재가>200MA:0|150MA>200MA:1|200MA상승중:1|현재가>50MA:1|52주저점+25%:1|52주고점-30%:0,,0.0,,
130660,한전산업,KOSPI,12090.0,-4.6,96.7,False,False,False,0,D,0.0,0.0,0.0,0.0,트렌드 미통과,현재가>150MA:0|현재가>200MA:0|150MA>200MA:1|200MA상승중:1|현재가>50MA:1|52주저점+25%:1|52주고점-30%:0,,0.0,,
002320,한진,KOSPI,15260.0,-16.1,4.7,False,False,False,0,D,0.0,0.0,0.0,0.0,트렌드 미통과,현재가>150MA:0|현재가>200MA:0|150MA>200MA:0|200MA상승중:0|현재가>50MA:1|52주저점+25%:0|52주고점-30%:0,,0.0,,
003480,한진중공업홀딩스,KOSPI,4725.0,-5.3,1.0,False,False,False,0,D,0.0,0.0,0.0,0.0,트렌드 미통과,현재가>150MA:0|현재가>200MA:0|150MA>200MA:1|200MA상승중:1|현재가>50MA:1|52주저점+25%:0|52주고점-30%:1,,0.0,,
180640,한진칼,KOSPI,136200.0,16.9,118.9,True,False,False,56,D,0.0,0.0,0.0,0.0,고점 회복 부족(86.1%),현재가>150MA:1|현재가>200MA:1|150MA>200MA:1|200MA상승중:1|현재가>50MA:1|52주저점+25%:1|52주고점-30%:1,,0.0,,
18064K,한진칼우,KOSPI,30200.0,-6.0,0.6,False,False,False,0,D,0.0,0.0,0.0,0.0,트렌드 미통과,현재가>150MA:0|현재가>200MA:0|150MA>200MA:0|200MA상승중:0|현재가>50MA:1|52주저점+25%:0|52주고점-30%:0,,0.0,,
005110,한창,KOSPI,1254.0,0.3,0.0,False,False,False,0,D,0.0,0.0,0.0,0.0,트렌드 미통과,현재가>150MA:0|현재가>200MA:0|150MA>200MA:0|200MA상승중:0|현재가>50MA:0|52주저점+25%:0|52주고점-30%:1,,0.0,,
009460,한창제지,KOSPI,2740.0,228.4,0.2,False,False,False,0,D,0.0,0.0,0.0,0.0,트렌드 미통과,현재가>150MA:1|현재가>200MA:1|150MA>200MA:1|200MA상승중:1|현재가>50MA:0|52주저점+25%:1|52주고점-30%:1,,0.0,,
372910,한컴라이프케어,KOSPI,2130.0,-2.3,26.3,False,False,False,0,D,0.0,0.0,0.0,0.0,트렌드 미통과,현재가>150MA:0|현재가>200MA:0|150MA>200MA:0|200MA상승중:0|현재가>50MA:1|52주저점+25%:1|52주고점-30%:0,,0.0,,
000880,한화,KOSPI,127200.0,31.8,197.5,False,False,False,0,D,0.0,0.0,0.0,0.0,트렌드 미통과,현재가>150MA:1|현재가>200MA:1|150MA>200MA:1|200MA상승중:1|현재가>50MA:1|52주저점+25%:1|52주고점-30%:1,,0.0,,
00088K,한화3우B,KOSPI,39150.0,2.1,12.3,False,False,False,0,D,0.0,0.0,0.0,0.0,트렌드 미통과,현재가>150MA:0|현재가>200MA:0|150MA>200MA:0|200MA상승중:1|현재가>50MA:1|52주저점+25%:1|52주고점-30%:0,,0.0,,
452260,한화갤러리아,KOSPI,2855.0,63.2,55.5,False,False,False,0,D,0.0,0.0,0.0,0.0,트렌드 미통과,현재가>150MA:1|현재가>200MA:1|150MA>200MA:1|200MA상승중:1|현재가>50MA:1|52주저점+25%:1|52주고점-30%:1,,0.0,,
45226K,한화갤러리아우,KOSPI,4500.0,21.1,0.2,False,False,False,0,D,0.0,0.0,0.0,0.0,트렌드 미통과,현재가>150MA:0|현재가>200MA:0|150MA>200MA:0|200MA상승중:1|현재가>50MA:1|52주저점+25%:1|52주고점-30%:0,,0.0,,
451800,한화리츠,KOSPI,5340.0,20.0,4.0,True,False,False,56,D,0.0,0.0,0.0,0.0,컵 기간 짧음(26일),현재가>150MA:1|현재가>200MA:1|150MA>200MA:1|200MA상승중:1|현재가>50MA:1|52주저점+25%:1|52주고점-30%:1,,0.0,,
489790,한화비전,KOSPI,49050.0,-8.7,70.7,False,False,False,0,D,0.0,0.0,0.0,0.0,트렌드 미통과,현재가>150MA:0|현재가>200MA:0|150MA>200MA:1|200MA상승중:1|현재가>50MA:1|52주저점+25%:1|52주고점-30%:0,,0.0,,
088350,한화생명,KOSPI,5830.0,46.2,273.1,True,False,False,64,C,0.0,0.0,0.0,0.0,현재가 피벗 미달(-4.6%),현재가>150MA:1|현재가>200MA:1|150MA>200MA:1|200MA상승중:1|현재가>50MA:1|52주저점+25%:1|52주고점-30%:1,,0.0,,
000370,한화손해보험,KOSPI,7880.0,30.5,64.2,True,False,False,64,C,0.0,0.0,0.0,0.0,핸들 위치 낮음,현재가>150MA:1|현재가>200MA:1|150MA>200MA:1|200MA상승중:1|현재가>50MA:1|52주저점+25%:1|52주고점-30%:1,,0.0,,
009830,한화솔루션,KOSPI,32500.0,0.4,777.9,False,False,False,0,D,0.0,0.0,0.0,0.0,트렌드 미통과,현재가>150MA:0|현재가>200MA:0|150MA>200MA:1|200MA상승중:1|현재가>50MA:1|52주저점+25%:1|52주고점-30%:0,,0.0,,
009835,한화솔루션우,KOSPI,18230.0,-13.3,1.3,False,False,False,0,D,0.0,0.0,0.0,0.0,트렌드 미통과,현재가>150MA:0|현재가>200MA:0|150MA>200MA:0|200MA상승중:0|현재가>50MA:1|52주저점+25%:0|52주고점-30%:0,,0.0,,
272210,한화시스템,KOSPI,71900.0,3.6,405.5,False,False,False,0,D,0.0,0.0,0.0,0.0,트렌드 미통과,현재가>150MA:0|현재가>200MA:0|150MA>200MA:1|200MA상승중:1|현재가>50MA:1|52주저점+25%:1|52주고점-30%:0,,0.0,,
012450,한화에어로스페이스,KOSPI,1012000.0,-1.0,1395.8,False,False,False,0,D,0.0,0.0,0.0,0.0,트렌드 미통과,현재가>150MA:0|현재가>200MA:0|150MA>200MA:1|200MA상승중:1|현재가>50MA:0|52주저점+25%:0|52주고점-30%:0,,0.0,,
082740,한화엔진,KOSPI,46550.0,-0.4,365.7,False,False,False,0,D,0.0,0.0,0.0,0.0,트렌드 미통과,현재가>150MA:0|현재가>200MA:0|150MA>200MA:1|200MA상승중:1|현재가>50MA:1|52주저점+25%:0|52주고점-30%:0,,0.0,,
042660,한화오션,KOSPI,78600.0,-27.9,558.7,False,False,False,0,D,0.0,0.0,0.0,0.0,트렌드 미통과,현재가>150MA:0|현재가>200MA:0|150MA>200MA:0|200MA상승중:0|현재가>50MA:0|52주저점+25%:0|52주고점-30%:0,,0.0,,
003530,한화투자증권,KOSPI,4550.0,-16.2,70.3,False,False,False,0,D,0.0,0.0,0.0,0.0,트렌드 미통과,현재가>150MA:0|현재가>200MA:0|150MA>200MA:1|200MA상승중:0|현재가>50MA:0|52주저점+25%:0|52주고점-30%:0,,0.0,,
003535,한화투자증권우,KOSPI,6400.0,-9.3,1.1,False,False,False,0,D,0.0,0.0,0.0,0.0,트렌드 미통과,현재가>150MA:0|현재가>200MA:0|150MA>200MA:0|200MA상승중:0|현재가>50MA:1|52주저점+25%:1|52주고점-30%:0,,0.0,,
195870,해성디에스,KOSPI,63000.0,30.8,85.0,False,False,False,0,D,0.0,0.0,0.0,0.0,트렌드 미통과,현재가>150MA:1|현재가>200MA:1|150MA>200MA:1|200MA상승중:1|현재가>50MA:1|52주저점+25%:1|52주고점-30%:0,,0.0,,
101530,해태제과식품,KOSPI,5530.0,-11.6,0.8,False,False,False,0,D,0.0,0.0,0.0,0.0,트렌드 미통과,현재가>150MA:0|현재가>200MA:0|150MA>200MA:0|200MA상승중:0|현재가>50MA:0|52주저점+25%:0|52주고점-30%:1,,0.0,,
143210,핸즈코퍼레이션,KOSPI,1199.0,-7.6,0.0,False,False,False,0,D,0.0,0.0,0.0,0.0,트렌드 미통과,현재가>150MA:1|현재가>200MA:0|150MA>200MA:0|200MA상승중:0|현재가>50MA:0|52주저점+25%:0|52주고점-30%:1,,0.0,,
000720,현대건설,KOSPI,117000.0,28.6,921.0,False,False,False,0,D,0.0,0.0,0.0,0.0,트렌드 미통과,현재가>150MA:0|현재가>200MA:0|150MA>200MA:1|200MA상승중:1|현재가>50MA:1|52주저점+25%:1|52주고점-30%:0,,0.0,,
000725,현대건설우,KOSPI,52200.0,-7.5,1.1,False,False,False,0,D,0.0,0.0,0.0,0.0,트렌드 미통과,현재가>150MA:0|현재가>200MA:0|150MA>200MA:1|200MA상승중:1|현재가>50MA:1|52주저점+25%:0|52주고점-30%:0,,0.0,,
453340,현대그린푸드,KOSPI,18870.0,16.4,6.6,True,False,False,56,D,0.0,0.0,0.0,0.0,컵 깊이 얕음(8.6%),현재가>150MA:1|현재가>200MA:1|150MA>200MA:1|200MA상승중:1|현재가>50MA:1|52주저점+25%:1|52주고점-30%:1,,0.0,,
086280,현대글로비스,KOSPI,197500.0,3.4,320.2,False,False,False,0,D,0.0,0.0,0.0,0.0,트렌드 미통과,현재가>150MA:0|현재가>200MA:0|150MA>200MA:0|200MA상승중:1|현재가>50MA:0|52주저점+25%:0|52주고점-30%:0,,0.0,,
064350,현대로템,KOSPI,112300.0,-40.3,390.3,False,False,False,0,D,0.0,0.0,0.0,0.0,트렌드 미통과,현재가>150MA:0|현재가>200MA:0|150MA>200MA:0|200MA상승중:0|현재가>50MA:0|52주저점+25%:0|52주고점-30%:0,,0.0,,
079430,현대리바트,KOSPI,5600.0,-12.5,0.8,False,False,False,0,D,0.0,0.0,0.0,0.0,트렌드 미통과,현재가>150MA:0|현재가>200MA:0|150MA>200MA:0|200MA상승중:0|현재가>50MA:0|52주저점+25%:0|52주고점-30%:0,,0.0,,
012330,현대모비스,KOSPI,367000.0,-7.5,1138.5,False,False,False,0,D,0.0,0.0,0.0,0.0,트렌드 미통과,현재가>150MA:0|현재가>200MA:0|150MA>200MA:1|200MA상승중:1|현재가>50MA:0|52주저점+25%:1|52주고점-30%:0,,0.0,,
069960,현대백화점,KOSPI,89500.0,-18.2,131.4,False,False,False,0,D,0.0,0.0,0.0,0.0,트렌드 미통과,현재가>150MA:0|현재가>200MA:0|150MA>200MA:1|200MA상승중:1|현재가>50MA:0|52주저점+25%:0|52주고점-30%:0,,0.0,,
004560,현대비앤지스틸,KOSPI,12270.0,0.1,5.4,False,False,False,0,D,0.0,0.0,0.0,0.0,트렌드 미통과,현재가>150MA:0|현재가>200MA:0|150MA>200MA:1|200MA상승중:1|현재가>50MA:1|52주저점+25%:0|52주고점-30%:0,,0.0,,
004310,현대약품,KOSPI,8530.0,44.4,972.3,False,False,False,0,D,0.0,0.0,0.0,0.0,트렌드 미통과,현재가>150MA:1|현재가>200MA:1|150MA>200MA:0|200MA상승중:1|현재가>50MA:1|52주저점+25%:1|52주고점-30%:0,,0.0,,
017800,현대엘리베이터,KOSPI,73700.0,-6.2,60.9,False,False,False,0,D,0.0,0.0,0.0,0.0,트렌드 미통과,현재가>150MA:0|현재가>200MA:0|150MA>200MA:0|200MA상승중:0|현재가>50MA:1|52주저점+25%:0|52주고점-30%:0,,0.0,,
307950,현대오토에버,KOSPI,370000.0,18.6,185.0,False,False,False,0,D,0.0,0.0,0.0,0.0,트렌드 미통과,현재가>150MA:0|현재가>200MA:0|150MA>200MA:1|200MA상승중:1|현재가>50MA:0|52주저점+25%:1|52주고점-30%:0,,0.0,,
011210,현대위아,KOSPI,53100.0,-19.0,31.0,False,False,False,0,D,0.0,0.0,0.0,0.0,트렌드 미통과,현재가>150MA:0|현재가>200MA:0|150MA>200MA:0|200MA상승중:0|현재가>50MA:0|52주저점+25%:0|52주고점-30%:0,,0.0,,
004020,현대제철,KOSPI,30000.0,-5.4,254.3,False,False,False,0,D,0.0,0.0,0.0,0.0,트렌드 미통과,현재가>150MA:0|현재가>200MA:0|150MA>200MA:1|200MA상승중:1|현재가>50MA:1|52주저점+25%:0|52주고점-30%:0,,0.0,,
005440,현대지에프홀딩스,KOSPI,12700.0,7.9,39.2,False,False,False,0,D,0.0,0.0,0.0,0.0,트렌드 미통과,현재가>150MA:0|현재가>200MA:1|150MA>200MA:1|200MA상승중:1|현재가>50MA:1|52주저점+25%:1|52주고점-30%:0,,0.0,,
005380,현대차,KOSPI,350000.0,0.1,1811.6,False,False,False,0,D,0.0,0.0,0.0,0.0,트렌드 미통과,현재가>150MA:0|현재가>200MA:0|150MA>200MA:1|200MA상승중:1|현재가>50MA:0|52주저점+25%:1|52주고점-30%:0,,0.0,,
005387,현대차2우B,KOSPI,177300.0,-14.5,207.7,False,False,False,0,D,0.0,0.0,0.0,0.0,트렌드 미통과,현재가>150MA:0|현재가>200MA:0|150MA>200MA:0|200MA상승중:0|현재가>50MA:0|52주저점+25%:0|52주고점-30%:0,,0.0,,
005389,현대차3우B,KOSPI,174500.0,-12.3,13.3,False,False,False,0,D,0.0,0.0,0.0,0.0,트렌드 미통과,현재가>150MA:0|현재가>200MA:0|150MA>200MA:0|200MA상승중:0|현재가>50MA:0|52주저점+25%:0|52주고점-30%:0,,0.0,,
005385,현대차우,KOSPI,177200.0,-13.7,117.6,False,False,False,0,D,0.0,0.0,0.0,0.0,트렌드 미통과,현재가>150MA:0|현재가>200MA:0|150MA>200MA:0|200MA상승중:0|현재가>50MA:0|52주저점+25%:0|52주고점-30%:0,,0.0,,
001500,현대차증권,KOSPI,7820.0,-11.2,6.0,False,False,False,0,D,0.0,0.0,0.0,0.0,트렌드 미통과,현재가>150MA:0|현재가>200MA:0|150MA>200MA:1|200MA상승중:0|현재가>50MA:0|52주저점+25%:0|52주고점-30%:0,,0.0,,
011760,현대코퍼레이션,KOSPI,24650.0,5.2,7.3,False,False,False,0,D,0.0,0.0,0.0,0.0,트렌드 미통과,현재가>150MA:0|현재가>200MA:0|150MA>200MA:1|200MA상승중:1|현재가>50MA:0|52주저점+25%:0|52주고점-30%:1,,0.0,,
227840,현대코퍼레이션홀딩스,KOSPI,12950.0,4.8,1.2,False,False,False,0,D,0.0,0.0,0.0,0.0,트렌드 미통과,현재가>150MA:1|현재가>200MA:1|150MA>200MA:1|200MA상승중:1|현재가>50MA:1|52주저점+25%:0|52주고점-30%:1,,0.0,,
126560,현대퓨처넷,KOSPI,3405.0,8.7,2.7,False,False,False,0,D,0.0,0.0,0.0,0.0,트렌드 미통과,현재가>150MA:1|현재가>200MA:1|150MA>200MA:0|200MA상승중:1|현재가>50MA:1|52주저점+25%:0|52주고점-30%:1,,0.0,,
001450,현대해상,KOSPI,50000.0,58.6,229.5,True,False,False,64,C,0.0,0.0,0.0,0.0,컵 기간 짧음(7일),현재가>150MA:1|현재가>200MA:1|150MA>200MA:1|200MA상승중:1|현재가>50MA:1|52주저점+25%:1|52주고점-30%:1,,0.0,,
093240,형지엘리트,KOSPI,296.0,-64.7,2.0,False,False,False,0,D,0.0,0.0,0.0,0.0,트렌드 미통과,현재가>150MA:0|현재가>200MA:0|150MA>200MA:0|200MA상승중:0|현재가>50MA:0|52주저점+25%:0|52주고점-30%:0,,0.0,,
003010,혜인,KOSPI,9380.0,88.6,62.2,True,False,False,64,C,0.0,0.0,0.0,0.0,컵 깊이 깊음(50.2%),현재가>150MA:1|현재가>200MA:1|150MA>200MA:1|200MA상승중:1|현재가>50MA:1|52주저점+25%:1|52주고점-30%:1,,0.0,,
111110,호전실업,KOSPI,6380.0,-10.4,0.4,False,False,False,0,D,0.0,0.0,0.0,0.0,트렌드 미통과,현재가>150MA:0|현재가>200MA:0|150MA>200MA:0|200MA상승중:0|현재가>50MA:0|52주저점+25%:0|52주고점-30%:1,,0.0,,
008770,호텔신라,KOSPI,40200.0,-14.0,76.0,False,False,False,0,D,0.0,0.0,0.0,0.0,트렌드 미통과,현재가>150MA:0|현재가>200MA:0|150MA>200MA:1|200MA상승중:0|현재가>50MA:0|52주저점+25%:0|52주고점-30%:0,,0.0,,
008775,호텔신라우,KOSPI,27800.0,-17.6,0.2,False,False,False,0,D,0.0,0.0,0.0,0.0,트렌드 미통과,현재가>150MA:0|현재가>200MA:0|150MA>200MA:0|200MA상승중:0|현재가>50MA:0|52주저점+25%:0|52주고점-30%:0,,0.0,,
378850,화승알앤에이,KOSPI,2820.0,-11.8,0.7,False,False,False,0,D,0.0,0.0,0.0,0.0,트렌드 미통과,현재가>150MA:0|현재가>200MA:0|150MA>200MA:0|200MA상승중:0|현재가>50MA:0|52주저점+25%:0|52주고점-30%:1,,0.0,,
241590,화승엔터프라이즈,KOSPI,2690.0,-35.3,1.0,False,False,False,0,D,0.0,0.0,0.0,0.0,트렌드 미통과,현재가>150MA:0|현재가>200MA:0|150MA>200MA:0|200MA상승중:0|현재가>50MA:0|52주저점+25%:0|52주고점-30%:0,,0.0,,
006060,화승인더,KOSPI,2210.0,-28.8,1.4,False,False,False,0,D,0.0,0.0,0.0,0.0,트렌드 미통과,현재가>150MA:0|현재가>200MA:0|150MA>200MA:0|200MA상승중:0|현재가>50MA:0|52주저점+25%:0|52주고점-30%:0,,0.0,,
013520,화승코퍼레이션,KOSPI,2520.0,7.9,1.5,False,False,False,0,D,0.0,0.0,0.0,0.0,트렌드 미통과,현재가>150MA:0|현재가>200MA:0|150MA>200MA:1|200MA상승중:1|현재가>50MA:0|52주저점+25%:1|52주고점-30%:1,,0.0,,
010690,화신,KOSPI,7330.0,-24.9,10.5,False,False,False,0,D,0.0,0.0,0.0,0.0,트렌드 미통과,현재가>150MA:0|현재가>200MA:0|150MA>200MA:1|200MA상승중:0|현재가>50MA:0|52주저점+25%:0|52주고점-30%:0,,0.0,,
133820,화인베스틸,KOSPI,960.0,-25.5,0.4,False,False,False,0,D,0.0,0.0,0.0,0.0,트렌드 미통과,현재가>150MA:0|현재가>200MA:0|150MA>200MA:0|200MA상승중:0|현재가>50MA:0|52주저점+25%:0|52주고점-30%:0,,0.0,,
010660,화천기계,KOSPI,3030.0,-23.2,2.4,False,False,False,0,D,0.0,0.0,0.0,0.0,트렌드 미통과,현재가>150MA:0|현재가>200MA:0|150MA>200MA:0|200MA상승중:0|현재가>50MA:1|52주저점+25%:0|52주고점-30%:0,,0.0,,
000850,화천기공,KOSPI,37700.0,4.3,3.9,False,False,False,0,D,0.0,0.0,0.0,0.0,트렌드 미통과,현재가>150MA:1|현재가>200MA:1|150MA>200MA:0|200MA상승중:1|현재가>50MA:1|52주저점+25%:1|52주고점-30%:1,,0.0,,
016580,환인제약,KOSPI,10080.0,-3.0,2.9,False,False,False,0,D,0.0,0.0,0.0,0.0,트렌드 미통과,현재가>150MA:0|현재가>200MA:0|150MA>200MA:0|200MA상승중:0|현재가>50MA:0|52주저점+25%:0|52주고점-30%:1,,0.0,,
032560,황금에스티,KOSPI,5510.0,-1.4,0.8,False,False,False,0,D,0.0,0.0,0.0,0.0,트렌드 미통과,현재가>150MA:0|현재가>200MA:0|150MA>200MA:0|200MA상승중:0|현재가>50MA:1|52주저점+25%:0|52주고점-30%:1,,0.0,,
004800,효성,KOSPI,158800.0,19.5,36.4,False,False,False,0,D,0.0,0.0,0.0,0.0,트렌드 미통과,현재가>150MA:0|현재가>200MA:0|150MA>200MA:1|200MA상승중:1|현재가>50MA:1|52주저점+25%:1|52주고점-30%:0,,0.0,,
094280,효성ITX,KOSPI,11940.0,-3.5,0.6,False,False,False,0,D,0.0,0.0,0.0,0.0,트렌드 미통과,현재가>150MA:0|현재가>200MA:0|150MA>200MA:0|200MA상승중:0|현재가>50MA:0|52주저점+25%:0|52주고점-30%:1,,0.0,,
298040,효성중공업,KOSPI,2804000.0,24.5,1010.9,False,False,False,0,D,0.0,0.0,0.0,0.0,트렌드 미통과,현재가>150MA:0|현재가>200MA:0|150MA>200MA:1|200MA상승중:1|현재가>50MA:1|52주저점+25%:1|52주고점-30%:0,,0.0,,
298020,효성티앤씨,KOSPI,287000.0,5.9,47.5,False,False,False,0,D,0.0,0.0,0.0,0.0,트렌드 미통과,현재가>150MA:0|현재가>200MA:0|150MA>200MA:1|200MA상승중:1|현재가>50MA:0|52주저점+25%:1|52주고점-30%:0,,0.0,,
298000,효성화학,KOSPI,53700.0,28.6,12.0,False,False,False,0,D,0.0,0.0,0.0,0.0,트렌드 미통과,현재가>150MA:1|현재가>200MA:1|150MA>200MA:1|200MA상승중:1|현재가>50MA:0|52주저점+25%:1|52주고점-30%:1,,0.0,,
093370,후성,KOSPI,14120.0,50.0,490.2,False,False,False,0,D,0.0,0.0,0.0,0.0,트렌드 미통과,현재가>150MA:1|현재가>200MA:1|150MA>200MA:1|200MA상승중:1|현재가>50MA:1|52주저점+25%:1|52주고점-30%:0,,0.0,,
081660,미스토홀딩스,KOSPI,38500.0,-7.3,49.7,False,False,False,0,D,0.0,0.0,0.0,0.0,트렌드 미통과,현재가>150MA:0|현재가>200MA:0|150MA>200MA:0|200MA상승중:0|현재가>50MA:0|52주저점+25%:0|52주고점-30%:1,,0.0,,
005870,휴니드,KOSPI,4465.0,-28.9,1.6,False,False,False,0,D,0.0,0.0,0.0,0.0,트렌드 미통과,현재가>150MA:0|현재가>200MA:0|150MA>200MA:0|200MA상승중:0|현재가>50MA:1|52주저점+25%:0|52주고점-30%:0,,0.0,,
079980,휴비스,KOSPI,1927.0,-17.1,0.6,False,False,False,0,D,0.0,0.0,0.0,0.0,트렌드 미통과,현재가>150MA:0|현재가>200MA:0|150MA>200MA:0|200MA상승중:0|현재가>50MA:0|52주저점+25%:0|52주고점-30%:0,,0.0,,
005010,휴스틸,KOSPI,3840.0,-9.9,17.3,False,False,False,0,D,0.0,0.0,0.0,0.0,트렌드 미통과,현재가>150MA:0|현재가>200MA:0|150MA>200MA:1|200MA상승중:0|현재가>50MA:1|52주저점+25%:0|52주고점-30%:0,,0.0,,
000540,흥국화재,KOSPI,3480.0,-5.5,3.5,False,False,False,0,D,0.0,0.0,0.0,0.0,트렌드 미통과,현재가>150MA:0|현재가>200MA:0|150MA>200MA:1|200MA상승중:0|현재가>50MA:1|52주저점+25%:0|52주고점-30%:0,,0.0,,
000545,흥국화재우,KOSPI,5600.0,-11.1,0.1,False,False,False,0,D,0.0,0.0,0.0,0.0,트렌드 미통과,현재가>150MA:0|현재가>200MA:0|150MA>200MA:0|200MA상승중:0|현재가>50MA:1|52주저점+25%:0|52주고점-30%:0,,0.0,,
003280,흥아해운,KOSPI,1796.0,-0.8,211.8,False,False,False,0,D,0.0,0.0,0.0,0.0,트렌드 미통과,현재가>150MA:0|현재가>200MA:0|150MA>200MA:1|200MA상승중:1|현재가>50MA:1|52주저점+25%:0|52주고점-30%:0,,0.0,,
060310,3S,KOSDAQ,1081.0,-37.5,1.0,False,False,False,0,D,0.0,0.0,0.0,0.0,트렌드 미통과,현재가>150MA:0|현재가>200MA:0|150MA>200MA:0|200MA상승중:0|현재가>50MA:0|52주저점+25%:1|52주고점-30%:0,,0.0,,
054620,APS,KOSDAQ,3720.0,-37.6,0.7,False,False,False,0,D,0.0,0.0,0.0,0.0,트렌드 미통과,현재가>150MA:0|현재가>200MA:0|150MA>200MA:1|200MA상승중:0|현재가>50MA:0|52주저점+25%:0|52주고점-30%:0,,0.0,,
265520,AP시스템,KOSDAQ,19160.0,-22.3,6.8,False,False,False,0,D,0.0,0.0,0.0,0.0,트렌드 미통과,현재가>150MA:0|현재가>200MA:0|150MA>200MA:1|200MA상승중:0|현재가>50MA:1|52주저점+25%:0|52주고점-30%:0,,0.0,,
211270,AP위성,KOSDAQ,8960.0,-37.9,7.4,False,False,False,0,D,0.0,0.0,0.0,0.0,트렌드 미통과,현재가>150MA:0|현재가>200MA:0|150MA>200MA:0|200MA상승중:0|현재가>50MA:1|52주저점+25%:1|52주고점-30%:0,,0.0,,
109960,앱토크롬,KOSDAQ,1864.0,377.8,0.1,True,False,False,64,C,0.0,0.0,0.0,0.0,핸들 기간 김(82일),현재가>150MA:1|현재가>200MA:1|150MA>200MA:1|200MA상승중:1|현재가>50MA:1|52주저점+25%:1|52주고점-30%:1,,0.0,,
126600,BGF에코머티리얼즈,KOSDAQ,2945.0,-26.4,1.7,False,False,False,0,D,0.0,0.0,0.0,0.0,트렌드 미통과,현재가>150MA:0|현재가>200MA:0|150MA>200MA:0|200MA상승중:0|현재가>50MA:1|52주저점+25%:0|52주고점-30%:0,,0.0,,
013720,청보,KOSDAQ,2170.0,219.7,0.2,True,False,False,64,C,0.0,0.0,0.0,0.0,컵 깊이 깊음(62.6%),현재가>150MA:1|현재가>200MA:1|150MA>200MA:1|200MA상승중:1|현재가>50MA:1|52주저점+25%:1|52주고점-30%:1,,0.0,,
083790,CG인바이츠,KOSDAQ,998.0,-40.1,1.4,False,False,False,0,D,0.0,0.0,0.0,0.0,트렌드 미통과,현재가>150MA:0|현재가>200MA:0|150MA>200MA:0|200MA상승중:0|현재가>50MA:1|52주저점+25%:1|52주고점-30%:0,,0.0,,
035760,CJ ENM,KOSDAQ,39000.0,-33.8,33.4,False,False,False,0,D,0.0,0.0,0.0,0.0,트렌드 미통과,현재가>150MA:0|현재가>200MA:0|150MA>200MA:0|200MA상승중:0|현재가>50MA:1|52주저점+25%:1|52주고점-30%:0,,0.0,,
311690,CJ 바이오사이언스,KOSDAQ,3730.0,-60.1,0.2,False,False,False,0,D,0.0,0.0,0.0,0.0,트렌드 미통과,현재가>150MA:0|현재가>200MA:0|150MA>200MA:0|200MA상승중:0|현재가>50MA:0|52주저점+25%:0|52주고점-30%:0,,0.0,,
051500,CJ프레시웨이,KOSDAQ,21550.0,-34.7,1.3,False,False,False,0,D,0.0,0.0,0.0,0.0,트렌드 미통과,현재가>150MA:0|현재가>200MA:0|150MA>200MA:0|200MA상승중:0|현재가>50MA:0|52주저점+25%:0|52주고점-30%:0,,0.0,,
058820,CMG제약,KOSDAQ,553.0,-78.1,5.8,False,False,False,0,D,0.0,0.0,0.0,0.0,트렌드 미통과,현재가>150MA:0|현재가>200MA:0|150MA>200MA:0|200MA상승중:0|현재가>50MA:0|52주저점+25%:0|52주고점-30%:0,,0.0,,
056730,CNT85,KOSDAQ,1215.0,32.3,0.2,False,False,False,0,D,0.0,0.0,0.0,0.0,트렌드 미통과,현재가>150MA:1|현재가>200MA:1|150MA>200MA:1|200MA상승중:1|현재가>50MA:0|52주저점+25%:1|52주고점-30%:0,,0.0,,
065770,CS,KOSDAQ,880.0,-33.2,1.5,False,False,False,0,D,0.0,0.0,0.0,0.0,트렌드 미통과,현재가>150MA:0|현재가>200MA:0|150MA>200MA:1|200MA상승중:1|현재가>50MA:0|52주저점+25%:1|52주고점-30%:0,,0.0,,
083660,CSA 코스믹,KOSDAQ,1363.0,295.0,0.9,False,False,False,0,D,0.0,0.0,0.0,0.0,트렌드 미통과,현재가>150MA:1|현재가>200MA:1|150MA>200MA:1|200MA상승중:1|현재가>50MA:0|52주저점+25%:1|52주고점-30%:0,,0.0,,
477760,DB금융스팩12호,KOSDAQ,2070.0,-19.0,0.3,False,False,False,0,D,0.0,0.0,0.0,0.0,트렌드 미통과,현재가>150MA:0|현재가>200MA:0|150MA>200MA:0|200MA상승중:0|현재가>50MA:1|52주저점+25%:0|52주고점-30%:1,,0.0,,
099520,DGI,KOSDAQ,1284.0,-17.3,0.0,False,False,False,0,D,0.0,0.0,0.0,0.0,트렌드 미통과,현재가>150MA:0|현재가>200MA:0|150MA>200MA:0|200MA상승중:0|현재가>50MA:0|52주저점+25%:0|52주고점-30%:1,,0.0,,
060900,에이전트AI,KOSDAQ,2420.0,135.1,1.6,False,False,False,0,D,0.0,0.0,0.0,0.0,트렌드 미통과,현재가>150MA:0|현재가>200MA:0|150MA>200MA:1|200MA상승중:1|현재가>50MA:0|52주저점+25%:1|52주고점-30%:0,,0.0,,
290120,DH오토리드,KOSDAQ,2180.0,-27.2,0.7,False,False,False,0,D,0.0,0.0,0.0,0.0,트렌드 미통과,현재가>150MA:0|현재가>200MA:0|150MA>200MA:0|200MA상승중:0|현재가>50MA:0|52주저점+25%:0|52주고점-30%:0,,0.0,,
025440,DH오토웨어,KOSDAQ,3275.0,313.5,0.1,False,False,False,0,D,0.0,0.0,0.0,0.0,트렌드 미통과,현재가>150MA:1|현재가>200MA:1|150MA>200MA:1|200MA상승중:1|현재가>50MA:0|52주저점+25%:1|52주고점-30%:1,,0.0,,
068790,DMS,KOSDAQ,8020.0,14.8,3.0,True,False,False,48,D,0.0,0.0,0.0,0.0,컵 깊이 깊음(51.8%),현재가>150MA:1|현재가>200MA:1|150MA>200MA:1|200MA상승중:1|현재가>50MA:1|52주저점+25%:1|52주고점-30%:1,,0.0,,
241520,DSC인베스트먼트,KOSDAQ,8130.0,-24.9,8.3,False,False,False,0,D,0.0,0.0,0.0,0.0,트렌드 미통과,현재가>150MA:0|현재가>200MA:0|150MA>200MA:1|200MA상승중:1|현재가>50MA:1|52주저점+25%:1|52주고점-30%:0,,0.0,,
180400,DXVX,KOSDAQ,2280.0,-20.0,0.9,False,False,False,0,D,0.0,0.0,0.0,0.0,트렌드 미통과,현재가>150MA:0|현재가>200MA:0|150MA>200MA:1|200MA상승중:1|현재가>50MA:0|52주저점+25%:1|52주고점-30%:0,,0.0,,
245620,EDGC,KOSDAQ,741.0,29.9,0.0,False,False,False,0,D,0.0,0.0,0.0,0.0,트렌드 미통과,현재가>150MA:1|현재가>200MA:1|150MA>200MA:1|200MA상승중:1|현재가>50MA:0|52주저점+25%:1|52주고점-30%:1,,0.0,,
037370,EG,KOSDAQ,4210.0,-14.4,0.8,False,False,False,0,D,0.0,0.0,0.0,0.0,트렌드 미통과,현재가>150MA:0|현재가>200MA:0|150MA>200MA:0|200MA상승중:0|현재가>50MA:1|52주저점+25%:1|52주고점-30%:0,,0.0,,
050120,ES큐브,KOSDAQ,3195.0,0.1,0.2,True,False,False,32,D,0.0,0.0,0.0,0.0,컵 기간 짧음(34일),현재가>150MA:1|현재가>200MA:1|150MA>200MA:1|200MA상승중:1|현재가>50MA:1|52주저점+25%:1|52주고점-30%:1,,0.0,,
214270,FSN,KOSDAQ,1370.0,-39.1,0.5,False,False,False,0,D,0.0,0.0,0.0,0.0,트렌드 미통과,현재가>150MA:0|현재가>200MA:0|150MA>200MA:0|200MA상승중:0|현재가>50MA:1|52주저점+25%:0|52주고점-30%:0,,0.0,,
130500,GH신소재,KOSDAQ,1908.0,-31.2,0.2,False,False,False,0,D,0.0,0.0,0.0,0.0,트렌드 미통과,현재가>150MA:0|현재가>200MA:0|150MA>200MA:0|200MA상승중:0|현재가>50MA:1|52주저점+25%:0|52주고점-30%:0,,0.0,,
900290,GRT,KOSDAQ,3290.0,-15.7,10.0,False,False,False,0,D,0.0,0.0,0.0,0.0,트렌드 미통과,현재가>150MA:0|현재가>200MA:0|150MA>200MA:1|200MA상승중:1|현재가>50MA:0|52주저점+25%:1|52주고점-30%:0,,0.0,,
083450,GST,KOSDAQ,52900.0,52.9,52.6,True,False,False,64,C,0.0,0.0,0.0,0.0,핸들 기간 짧음,현재가>150MA:1|현재가>200MA:1|150MA>200MA:1|200MA상승중:1|현재가>50MA:1|52주저점+25%:1|52주고점-30%:1,,0.0,,
297890,HB솔루션,KOSDAQ,1581.0,-38.2,3.9,False,False,False,0,D,0.0,0.0,0.0,0.0,트렌드 미통과,현재가>150MA:0|현재가>200MA:0|150MA>200MA:0|200MA상승중:0|현재가>50MA:0|52주저점+25%:0|52주고점-30%:0,,0.0,,
440290,HB인베스트먼트,KOSDAQ,1742.0,-28.9,0.5,False,False,False,0,D,0.0,0.0,0.0,0.0,트렌드 미통과,현재가>150MA:0|현재가>200MA:0|150MA>200MA:0|200MA상승중:0|현재가>50MA:1|52주저점+25%:0|52주고점-30%:1,,0.0,,
078150,HB테크놀러지,KOSDAQ,2175.0,-15.7,30.3,False,False,False,0,D,0.0,0.0,0.0,0.0,트렌드 미통과,현재가>150MA:0|현재가>200MA:0|150MA>200MA:1|200MA상승중:1|현재가>50MA:1|52주저점+25%:1|52주고점-30%:0,,0.0,,
195940,HK이노엔,KOSDAQ,39650.0,-32.6,40.4,False,False,False,0,D,0.0,0.0,0.0,0.0,트렌드 미통과,현재가>150MA:0|현재가>200MA:0|150MA>200MA:0|200MA상승중:0|현재가>50MA:0|52주저점+25%:0|52주고점-30%:0,,0.0,,
028300,HLB,KOSDAQ,40150.0,-31.5,614.1,False,False,False,0,D,0.0,0.0,0.0,0.0,트렌드 미통과,현재가>150MA:0|현재가>200MA:0|150MA>200MA:0|200MA상승중:0|현재가>50MA:1|52주저점+25%:1|52주고점-30%:0,,0.0,,
278650,HLB바이오스텝,KOSDAQ,3440.0,84.4,9.1,True,False,False,64,C,0.0,0.0,0.0,0.0,컵 기간 짧음(22일),현재가>150MA:1|현재가>200MA:1|150MA>200MA:1|200MA상승중:1|현재가>50MA:1|52주저점+25%:1|52주고점-30%:1,,0.0,,
067630,HLB생명과학,KOSDAQ,3630.0,-13.2,18.8,False,False,False,0,D,0.0,0.0,0.0,0.0,트렌드 미통과,현재가>150MA:1|현재가>200MA:1|150MA>200MA:0|200MA상승중:0|현재가>50MA:1|52주저점+25%:1|52주고점-30%:1,,0.0,,
024850,HLB이노베이션,KOSDAQ,16140.0,334.0,60.6,False,False,False,0,D,0.0,0.0,0.0,0.0,트렌드 미통과,현재가>150MA:1|현재가>200MA:1|150MA>200MA:1|200MA상승중:1|현재가>50MA:1|52주저점+25%:1|52주고점-30%:0,,0.0,,
187420,HLB제넥스,KOSDAQ,2035.0,-33.6,6.3,False,False,False,0,D,0.0,0.0,0.0,0.0,트렌드 미통과,현재가>150MA:0|현재가>200MA:0|150MA>200MA:0|200MA상승중:0|현재가>50MA:1|52주저점+25%:1|52주고점-30%:0,,0.0,,
047920,HLB제약,KOSDAQ,12030.0,-29.3,49.6,False,False,False,0,D,0.0,0.0,0.0,0.0,트렌드 미통과,현재가>150MA:0|현재가>200MA:0|150MA>200MA:0|200MA상승중:0|현재가>50MA:1|52주저점+25%:1|52주고점-30%:0,,0.0,,
115450,HLB테라퓨틱스,KOSDAQ,2550.0,-22.0,9.0,False,False,False,0,D,0.0,0.0,0.0,0.0,트렌드 미통과,현재가>150MA:0|현재가>200MA:0|150MA>200MA:0|200MA상승중:0|현재가>50MA:1|52주저점+25%:1|52주고점-30%:0,,0.0,,
046210,HLB파나진,KOSDAQ,1285.0,-40.9,3.5,False,False,False,0,D,0.0,0.0,0.0,0.0,트렌드 미통과,현재가>150MA:0|현재가>200MA:0|150MA>200MA:0|200MA상승중:0|현재가>50MA:1|52주저점+25%:1|52주고점-30%:0,,0.0,,
403870,HPSP,KOSDAQ,61000.0,37.6,1115.8,False,False,False,0,D,0.0,0.0,0.0,0.0,트렌드 미통과,현재가>150MA:1|현재가>200MA:1|150MA>200MA:1|200MA상승중:1|현재가>50MA:1|52주저점+25%:1|52주고점-30%:1,,0.0,,
036640,HRS,KOSDAQ,4950.0,-18.2,1.0,False,False,False,0,D,0.0,0.0,0.0,0.0,트렌드 미통과,현재가>150MA:1|현재가>200MA:0|150MA>200MA:0|200MA상승중:0|현재가>50MA:1|52주저점+25%:0|52주고점-30%:1,,0.0,,
469480,IBKS제24호스팩,KOSDAQ,3210.0,31.2,1.9,False,False,False,0,D,0.0,0.0,0.0,0.0,트렌드 미통과,현재가>150MA:1|현재가>200MA:1|150MA>200MA:0|200MA상승중:0|현재가>50MA:1|52주저점+25%:1|52주고점-30%:1,,0.0,,
095340,ISC,KOSDAQ,209500.0,47.3,302.8,False,False,False,0,D,0.0,0.0,0.0,0.0,트렌드 미통과,현재가>150MA:1|현재가>200MA:1|150MA>200MA:1|200MA상승중:1|현재가>50MA:1|52주저점+25%:1|52주고점-30%:1,,0.0,,
950170,JTC,KOSDAQ,4250.0,-32.2,0.4,False,False,False,0,D,0.0,0.0,0.0,0.0,트렌드 미통과,현재가>150MA:0|현재가>200MA:0|150MA>200MA:1|200MA상승중:0|현재가>50MA:0|52주저점+25%:0|52주고점-30%:0,,0.0,,
067290,JW신약,KOSDAQ,2945.0,37.0,876.8,True,False,False,64,C,0.0,0.0,0.0,0.0,핸들 깊이 깊음(24.3%),현재가>150MA:1|현재가>200MA:1|150MA>200MA:1|200MA상승중:1|현재가>50MA:1|52주저점+25%:1|52주고점-30%:1,,0.0,,
035900,JYP Ent.,KOSDAQ,38000.0,-55.9,65.3,False,False,False,0,D,0.0,0.0,0.0,0.0,트렌드 미통과,현재가>150MA:0|현재가>200MA:0|150MA>200MA:0|200MA상승중:0|현재가>50MA:0|52주저점+25%:0|52주고점-30%:0,,0.0,,
318000,KBG,KOSDAQ,2690.0,-46.1,0.2,False,False,False,0,D,0.0,0.0,0.0,0.0,트렌드 미통과,현재가>150MA:0|현재가>200MA:0|150MA>200MA:0|200MA상승중:0|현재가>50MA:0|52주저점+25%:0|52주고점-30%:0,,0.0,,
024840,KBI메탈,KOSDAQ,6010.0,132.8,224.7,False,False,False,0,D,0.0,0.0,0.0,0.0,트렌드 미통과,현재가>150MA:1|현재가>200MA:1|150MA>200MA:1|200MA상승중:1|현재가>50MA:1|52주저점+25%:1|52주고점-30%:0,,0.0,,
024120,KB오토시스,KOSDAQ,3055.0,-25.9,0.2,False,False,False,0,D,0.0,0.0,0.0,0.0,트렌드 미통과,현재가>150MA:0|현재가>200MA:0|150MA>200MA:0|200MA상승중:0|현재가>50MA:0|52주저점+25%:0|52주고점-30%:1,,0.0,,
478390,KB제29호스팩,KOSDAQ,2065.0,-16.6,0.3,False,False,False,0,D,0.0,0.0,0.0,0.0,트렌드 미통과,현재가>150MA:1|현재가>200MA:0|150MA>200MA:0|200MA상승중:1|현재가>50MA:1|52주저점+25%:0|52주고점-30%:1,,0.0,,
486630,KB제30호스팩,KOSDAQ,2050.0,-16.9,0.3,False,False,False,0,D,0.0,0.0,0.0,0.0,트렌드 미통과,현재가>150MA:0|현재가>200MA:0|150MA>200MA:0|200MA상승중:1|현재가>50MA:1|52주저점+25%:0|52주고점-30%:1,,0.0,,
492220,KB제31호스팩,KOSDAQ,2025.0,-17.3,0.5,False,False,False,0,D,0.0,0.0,0.0,0.0,트렌드 미통과,현재가>150MA:0|현재가>200MA:0|150MA>200MA:1|200MA상승중:1|현재가>50MA:1|52주저점+25%:0|52주고점-30%:1,,0.0,,
021320,KCC건설,KOSDAQ,5750.0,-16.8,1.4,False,False,False,0,D,0.0,0.0,0.0,0.0,트렌드 미통과,현재가>150MA:0|현재가>200MA:0|150MA>200MA:1|200MA상승중:1|현재가>50MA:1|52주저점+25%:0|52주고점-30%:1,,0.0,,
036670,삼양케이씨아이,KOSDAQ,5090.0,-28.6,0.4,False,False,False,0,D,0.0,0.0,0.0,0.0,트렌드 미통과,현재가>150MA:0|현재가>200MA:0|150MA>200MA:0|200MA상승중:0|현재가>50MA:0|52주저점+25%:0|52주고점-30%:1,,0.0,,
044180,KD,KOSDAQ,205.0,-45.2,0.0,False,False,False,0,D,0.0,0.0,0.0,0.0,트렌드 미통과,현재가>150MA:0|현재가>200MA:0|150MA>200MA:0|200MA상승중:0|현재가>50MA:0|52주저점+25%:0|52주고점-30%:0,,0.0,,
046440,KG파이낸셜,KOSDAQ,4050.0,-28.8,1.7,False,False,False,0,D,0.0,0.0,0.0,0.0,트렌드 미통과,현재가>150MA:0|현재가>200MA:0|150MA>200MA:0|200MA상승중:0|현재가>50MA:0|52주저점+25%:0|52주고점-30%:1,,0.0,,
151860,KG에코솔루션,KOSDAQ,5330.0,-25.8,4.5,False,False,False,0,D,0.0,0.0,0.0,0.0,트렌드 미통과,현재가>150MA:0|현재가>200MA:0|150MA>200MA:1|200MA상승중:0|현재가>50MA:0|52주저점+25%:0|52주고점-30%:1,,0.0,,
035600,KG이니시스,KOSDAQ,9910.0,-18.5,3.7,False,False,False,0,D,0.0,0.0,0.0,0.0,트렌드 미통과,현재가>150MA:0|현재가>200MA:0|150MA>200MA:0|200MA상승중:0|현재가>50MA:0|52주저점+25%:0|52주고점-30%:1,,0.0,,
060720,KH바텍,KOSDAQ,10990.0,-24.2,11.8,False,False,False,0,D,0.0,0.0,0.0,0.0,트렌드 미통과,현재가>150MA:0|현재가>200MA:0|150MA>200MA:0|200MA상승중:0|현재가>50MA:1|52주저점+25%:1|52주고점-30%:0,,0.0,,
058400,KNN,KOSDAQ,5940.0,809.3,1.3,True,False,False,64,C,0.0,0.0,0.0,0.0,현재가 피벗 미달(-6.8%),현재가>150MA:1|현재가>200MA:1|150MA>200MA:1|200MA상승중:1|현재가>50MA:1|52주저점+25%:1|52주고점-30%:1,,0.0,,
101000,KS인더스트리,KOSDAQ,1650.0,146.7,9.7,False,False,False,0,D,0.0,0.0,0.0,0.0,트렌드 미통과,현재가>150MA:1|현재가>200MA:1|150MA>200MA:0|200MA상승중:1|현재가>50MA:1|52주저점+25%:1|52주고점-30%:1,,0.0,,
122450,KX,KOSDAQ,2510.0,-39.1,0.8,False,False,False,0,D,0.0,0.0,0.0,0.0,트렌드 미통과,현재가>150MA:0|현재가>200MA:0|150MA>200MA:0|200MA상승중:0|현재가>50MA:0|52주저점+25%:0|52주고점-30%:0,,0.0,,
052900,KX하이텍,KOSDAQ,1138.0,-14.8,6.2,False,False,False,0,D,0.0,0.0,0.0,0.0,트렌드 미통과,현재가>150MA:0|현재가>200MA:0|150MA>200MA:1|200MA상승중:1|현재가>50MA:1|52주저점+25%:1|52주고점-30%:0,,0.0,,
061970,LB세미콘,KOSDAQ,4510.0,-14.2,16.3,False,False,False,0,D,0.0,0.0,0.0,0.0,트렌드 미통과,현재가>150MA:0|현재가>200MA:0|150MA>200MA:1|200MA상승중:0|현재가>50MA:1|52주저점+25%:1|52주고점-30%:0,,0.0,,
309960,LB인베스트먼트,KOSDAQ,4290.0,-30.4,1.8,False,False,False,0,D,0.0,0.0,0.0,0.0,트렌드 미통과,현재가>150MA:0|현재가>200MA:0|150MA>200MA:0|200MA상승중:0|현재가>50MA:0|52주저점+25%:0|52주고점-30%:0,,0.0,,
225190,LK삼양,KOSDAQ,3720.0,187.0,23.0,False,False,False,0,D,0.0,0.0,0.0,0.0,트렌드 미통과,현재가>150MA:1|현재가>200MA:1|150MA>200MA:0|200MA상승중:0|현재가>50MA:1|52주저점+25%:1|52주고점-30%:1,,0.0,,
060370,LS마린솔루션,KOSDAQ,32200.0,0.5,38.2,False,False,False,0,D,0.0,0.0,0.0,0.0,트렌드 미통과,현재가>150MA:1|현재가>200MA:1|150MA>200MA:1|200MA상승중:1|현재가>50MA:1|52주저점+25%:1|52주고점-30%:0,,0.0,,
417200,LS머트리얼즈,KOSDAQ,13060.0,-23.5,127.0,False,False,False,0,D,0.0,0.0,0.0,0.0,트렌드 미통과,현재가>150MA:0|현재가>200MA:0|150MA>200MA:1|200MA상승중:0|현재가>50MA:1|52주저점+25%:1|52주고점-30%:0,,0.0,,
078020,LS증권,KOSDAQ,6610.0,-5.3,3.2,False,False,False,0,D,0.0,0.0,0.0,0.0,트렌드 미통과,현재가>150MA:0|현재가>200MA:1|150MA>200MA:1|200MA상승중:1|현재가>50MA:1|52주저점+25%:1|52주고점-30%:1,,0.0,,
476080,M83,KOSDAQ,4080.0,-48.7,0.5,False,False,False,0,D,0.0,0.0,0.0,0.0,트렌드 미통과,현재가>150MA:0|현재가>200MA:0|150MA>200MA:0|200MA상승중:0|현재가>50MA:1|52주저점+25%:1|52주고점-30%:0,,0.0,,
086960,MDS테크,KOSDAQ,2410.0,40.4,27.2,False,False,False,0,D,0.0,0.0,0.0,0.0,트렌드 미통과,현재가>150MA:1|현재가>200MA:1|150MA>200MA:1|200MA상승중:1|현재가>50MA:1|52주저점+25%:1|52주고점-30%:0,,0.0,,
160550,NEW,KOSDAQ,1032.0,-51.5,0.5,False,False,False,0,D,0.0,0.0,0.0,0.0,트렌드 미통과,현재가>150MA:0|현재가>200MA:0|150MA>200MA:0|200MA상승중:0|현재가>50MA:0|52주저점+25%:0|52주고점-30%:0,,0.0,,
053290,NE능률,KOSDAQ,1567.0,-23.3,0.2,False,False,False,0,D,0.0,0.0,0.0,0.0,트렌드 미통과,현재가>150MA:0|현재가>200MA:0|150MA>200MA:0|200MA상승중:0|현재가>50MA:0|52주저점+25%:1|52주고점-30%:0,,0.0,,
060250,NHN KCP,KOSDAQ,13410.0,-22.5,48.0,False,False,False,0,D,0.0,0.0,0.0,0.0,트렌드 미통과,현재가>150MA:0|현재가>200MA:0|150MA>200MA:0|200MA상승중:0|현재가>50MA:0|52주저점+25%:0|52주고점-30%:0,,0.0,,
104200,NHN벅스,KOSDAQ,2200.0,-49.5,1.1,False,False,False,0,D,0.0,0.0,0.0,0.0,트렌드 미통과,현재가>150MA:0|현재가>200MA:0|150MA>200MA:0|200MA상승중:0|현재가>50MA:0|52주저점+25%:0|52주고점-30%:0,,0.0,,
024940,PN풍년,KOSDAQ,2090.0,-51.8,2.4,False,False,False,0,D,0.0,0.0,0.0,0.0,트렌드 미통과,현재가>150MA:0|현재가>200MA:0|150MA>200MA:0|200MA상승중:0|현재가>50MA:1|52주저점+25%:0|52주고점-30%:0,,0.0,,
218410,RFHIC,KOSDAQ,57800.0,9.1,313.3,False,False,False,0,D,0.0,0.0,0.0,0.0,트렌드 미통과,현재가>150MA:0|현재가>200MA:0|150MA>200MA:1|200MA상승중:1|현재가>50MA:1|52주저점+25%:1|52주고점-30%:0,,0.0,,
327260,RF머트리얼즈,KOSDAQ,48800.0,60.4,440.5,False,False,False,0,D,0.0,0.0,0.0,0.0,트렌드 미통과,현재가>150MA:0|현재가>200MA:0|150MA>200MA:1|200MA상승중:1|현재가>50MA:1|52주저점+25%:1|52주고점-30%:0,,0.0,,
474610,RF시스템즈,KOSDAQ,7990.0,11.5,6.0,False,False,False,0,D,0.0,0.0,0.0,0.0,트렌드 미통과,현재가>150MA:0|현재가>200MA:0|150MA>200MA:1|200MA상승중:1|현재가>50MA:1|52주저점+25%:1|52주고점-30%:0,,0.0,,
091340,S&K폴리텍,KOSDAQ,2650.0,-2.1,1.4,False,False,False,0,D,0.0,0.0,0.0,0.0,트렌드 미통과,현재가>150MA:1|현재가>200MA:1|150MA>200MA:1|200MA상승중:1|현재가>50MA:1|52주저점+25%:1|52주고점-30%:1,,0.0,,
419530,SAMG엔터,KOSDAQ,17590.0,-61.0,8.3,False,False,False,0,D,0.0,0.0,0.0,0.0,트렌드 미통과,현재가>150MA:0|현재가>200MA:0|150MA>200MA:0|200MA상승중:0|현재가>50MA:0|52주저점+25%:0|52주고점-30%:0,,0.0,,
019550,SBI인베스트먼트,KOSDAQ,924.0,-0.0,1.8,False,False,False,0,D,0.0,0.0,0.0,0.0,트렌드 미통과,현재가>150MA:1|현재가>200MA:1|150MA>200MA:1|200MA상승중:1|현재가>50MA:0|52주저점+25%:1|52주고점-30%:1,,0.0,,
036120,서울평가정보,KOSDAQ,1653.0,-29.9,1.1,False,False,False,0,D,0.0,0.0,0.0,0.0,트렌드 미통과,현재가>150MA:0|현재가>200MA:0|150MA>200MA:0|200MA상승중:0|현재가>50MA:1|52주저점+25%:0|52주고점-30%:1,,0.0,,
246960,SCL사이언스,KOSDAQ,2795.0,18.8,3.1,False,False,False,0,D,0.0,0.0,0.0,0.0,트렌드 미통과,현재가>150MA:1|현재가>200MA:1|150MA>200MA:0|200MA상승중:0|현재가>50MA:1|52주저점+25%:1|52주고점-30%:1,,0.0,,
099220,SDN,KOSDAQ,5240.0,365.9,0.5,False,False,False,0,D,0.0,0.0,0.0,0.0,트렌드 미통과,현재가>150MA:1|현재가>200MA:1|150MA>200MA:1|200MA상승중:1|현재가>50MA:1|52주저점+25%:1|52주고점-30%:1,,0.0,,
036540,SFA반도체,KOSDAQ,10550.0,95.7,595.1,False,False,False,0,D,0.0,0.0,0.0,0.0,트렌드 미통과,현재가>150MA:1|현재가>200MA:1|150MA>200MA:1|200MA상승중:1|현재가>50MA:1|52주저점+25%:1|52주고점-30%:1,,0.0,,
255220,SG,KOSDAQ,1137.0,-59.8,26.2,False,False,False,0,D,0.0,0.0,0.0,0.0,트렌드 미통과,현재가>150MA:0|현재가>200MA:0|150MA>200MA:0|200MA상승중:0|현재가>50MA:0|52주저점+25%:0|52주고점-30%:0,,0.0,,
040610,SG&G,KOSDAQ,3145.0,24.1,0.7,True,False,False,56,D,0.0,0.0,0.0,0.0,컵 기간 짧음(9일),현재가>150MA:1|현재가>200MA:1|150MA>200MA:1|200MA상승중:1|현재가>50MA:1|52주저점+25%:1|52주고점-30%:1,,0.0,,
049470,비트플래닛,KOSDAQ,2585.0,97.4,10.2,True,False,False,64,C,0.0,0.0,0.0,0.0,컵 깊이 깊음(52.7%),현재가>150MA:1|현재가>200MA:1|150MA>200MA:1|200MA상승중:1|현재가>50MA:1|52주저점+25%:1|52주고점-30%:1,,0.0,,
184230,SGA솔루션즈,KOSDAQ,2030.0,120.7,5.3,False,False,False,0,D,0.0,0.0,0.0,0.0,트렌드 미통과,현재가>150MA:1|현재가>200MA:1|150MA>200MA:1|200MA상승중:1|현재가>50MA:1|52주저점+25%:1|52주고점-30%:0,,0.0,,
016250,SGC E&C,KOSDAQ,12110.0,-30.4,0.2,False,False,False,0,D,0.0,0.0,0.0,0.0,트렌드 미통과,현재가>150MA:0|현재가>200MA:0|150MA>200MA:0|200MA상승중:0|현재가>50MA:1|52주저점+25%:0|52주고점-30%:0,,0.0,,
048550,SM C&C,KOSDAQ,1050.0,-43.3,4.1,False,False,False,0,D,0.0,0.0,0.0,0.0,트렌드 미통과,현재가>150MA:0|현재가>200MA:0|150MA>200MA:0|200MA상승중:0|현재가>50MA:0|52주저점+25%:1|52주고점-30%:0,,0.0,,
063440,SM Life Design,KOSDAQ,1077.0,-39.8,0.8,False,False,False,0,D,0.0,0.0,0.0,0.0,트렌드 미통과,현재가>150MA:0|현재가>200MA:0|150MA>200MA:0|200MA상승중:0|현재가>50MA:1|52주저점+25%:0|52주고점-30%:0,,0.0,,
067160,SOOP,KOSDAQ,36850.0,-55.6,11.8,False,False,False,0,D,0.0,0.0,0.0,0.0,트렌드 미통과,현재가>150MA:0|현재가>200MA:0|150MA>200MA:0|200MA상승중:0|현재가>50MA:0|52주저점+25%:0|52주고점-30%:0,,0.0,,
289080,SV인베스트먼트,KOSDAQ,2660.0,7.7,59.6,False,False,False,0,D,0.0,0.0,0.0,0.0,트렌드 미통과,현재가>150MA:0|현재가>200MA:0|150MA>200MA:1|200MA상승중:1|현재가>50MA:1|52주저점+25%:1|52주고점-30%:0,,0.0,,
089230,THE E&M,KOSDAQ,2040.0,9.4,4.5,False,False,False,0,D,0.0,0.0,0.0,0.0,트렌드 미통과,현재가>150MA:0|현재가>200MA:1|150MA>200MA:1|200MA상승중:1|현재가>50MA:1|52주저점+25%:1|52주고점-30%:0,,0.0,,
032540,TJ미디어,KOSDAQ,3790.0,-25.1,0.4,False,False,False,0,D,0.0,0.0,0.0,0.0,트렌드 미통과,현재가>150MA:0|현재가>200MA:0|150MA>200MA:0|200MA상승중:0|현재가>50MA:1|52주저점+25%:0|52주고점-30%:0,,0.0,,
022220,티케이지애강,KOSDAQ,845.0,13.9,2.9,True,False,False,48,D,0.0,0.0,0.0,0.0,현재가 피벗 미달(-5.6%),현재가>150MA:1|현재가>200MA:1|150MA>200MA:1|200MA상승중:1|현재가>50MA:1|52주저점+25%:1|52주고점-30%:1,,0.0,,
048770,TPC로보틱스,KOSDAQ,4155.0,26.1,77.8,False,False,False,0,D,0.0,0.0,0.0,0.0,트렌드 미통과,현재가>150MA:1|현재가>200MA:1|150MA>200MA:1|200MA상승중:1|현재가>50MA:1|52주저점+25%:1|52주고점-30%:0,,0.0,,
246690,TS인베스트먼트,KOSDAQ,2175.0,36.6,1.8,True,False,False,64,C,0.0,0.0,0.0,0.0,현재가 피벗 미달(-6.0%),현재가>150MA:1|현재가>200MA:1|150MA>200MA:1|200MA상승중:1|현재가>50MA:1|52주저점+25%:1|52주고점-30%:1,,0.0,,
317240,TS트릴리온,KOSDAQ,1002.0,158.0,1.3,False,False,False,0,D,0.0,0.0,0.0,0.0,트렌드 미통과,현재가>150MA:1|현재가>200MA:1|150MA>200MA:1|200MA상승중:1|현재가>50MA:0|52주저점+25%:1|52주고점-30%:0,,0.0,,
057030,YBM넷,KOSDAQ,2070.0,-36.9,0.4,False,False,False,0,D,0.0,0.0,0.0,0.0,트렌드 미통과,현재가>150MA:0|현재가>200MA:0|150MA>200MA:0|200MA상승중:0|현재가>50MA:0|52주저점+25%:0|52주고점-30%:0,,0.0,,
040300,YTN,KOSDAQ,2270.0,-30.2,16.6,False,False,False,0,D,0.0,0.0,0.0,0.0,트렌드 미통과,현재가>150MA:0|현재가>200MA:0|150MA>200MA:0|200MA상승중:0|현재가>50MA:1|52주저점+25%:0|52주고점-30%:0,,0.0,,
051390,YW,KOSDAQ,3945.0,-19.4,0.1,False,False,False,0,D,0.0,0.0,0.0,0.0,트렌드 미통과,현재가>150MA:0|현재가>200MA:0|150MA>200MA:1|200MA상승중:1|현재가>50MA:0|52주저점+25%:0|52주고점-30%:1,,0.0,,
052220,iMBC,KOSDAQ,1658.0,-51.6,10.3,False,False,False,0,D,0.0,0.0,0.0,0.0,트렌드 미통과,현재가>150MA:0|현재가>200MA:0|150MA>200MA:0|200MA상승중:0|현재가>50MA:0|52주저점+25%:0|52주고점-30%:0,,0.0,,
079940,가비아,KOSDAQ,40000.0,17.1,39.8,False,False,False,0,D,0.0,0.0,0.0,0.0,트렌드 미통과,현재가>150MA:1|현재가>200MA:1|150MA>200MA:1|200MA상승중:1|현재가>50MA:0|52주저점+25%:1|52주고점-30%:1,,0.0,,
078890,가온그룹,KOSDAQ,4350.0,-24.6,2.5,False,False,False,0,D,0.0,0.0,0.0,0.0,트렌드 미통과,현재가>150MA:0|현재가>200MA:0|150MA>200MA:1|200MA상승중:0|현재가>50MA:1|52주저점+25%:1|52주고점-30%:0,,0.0,,
399720,가온칩스,KOSDAQ,46250.0,-19.8,49.3,False,False,False,0,D,0.0,0.0,0.0,0.0,트렌드 미통과,현재가>150MA:0|현재가>200MA:0|150MA>200MA:0|200MA상승중:0|현재가>50MA:1|52주저점+25%:1|52주고점-30%:0,,0.0,,
036620,감성코퍼레이션,KOSDAQ,3695.0,-43.7,9.2,False,False,False,0,D,0.0,0.0,0.0,0.0,트렌드 미통과,현재가>150MA:0|현재가>200MA:0|150MA>200MA:0|200MA상승중:0|현재가>50MA:0|52주저점+25%:0|52주고점-30%:0,,0.0,,
198440,강동씨앤엘,KOSDAQ,1617.0,1.8,115.2,False,False,False,0,D,0.0,0.0,0.0,0.0,트렌드 미통과,현재가>150MA:1|현재가>200MA:1|150MA>200MA:1|200MA상승중:1|현재가>50MA:1|52주저점+25%:1|52주고점-30%:0,,0.0,,
217730,강스템바이오텍,KOSDAQ,2100.0,-12.3,5.3,False,False,False,0,D,0.0,0.0,0.0,0.0,트렌드 미통과,현재가>150MA:0|현재가>200MA:0|150MA>200MA:1|200MA상승중:1|현재가>50MA:0|52주저점+25%:1|52주고점-30%:0,,0.0,,
114190,강원에너지,KOSDAQ,8130.0,-41.2,6.8,False,False,False,0,D,0.0,0.0,0.0,0.0,트렌드 미통과,현재가>150MA:0|현재가>200MA:0|150MA>200MA:0|200MA상승중:0|현재가>50MA:0|52주저점+25%:0|52주고점-30%:0,,0.0,,
094480,갤럭시아머니트리,KOSDAQ,5690.0,-38.2,32.9,False,False,False,0,D,0.0,0.0,0.0,0.0,트렌드 미통과,현재가>150MA:0|현재가>200MA:0|150MA>200MA:0|200MA상승중:0|현재가>50MA:1|52주저점+25%:1|52주고점-30%:0,,0.0,,
039240,경남스틸,KOSDAQ,1887.0,-40.8,0.8,False,False,False,0,D,0.0,0.0,0.0,0.0,트렌드 미통과,현재가>150MA:0|현재가>200MA:0|150MA>200MA:0|200MA상승중:0|현재가>50MA:0|52주저점+25%:0|52주고점-30%:0,,0.0,,
053950,경남제약,KOSDAQ,1997.0,101.2,25.3,False,False,False,0,D,0.0,0.0,0.0,0.0,트렌드 미통과,현재가>150MA:1|현재가>200MA:1|150MA>200MA:1|200MA상승중:1|현재가>50MA:1|52주저점+25%:1|52주고점-30%:0,,0.0,,
011040,경동제약,KOSDAQ,5040.0,-24.8,9.3,False,False,False,0,D,0.0,0.0,0.0,0.0,트렌드 미통과,현재가>150MA:0|현재가>200MA:0|150MA>200MA:0|200MA상승중:0|현재가>50MA:1|52주저점+25%:0|52주고점-30%:1,,0.0,,
024910,경창산업,KOSDAQ,1481.0,-25.9,0.5,False,False,False,0,D,0.0,0.0,0.0,0.0,트렌드 미통과,현재가>150MA:0|현재가>200MA:0|150MA>200MA:0|200MA상승중:1|현재가>50MA:0|52주저점+25%:0|52주고점-30%:0,,0.0,,
049720,고려신용정보,KOSDAQ,9150.0,-26.7,1.8,False,False,False,0,D,0.0,0.0,0.0,0.0,트렌드 미통과,현재가>150MA:0|현재가>200MA:0|150MA>200MA:0|200MA상승중:0|현재가>50MA:0|52주저점+25%:0|52주고점-30%:1,,0.0,,
014570,고려제약,KOSDAQ,3250.0,-32.6,0.2,False,False,False,0,D,0.0,0.0,0.0,0.0,트렌드 미통과,현재가>150MA:0|현재가>200MA:0|150MA>200MA:0|200MA상승중:0|현재가>50MA:0|52주저점+25%:0|52주고점-30%:0,,0.0,,
348150,고바이오랩,KOSDAQ,2715.0,-58.9,0.6,False,False,False,0,D,0.0,0.0,0.0,0.0,트렌드 미통과,현재가>150MA:0|현재가>200MA:0|150MA>200MA:0|200MA상승중:0|현재가>50MA:0|52주저점+25%:0|52주고점-30%:0,,0.0,,
950190,고스트스튜디오,KOSDAQ,9690.0,-9.7,14.4,True,False,False,32,D,0.0,0.0,0.0,0.0,현재가 피벗 미달(-12.8%),현재가>150MA:1|현재가>200MA:1|150MA>200MA:1|200MA상승중:1|현재가>50MA:1|52주저점+25%:1|52주고점-30%:1,,0.0,,
098460,고영,KOSDAQ,30750.0,9.7,297.3,False,False,False,0,D,0.0,0.0,0.0,0.0,트렌드 미통과,현재가>150MA:0|현재가>200MA:1|150MA>200MA:1|200MA상승중:1|현재가>50MA:1|52주저점+25%:1|52주고점-30%:1,,0.0,,
035290,골드앤에스,KOSDAQ,384.0,-55.5,4.7,False,False,False,0,D,0.0,0.0,0.0,0.0,트렌드 미통과,현재가>150MA:0|현재가>200MA:0|150MA>200MA:1|200MA상승중:1|현재가>50MA:0|52주저점+25%:0|52주고점-30%:0,,0.0,,
215000,골프존,KOSDAQ,36150.0,-43.4,6.7,False,False,False,0,D,0.0,0.0,0.0,0.0,트렌드 미통과,현재가>150MA:0|현재가>200MA:0|150MA>200MA:0|200MA상승중:0|현재가>50MA:0|52주저점+25%:0|52주고점-30%:0,,0.0,,
121440,골프존홀딩스,KOSDAQ,7620.0,24.3,4.1,True,False,False,56,D,0.0,0.0,0.0,0.0,핸들 기간 김(21일),현재가>150MA:1|현재가>200MA:1|150MA>200MA:1|200MA상승중:1|현재가>50MA:1|52주저점+25%:1|52주고점-30%:1,,0.0,,
366030,나인앤컴퍼니,KOSDAQ,4545.0,-28.6,2.7,False,False,False,0,D,0.0,0.0,0.0,0.0,트렌드 미통과,현재가>150MA:0|현재가>200MA:0|150MA>200MA:0|200MA상승중:0|현재가>50MA:0|52주저점+25%:0|52주고점-30%:0,,0.0,,
029480,광무,KOSDAQ,1386.0,-44.8,1.1,False,False,False,0,D,0.0,0.0,0.0,0.0,트렌드 미통과,현재가>150MA:0|현재가>200MA:0|150MA>200MA:0|200MA상승중:0|현재가>50MA:0|52주저점+25%:0|52주고점-30%:0,,0.0,,
026910,광진실업,KOSDAQ,2350.0,-33.7,6.9,False,False,False,0,D,0.0,0.0,0.0,0.0,트렌드 미통과,현재가>150MA:0|현재가>200MA:0|150MA>200MA:1|200MA상승중:1|현재가>50MA:0|52주저점+25%:1|52주고점-30%:0,,0.0,,
482520,교보16호스팩,KOSDAQ,2065.0,-16.8,0.3,False,False,False,0,D,0.0,0.0,0.0,0.0,트렌드 미통과,현재가>150MA:1|현재가>200MA:0|150MA>200MA:0|200MA상승중:0|현재가>50MA:1|52주저점+25%:0|52주고점-30%:1,,0.0,,
489210,교보17호스팩,KOSDAQ,2040.0,-18.2,0.4,False,False,False,0,D,0.0,0.0,0.0,0.0,트렌드 미통과,현재가>150MA:0|현재가>200MA:0|150MA>200MA:0|200MA상승중:0|현재가>50MA:1|52주저점+25%:0|52주고점-30%:1,,0.0,,
053270,구영테크,KOSDAQ,1950.0,-21.7,0.6,False,False,False,0,D,0.0,0.0,0.0,0.0,트렌드 미통과,현재가>150MA:0|현재가>200MA:0|150MA>200MA:0|200MA상승중:0|현재가>50MA:0|52주저점+25%:0|52주고점-30%:0,,0.0,,
066620,국보디자인,KOSDAQ,24650.0,-11.4,1.2,False,False,False,0,D,0.0,0.0,0.0,0.0,트렌드 미통과,현재가>150MA:1|현재가>200MA:1|150MA>200MA:1|200MA상승중:1|현재가>50MA:1|52주저점+25%:0|52주고점-30%:1,,0.0,,
043650,국순당,KOSDAQ,3500.0,-34.3,7.1,False,False,False,0,D,0.0,0.0,0.0,0.0,트렌드 미통과,현재가>150MA:0|현재가>200MA:0|150MA>200MA:0|200MA상승중:0|현재가>50MA:0|52주저점+25%:0|52주고점-30%:1,,0.0,,
006050,국영지앤엠,KOSDAQ,3180.0,264.8,1.8,False,False,False,0,D,0.0,0.0,0.0,0.0,트렌드 미통과,현재가>150MA:1|현재가>200MA:1|150MA>200MA:1|200MA상승중:1|현재가>50MA:1|52주저점+25%:1|52주고점-30%:0,,0.0,,
060480,국일신동,KOSDAQ,1375.0,-28.8,2.1,False,False,False,0,D,0.0,0.0,0.0,0.0,트렌드 미통과,현재가>150MA:0|현재가>200MA:0|150MA>200MA:0|200MA상승중:0|현재가>50MA:1|52주저점+25%:1|52주고점-30%:1,,0.0,,
078130,국일제지,KOSDAQ,3500.0,477.9,2.3,False,False,False,0,D,0.0,0.0,0.0,0.0,트렌드 미통과,현재가>150MA:1|현재가>200MA:1|150MA>200MA:1|200MA상승중:1|현재가>50MA:0|52주저점+25%:1|52주고점-30%:1,,0.0,,
307750,국전,KOSDAQ,2275.0,-42.5,6.4,False,False,False,0,D,0.0,0.0,0.0,0.0,트렌드 미통과,현재가>150MA:0|현재가>200MA:0|150MA>200MA:0|200MA상승중:0|현재가>50MA:1|52주저점+25%:1|52주고점-30%:0,,0.0,,
035080,그래디언트,KOSDAQ,11670.0,-8.5,3.8,False,False,False,0,D,0.0,0.0,0.0,0.0,트렌드 미통과,현재가>150MA:1|현재가>200MA:1|150MA>200MA:0|200MA상승중:0|현재가>50MA:1|52주저점+25%:1|52주고점-30%:1,,0.0,,
453450,그리드위즈,KOSDAQ,12460.0,-41.8,2.5,False,False,False,0,D,0.0,0.0,0.0,0.0,트렌드 미통과,현재가>150MA:0|현재가>200MA:0|150MA>200MA:1|200MA상승중:0|현재가>50MA:0|52주저점+25%:0|52주고점-30%:0,,0.0,,
204020,그리티,KOSDAQ,1787.0,-31.6,0.2,False,False,False,0,D,0.0,0.0,0.0,0.0,트렌드 미통과,현재가>150MA:0|현재가>200MA:0|150MA>200MA:0|200MA상승중:0|현재가>50MA:0|52주저점+25%:0|52주고점-30%:1,,0.0,,
402490,그린리소스,KOSDAQ,7510.0,-37.0,10.7,False,False,False,0,D,0.0,0.0,0.0,0.0,트렌드 미통과,현재가>150MA:0|현재가>200MA:0|150MA>200MA:1|200MA상승중:0|현재가>50MA:1|52주저점+25%:1|52주고점-30%:0,,0.0,,
114450,그린생명과학,KOSDAQ,2220.0,-22.8,1.6,False,False,False,0,D,0.0,0.0,0.0,0.0,트렌드 미통과,현재가>150MA:0|현재가>200MA:0|150MA>200MA:0|200MA상승중:0|현재가>50MA:1|52주저점+25%:1|52주고점-30%:0,,0.0,,
186230,그린플러스,KOSDAQ,3160.0,-42.7,0.5,False,False,False,0,D,0.0,0.0,0.0,0.0,트렌드 미통과,현재가>150MA:0|현재가>200MA:0|150MA>200MA:0|200MA상승중:0|현재가>50MA:0|52주저점+25%:0|52주고점-30%:0,,0.0,,
900070,글로벌에스엠,KOSDAQ,988.0,45.6,0.2,False,False,False,0,D,0.0,0.0,0.0,0.0,트렌드 미통과,현재가>150MA:1|현재가>200MA:1|150MA>200MA:1|200MA상승중:1|현재가>50MA:0|52주저점+25%:1|52주고점-30%:1,,0.0,,
204620,글로벌텍스프리,KOSDAQ,6000.0,2.7,41.8,False,False,False,0,D,0.0,0.0,0.0,0.0,트렌드 미통과,현재가>150MA:1|현재가>200MA:1|150MA>200MA:1|200MA상승중:0|현재가>50MA:1|52주저점+25%:1|52주고점-30%:1,,0.0,,
019660,글로본,KOSDAQ,1475.0,-51.8,0.5,False,False,False,0,D,0.0,0.0,0.0,0.0,트렌드 미통과,현재가>150MA:0|현재가>200MA:0|150MA>200MA:0|200MA상승중:0|현재가>50MA:0|52주저점+25%:0|52주고점-30%:0,,0.0,,
053260,금강철강,KOSDAQ,6610.0,24.9,268.1,True,False,False,56,D,0.0,0.0,0.0,0.0,핸들 깊이 깊음(18.5%),현재가>150MA:1|현재가>200MA:1|150MA>200MA:1|200MA상승중:1|현재가>50MA:1|52주저점+25%:1|52주고점-30%:1,,0.0,,
282720,금양그린파워,KOSDAQ,7390.0,-42.5,1.2,False,False,False,0,D,0.0,0.0,0.0,0.0,트렌드 미통과,현재가>150MA:0|현재가>200MA:0|150MA>200MA:0|200MA상승중:0|현재가>50MA:0|52주저점+25%:0|52주고점-30%:0,,0.0,,
036190,금화피에스시,KOSDAQ,34000.0,-14.6,1.3,False,False,False,0,D,0.0,0.0,0.0,0.0,트렌드 미통과,현재가>150MA:0|현재가>200MA:1|150MA>200MA:1|200MA상승중:1|현재가>50MA:1|52주저점+25%:0|52주고점-30%:1,,0.0,,
049080,기가레인,KOSDAQ,9410.0,888.6,74.0,True,False,False,64,C,0.0,0.0,0.0,0.0,컵 깊이 깊음(65.2%),현재가>150MA:1|현재가>200MA:1|150MA>200MA:1|200MA상승중:1|현재가>50MA:1|52주저점+25%:1|52주고점-30%:1,,0.0,,
420770,기가비스,KOSDAQ,129000.0,114.6,166.8,False,False,False,0,D,0.0,0.0,0.0,0.0,트렌드 미통과,현재가>150MA:1|현재가>200MA:1|150MA>200MA:1|200MA상승중:1|현재가>50MA:1|52주저점+25%:1|52주고점-30%:0,,0.0,,
035460,기산텔레콤,KOSDAQ,2420.0,-7.0,4.2,False,False,False,0,D,0.0,0.0,0.0,0.0,트렌드 미통과,현재가>150MA:0|현재가>200MA:0|150MA>200MA:1|200MA상승중:1|현재가>50MA:1|52주저점+25%:1|52주고점-30%:0,,0.0,,
308100,형지글로벌,KOSDAQ,275.0,-82.6,2.5,False,False,False,0,D,0.0,0.0,0.0,0.0,트렌드 미통과,현재가>150MA:0|현재가>200MA:0|150MA>200MA:0|200MA상승중:0|현재가>50MA:0|52주저점+25%:0|52주고점-30%:0,,0.0,,
407400,꿈비,KOSDAQ,1909.0,-57.7,0.4,False,False,False,0,D,0.0,0.0,0.0,0.0,트렌드 미통과,현재가>150MA:0|현재가>200MA:0|150MA>200MA:0|200MA상승중:0|현재가>50MA:0|52주저점+25%:0|52주고점-30%:0,,0.0,,
187790,나노,KOSDAQ,2950.0,-22.7,7.3,False,False,False,0,D,0.0,0.0,0.0,0.0,트렌드 미통과,현재가>150MA:0|현재가>200MA:0|150MA>200MA:1|200MA상승중:1|현재가>50MA:0|52주저점+25%:1|52주고점-30%:0,,0.0,,
286750,나노실리칸첨단소재,KOSDAQ,2710.0,50.5,2.8,False,False,False,0,D,0.0,0.0,0.0,0.0,트렌드 미통과,현재가>150MA:1|현재가>200MA:1|150MA>200MA:0|200MA상승중:1|현재가>50MA:1|52주저점+25%:1|52주고점-30%:1,,0.0,,
121600,나노신소재,KOSDAQ,54100.0,-17.2,33.0,False,False,False,0,D,0.0,0.0,0.0,0.0,트렌드 미통과,현재가>150MA:0|현재가>200MA:0|150MA>200MA:1|200MA상승중:0|현재가>50MA:1|52주저점+25%:1|52주고점-30%:0,,0.0,,
247660,나노씨엠에스,KOSDAQ,4180.0,-9.0,1.4,False,False,False,0,D,0.0,0.0,0.0,0.0,트렌드 미통과,현재가>150MA:1|현재가>200MA:0|150MA>200MA:0|200MA상승중:0|현재가>50MA:1|52주저점+25%:1|52주고점-30%:1,,0.0,,
039860,나노엔텍,KOSDAQ,4485.0,-10.4,18.7,False,False,False,0,D,0.0,0.0,0.0,0.0,트렌드 미통과,현재가>150MA:0|현재가>200MA:0|150MA>200MA:0|200MA상승중:1|현재가>50MA:1|52주저점+25%:1|52주고점-30%:0,,0.0,,
091970,LSK아이로봇,KOSDAQ,3515.0,272.3,0.8,False,False,False,0,D,0.0,0.0,0.0,0.0,트렌드 미통과,현재가>150MA:1|현재가>200MA:1|150MA>200MA:1|200MA상승중:1|현재가>50MA:0|52주저점+25%:1|52주고점-30%:1,,0.0,,
417010,나노팀,KOSDAQ,6060.0,-19.2,37.4,False,False,False,0,D,0.0,0.0,0.0,0.0,트렌드 미통과,현재가>150MA:0|현재가>200MA:0|150MA>200MA:0|200MA상승중:1|현재가>50MA:1|52주저점+25%:1|52주고점-30%:0,,0.0,,
405920,나라셀라,KOSDAQ,1775.0,-32.9,0.1,False,False,False,0,D,0.0,0.0,0.0,0.0,트렌드 미통과,현재가>150MA:0|현재가>200MA:0|150MA>200MA:0|200MA상승중:0|현재가>50MA:0|52주저점+25%:0|52주고점-30%:0,,0.0,,
051490,나라엠앤디,KOSDAQ,2475.0,-41.5,0.5,False,False,False,0,D,0.0,0.0,0.0,0.0,트렌드 미통과,현재가>150MA:0|현재가>200MA:0|150MA>200MA:0|200MA상승중:0|현재가>50MA:0|52주저점+25%:0|52주고점-30%:0,,0.0,,
137080,나래나노텍,KOSDAQ,6110.0,23.6,0.5,True,False,False,56,D,0.0,0.0,0.0,0.0,컵 기간 짧음(26일),현재가>150MA:1|현재가>200MA:1|150MA>200MA:1|200MA상승중:1|현재가>50MA:1|52주저점+25%:1|52주고점-30%:1,,0.0,,
190510,나무가,KOSDAQ,15640.0,-16.0,35.2,False,False,False,0,D,0.0,0.0,0.0,0.0,트렌드 미통과,현재가>150MA:0|현재가>200MA:0|150MA>200MA:0|200MA상승중:0|현재가>50MA:1|52주저점+25%:1|52주고점-30%:0,,0.0,,
242040,나무AX,KOSDAQ,3100.0,4.2,8.3,False,False,False,0,D,0.0,0.0,0.0,0.0,트렌드 미통과,현재가>150MA:0|현재가>200MA:0|150MA>200MA:1|200MA상승중:1|현재가>50MA:0|52주저점+25%:1|52주고점-30%:0,,0.0,,
089600,KT나스미디어,KOSDAQ,12340.0,-11.2,3.1,False,False,False,0,D,0.0,0.0,0.0,0.0,트렌드 미통과,현재가>150MA:1|현재가>200MA:1|150MA>200MA:0|200MA상승중:0|현재가>50MA:1|52주저점+25%:1|52주고점-30%:1,,0.0,,
293580,나우IB,KOSDAQ,1279.0,-30.1,6.5,False,False,False,0,D,0.0,0.0,0.0,0.0,트렌드 미통과,현재가>150MA:0|현재가>200MA:0|150MA>200MA:1|200MA상승중:1|현재가>50MA:0|52주저점+25%:0|52주고점-30%:0,,0.0,,
138610,나이벡,KOSDAQ,15330.0,-52.1,9.4,False,False,False,0,D,0.0,0.0,0.0,0.0,트렌드 미통과,현재가>150MA:0|현재가>200MA:0|150MA>200MA:0|200MA상승중:0|현재가>50MA:1|52주저점+25%:1|52주고점-30%:0,,0.0,,
130580,나이스디앤비,KOSDAQ,6830.0,4.6,1.6,False,False,False,0,D,0.0,0.0,0.0,0.0,트렌드 미통과,현재가>150MA:1|현재가>200MA:1|150MA>200MA:0|200MA상승중:1|현재가>50MA:1|52주저점+25%:1|52주고점-30%:1,,0.0,,
036800,나이스정보통신,KOSDAQ,7790.0,-87.4,11.4,False,False,False,0,D,0.0,0.0,0.0,0.0,트렌드 미통과,현재가>150MA:0|현재가>200MA:0|150MA>200MA:0|200MA상승중:0|현재가>50MA:0|52주저점+25%:1|52주고점-30%:0,,0.0,,
267320,나인테크,KOSDAQ,2580.0,-22.9,26.3,False,False,False,0,D,0.0,0.0,0.0,0.0,트렌드 미통과,현재가>150MA:0|현재가>200MA:0|150MA>200MA:0|200MA상승중:0|현재가>50MA:1|52주저점+25%:1|52주고점-30%:0,,0.0,,
111710,남화산업,KOSDAQ,3215.0,-53.2,6.0,False,False,False,0,D,0.0,0.0,0.0,0.0,트렌드 미통과,현재가>150MA:0|현재가>200MA:0|150MA>200MA:0|200MA상승중:0|현재가>50MA:1|52주저점+25%:0|52주고점-30%:0,,0.0,,
091590,남화토건,KOSDAQ,6400.0,9.2,60.3,False,False,False,0,D,0.0,0.0,0.0,0.0,트렌드 미통과,현재가>150MA:1|현재가>200MA:1|150MA>200MA:1|200MA상승중:1|현재가>50MA:1|52주저점+25%:1|52주고점-30%:0,,0.0,,
168330,내츄럴엔도텍,KOSDAQ,2320.0,-20.5,0.2,False,False,False,0,D,0.0,0.0,0.0,0.0,트렌드 미통과,현재가>150MA:1|현재가>200MA:0|150MA>200MA:0|200MA상승중:1|현재가>50MA:1|52주저점+25%:1|52주고점-30%:0,,0.0,,
094860,네오리진,KOSDAQ,1562.0,14.4,1.7,False,False,False,0,D,0.0,0.0,0.0,0.0,트렌드 미통과,현재가>150MA:1|현재가>200MA:1|150MA>200MA:1|200MA상승중:1|현재가>50MA:1|52주저점+25%:1|52주고점-30%:1,,0.0,,
253590,네오셈,KOSDAQ,13410.0,2.7,86.2,False,False,False,0,D,0.0,0.0,0.0,0.0,트렌드 미통과,현재가>150MA:0|현재가>200MA:1|150MA>200MA:1|200MA상승중:1|현재가>50MA:1|52주저점+25%:1|52주고점-30%:0,,0.0,,
212560,네오오토,KOSDAQ,10150.0,15.3,38.1,False,False,False,0,D,0.0,0.0,0.0,0.0,트렌드 미통과,현재가>150MA:1|현재가>200MA:1|150MA>200MA:1|200MA상승중:1|현재가>50MA:0|52주저점+25%:1|52주고점-30%:0,,0.0,,
095660,네오위즈,KOSDAQ,18060.0,-35.8,6.8,False,False,False,0,D,0.0,0.0,0.0,0.0,트렌드 미통과,현재가>150MA:0|현재가>200MA:0|150MA>200MA:0|200MA상승중:0|현재가>50MA:0|52주저점+25%:0|52주고점-30%:0,,0.0,,
042420,네오위즈홀딩스,KOSDAQ,23250.0,-17.3,1.8,False,False,False,0,D,0.0,0.0,0.0,0.0,트렌드 미통과,현재가>150MA:1|현재가>200MA:0|150MA>200MA:0|200MA상승중:0|현재가>50MA:0|52주저점+25%:0|52주고점-30%:1,,0.0,,
950220,네오이뮨텍,KOSDAQ,1895.0,107.4,12.8,False,False,False,0,D,0.0,0.0,0.0,0.0,트렌드 미통과,현재가>150MA:1|현재가>200MA:1|150MA>200MA:1|200MA상승중:1|현재가>50MA:1|52주저점+25%:1|52주고점-30%:0,,0.0,,
311390,네오크레마,KOSDAQ,2545.0,-50.8,0.6,False,False,False,0,D,0.0,0.0,0.0,0.0,트렌드 미통과,현재가>150MA:0|현재가>200MA:0|150MA>200MA:0|200MA상승중:0|현재가>50MA:1|52주저점+25%:0|52주고점-30%:0,,0.0,,
085910,네오티스,KOSDAQ,17320.0,83.1,31.9,False,False,False,0,D,0.0,0.0,0.0,0.0,트렌드 미통과,현재가>150MA:0|현재가>200MA:0|150MA>200MA:1|200MA상승중:1|현재가>50MA:1|52주저점+25%:1|52주고점-30%:0,,0.0,,
092730,네오팜,KOSDAQ,23850.0,14.0,14.4,True,False,False,48,D,0.0,0.0,0.0,0.0,핸들 기간 김(33일),현재가>150MA:1|현재가>200MA:1|150MA>200MA:1|200MA상승중:1|현재가>50MA:1|52주저점+25%:1|52주고점-30%:1,,0.0,,
290660,다이나믹솔루션,KOSDAQ,1295.0,-18.8,11.0,False,False,False,0,D,0.0,0.0,0.0,0.0,트렌드 미통과,현재가>150MA:0|현재가>200MA:1|150MA>200MA:1|200MA상승중:1|현재가>50MA:0|52주저점+25%:1|52주고점-30%:0,,0.0,,
306620,지아이에스,KOSDAQ,2100.0,-33.5,6.6,False,False,False,0,D,0.0,0.0,0.0,0.0,트렌드 미통과,현재가>150MA:0|현재가>200MA:0|150MA>200MA:1|200MA상승중:0|현재가>50MA:1|52주저점+25%:1|52주고점-30%:0,,0.0,,
153460,네이블,KOSDAQ,5340.0,-37.0,0.2,False,False,False,0,D,0.0,0.0,0.0,0.0,트렌드 미통과,현재가>150MA:0|현재가>200MA:0|150MA>200MA:0|200MA상승중:0|현재가>50MA:0|52주저점+25%:0|52주고점-30%:0,,0.0,,
007390,네이처셀,KOSDAQ,24350.0,-7.1,48.0,True,False,False,32,D,0.0,0.0,0.0,0.0,핸들 기간 김(80일),현재가>150MA:1|현재가>200MA:1|150MA>200MA:1|200MA상승중:1|현재가>50MA:1|52주저점+25%:1|52주고점-30%:1,,0.0,,
033640,네패스,KOSDAQ,29400.0,37.4,52.5,False,False,False,0,D,0.0,0.0,0.0,0.0,트렌드 미통과,현재가>150MA:1|현재가>200MA:1|150MA>200MA:1|200MA상승중:1|현재가>50MA:1|52주저점+25%:1|52주고점-30%:1,,0.0,,
330860,네패스아크,KOSDAQ,31550.0,16.7,48.3,False,False,False,0,D,0.0,0.0,0.0,0.0,트렌드 미통과,현재가>150MA:1|현재가>200MA:1|150MA>200MA:1|200MA상승중:1|현재가>50MA:1|52주저점+25%:1|52주고점-30%:0,,0.0,,
089140,넥스턴앤롤코리아,KOSDAQ,2050.0,-25.9,0.7,False,False,False,0,D,0.0,0.0,0.0,0.0,트렌드 미통과,현재가>150MA:0|현재가>200MA:0|150MA>200MA:0|200MA상승중:0|현재가>50MA:0|52주저점+25%:0|52주고점-30%:0,,0.0,,
389650,넥스트바이오메디컬,KOSDAQ,30650.0,-66.3,7.7,False,False,False,0,D,0.0,0.0,0.0,0.0,트렌드 미통과,현재가>150MA:0|현재가>200MA:0|150MA>200MA:0|200MA상승중:0|현재가>50MA:0|52주저점+25%:0|52주고점-30%:0,,0.0,,
137940,넥스트아이,KOSDAQ,1826.0,294.7,0.3,False,False,False,0,D,0.0,0.0,0.0,0.0,트렌드 미통과,현재가>150MA:1|현재가>200MA:1|150MA>200MA:1|200MA상승중:1|현재가>50MA:0|52주저점+25%:1|52주고점-30%:1,,0.0,,
396270,넥스트칩,KOSDAQ,2300.0,-48.8,12.3,False,False,False,0,D,0.0,0.0,0.0,0.0,트렌드 미통과,현재가>150MA:0|현재가>200MA:0|150MA>200MA:0|200MA상승중:0|현재가>50MA:1|52주저점+25%:1|52주고점-30%:0,,0.0,,
348210,넥스틴,KOSDAQ,34400.0,-55.3,28.3,False,False,False,0,D,0.0,0.0,0.0,0.0,트렌드 미통과,현재가>150MA:0|현재가>200MA:0|150MA>200MA:0|200MA상승중:0|현재가>50MA:1|52주저점+25%:1|52주고점-30%:0,,0.0,,
225570,넥슨게임즈,KOSDAQ,10990.0,-13.2,18.8,False,False,False,0,D,0.0,0.0,0.0,0.0,트렌드 미통과,현재가>150MA:1|현재가>200MA:1|150MA>200MA:0|200MA상승중:0|현재가>50MA:1|52주저점+25%:1|52주고점-30%:1,,0.0,,
217270,넵튠,KOSDAQ,2340.0,-48.2,1.2,False,False,False,0,D,0.0,0.0,0.0,0.0,트렌드 미통과,현재가>150MA:0|현재가>200MA:0|150MA>200MA:0|200MA상승중:0|현재가>50MA:0|52주저점+25%:0|52주고점-30%:0,,0.0,,
104620,노랑풍선,KOSDAQ,3085.0,-46.1,9.6,False,False,False,0,D,0.0,0.0,0.0,0.0,트렌드 미통과,현재가>150MA:0|현재가>200MA:0|150MA>200MA:0|200MA상승중:0|현재가>50MA:0|52주저점+25%:0|52주고점-30%:0,,0.0,,
473980,노머스,KOSDAQ,10310.0,-50.3,3.3,False,False,False,0,D,0.0,0.0,0.0,0.0,트렌드 미통과,현재가>150MA:0|현재가>200MA:0|150MA>200MA:0|200MA상승중:0|현재가>50MA:0|52주저점+25%:0|52주고점-30%:0,,0.0,,
194700,노바렉스,KOSDAQ,10150.0,-45.9,6.0,False,False,False,0,D,0.0,0.0,0.0,0.0,트렌드 미통과,현재가>150MA:0|현재가>200MA:0|150MA>200MA:0|200MA상승중:0|현재가>50MA:0|52주저점+25%:0|52주고점-30%:0,,0.0,,
285490,노바텍,KOSDAQ,12090.0,-42.6,2.2,False,False,False,0,D,0.0,0.0,0.0,0.0,트렌드 미통과,현재가>150MA:0|현재가>200MA:0|150MA>200MA:0|200MA상승중:0|현재가>50MA:1|52주저점+25%:0|52주고점-30%:0,,0.0,,
145170,노브랜드,KOSDAQ,3315.0,-27.9,9.2,False,False,False,0,D,0.0,0.0,0.0,0.0,트렌드 미통과,현재가>150MA:0|현재가>200MA:0|150MA>200MA:0|200MA상승중:0|현재가>50MA:1|52주저점+25%:1|52주고점-30%:0,,0.0,,
376930,노을,KOSDAQ,1554.0,18.2,1.7,False,False,False,0,D,0.0,0.0,0.0,0.0,트렌드 미통과,현재가>150MA:1|현재가>200MA:1|150MA>200MA:0|200MA상승중:0|현재가>50MA:1|52주저점+25%:1|52주고점-30%:0,,0.0,,
142280,녹십자엠에스,KOSDAQ,3145.0,-29.2,40.7,False,False,False,0,D,0.0,0.0,0.0,0.0,트렌드 미통과,현재가>150MA:0|현재가>200MA:0|150MA>200MA:0|200MA상승중:0|현재가>50MA:1|52주저점+25%:1|52주고점-30%:0,,0.0,,
234690,녹십자웰빙,KOSDAQ,9270.0,-21.4,89.3,False,False,False,0,D,0.0,0.0,0.0,0.0,트렌드 미통과,현재가>150MA:0|현재가>200MA:0|150MA>200MA:1|200MA상승중:1|현재가>50MA:1|52주저점+25%:1|52주고점-30%:0,,0.0,,
054050,NH농우바이오,KOSDAQ,7050.0,-24.7,1.0,False,False,False,0,D,0.0,0.0,0.0,0.0,트렌드 미통과,현재가>150MA:0|현재가>200MA:0|150MA>200MA:0|200MA상승중:0|현재가>50MA:1|52주저점+25%:0|52주고점-30%:1,,0.0,,
069140,누리플랜,KOSDAQ,1755.0,-31.5,0.5,False,False,False,0,D,0.0,0.0,0.0,0.0,트렌드 미통과,현재가>150MA:0|현재가>200MA:0|150MA>200MA:0|200MA상승중:0|현재가>50MA:0|52주저점+25%:0|52주고점-30%:0,,0.0,,
040160,누리플렉스,KOSDAQ,6250.0,-13.2,1.2,False,False,False,0,D,0.0,0.0,0.0,0.0,트렌드 미통과,현재가>150MA:0|현재가>200MA:0|150MA>200MA:1|200MA상승중:1|현재가>50MA:1|52주저점+25%:1|52주고점-30%:0,,0.0,,
332290,누보,KOSDAQ,4305.0,284.2,0.8,True,False,False,64,C,0.0,0.0,0.0,0.0,현재가 피벗 미달(-5.4%),현재가>150MA:1|현재가>200MA:1|150MA>200MA:1|200MA상승중:1|현재가>50MA:1|52주저점+25%:1|52주고점-30%:1,,0.0,,
348340,뉴로메카,KOSDAQ,20150.0,-61.1,65.4,False,False,False,0,D,0.0,0.0,0.0,0.0,트렌드 미통과,현재가>150MA:0|현재가>200MA:0|150MA>200MA:0|200MA상승중:0|현재가>50MA:0|52주저점+25%:1|52주고점-30%:0,,0.0,,
060260,뉴보텍,KOSDAQ,830.0,-57.3,0.5,False,False,False,0,D,0.0,0.0,0.0,0.0,트렌드 미통과,현재가>150MA:0|현재가>200MA:0|150MA>200MA:1|200MA상승중:0|현재가>50MA:0|52주저점+25%:0|52주고점-30%:0,,0.0,,
123840,뉴온,KOSDAQ,1677.0,36.6,0.5,False,False,False,0,D,0.0,0.0,0.0,0.0,트렌드 미통과,현재가>150MA:0|현재가>200MA:1|150MA>200MA:1|200MA상승중:1|현재가>50MA:0|52주저점+25%:1|52주고점-30%:0,,0.0,,
012340,뉴인텍,KOSDAQ,415.0,-45.4,1.9,False,False,False,0,D,0.0,0.0,0.0,0.0,트렌드 미통과,현재가>150MA:0|현재가>200MA:0|150MA>200MA:1|200MA상승중:1|현재가>50MA:0|52주저점+25%:1|52주고점-30%:0,,0.0,,
270870,뉴트리,KOSDAQ,3575.0,-39.7,0.3,False,False,False,0,D,0.0,0.0,0.0,0.0,트렌드 미통과,현재가>150MA:0|현재가>200MA:0|150MA>200MA:0|200MA상승중:0|현재가>50MA:0|52주저점+25%:0|52주고점-30%:0,,0.0,,
144960,뉴파워프라즈마,KOSDAQ,13030.0,103.5,98.3,True,False,False,64,C,0.0,0.0,0.0,0.0,컵 깊이 얕음(3.9%),현재가>150MA:1|현재가>200MA:1|150MA>200MA:1|200MA상승중:1|현재가>50MA:1|52주저점+25%:1|52주고점-30%:1,,0.0,,
085670,뉴프렉스,KOSDAQ,3400.0,-40.4,7.4,False,False,False,0,D,0.0,0.0,0.0,0.0,트렌드 미통과,현재가>150MA:0|현재가>200MA:0|150MA>200MA:0|200MA상승중:0|현재가>50MA:1|52주저점+25%:1|52주고점-30%:0,,0.0,,
064260,다날,KOSDAQ,4335.0,-42.8,65.2,False,False,False,0,D,0.0,0.0,0.0,0.0,트렌드 미통과,현재가>150MA:0|현재가>200MA:0|150MA>200MA:0|200MA상승중:0|현재가>50MA:0|52주저점+25%:0|52주고점-30%:0,,0.0,,
340360,다보링크,KOSDAQ,923.0,-51.2,1.9,False,False,False,0,D,0.0,0.0,0.0,0.0,트렌드 미통과,현재가>150MA:0|현재가>200MA:0|150MA>200MA:0|200MA상승중:0|현재가>50MA:1|52주저점+25%:1|52주고점-30%:0,,0.0,,
039560,다산네트웍스,KOSDAQ,2475.0,-38.8,4.4,False,False,False,0,D,0.0,0.0,0.0,0.0,트렌드 미통과,현재가>150MA:0|현재가>200MA:0|150MA>200MA:1|200MA상승중:0|현재가>50MA:1|52주저점+25%:0|52주고점-30%:0,,0.0,,
154040,다산솔루에타,KOSDAQ,8700.0,815.4,0.2,False,False,False,0,D,0.0,0.0,0.0,0.0,트렌드 미통과,현재가>150MA:1|현재가>200MA:1|150MA>200MA:0|200MA상승중:1|현재가>50MA:1|52주저점+25%:1|52주고점-30%:1,,0.0,,
032190,다우데이타,KOSDAQ,19210.0,-19.3,9.7,False,False,False,0,D,0.0,0.0,0.0,0.0,트렌드 미통과,현재가>150MA:0|현재가>200MA:0|150MA>200MA:1|200MA상승중:1|현재가>50MA:0|52주저점+25%:0|52주고점-30%:0,,0.0,,
323350,다원넥스뷰,KOSDAQ,9710.0,4.3,4.5,False,False,False,0,D,0.0,0.0,0.0,0.0,트렌드 미통과,현재가>150MA:0|현재가>200MA:0|150MA>200MA:1|200MA상승중:1|현재가>50MA:1|52주저점+25%:1|52주고점-30%:0,,0.0,,
068240,다원시스,KOSDAQ,2530.0,-29.8,0.0,False,False,False,0,D,0.0,0.0,0.0,0.0,트렌드 미통과,현재가>150MA:0|현재가>200MA:0|150MA>200MA:0|200MA상승중:0|현재가>50MA:0|52주저점+25%:0|52주고점-30%:0,,0.0,,
464580,닷밀,KOSDAQ,1544.0,-37.3,0.3,False,False,False,0,D,0.0,0.0,0.0,0.0,트렌드 미통과,현재가>150MA:0|현재가>200MA:0|150MA>200MA:0|200MA상승중:0|현재가>50MA:0|52주저점+25%:0|52주고점-30%:0,,0.0,,
020400,대동금속,KOSDAQ,2540.0,-62.4,0.4,False,False,False,0,D,0.0,0.0,0.0,0.0,트렌드 미통과,현재가>150MA:0|현재가>200MA:0|150MA>200MA:0|200MA상승중:0|현재가>50MA:0|52주저점+25%:0|52주고점-30%:0,,0.0,,
008830,대동기어,KOSDAQ,6260.0,-72.7,19.3,False,False,False,0,D,0.0,0.0,0.0,0.0,트렌드 미통과,현재가>150MA:0|현재가>200MA:0|150MA>200MA:0|200MA상승중:0|현재가>50MA:0|52주저점+25%:0|52주고점-30%:0,,0.0,,
048470,대동스틸,KOSDAQ,2745.0,-23.2,0.7,False,False,False,0,D,0.0,0.0,0.0,0.0,트렌드 미통과,현재가>150MA:0|현재가>200MA:0|150MA>200MA:0|200MA상승중:0|현재가>50MA:1|52주저점+25%:0|52주고점-30%:0,,0.0,,
004780,대륙제관,KOSDAQ,4175.0,-7.1,1.0,False,False,False,0,D,0.0,0.0,0.0,0.0,트렌드 미통과,현재가>150MA:1|현재가>200MA:1|150MA>200MA:1|200MA상승중:1|현재가>50MA:1|52주저점+25%:0|52주고점-30%:1,,0.0,,
017650,대림제지,KOSDAQ,10800.0,13.6,1.0,True,False,False,48,D,0.0,0.0,0.0,0.0,핸들 기간 김(24일),현재가>150MA:1|현재가>200MA:1|150MA>200MA:1|200MA상승중:1|현재가>50MA:1|52주저점+25%:1|52주고점-30%:1,,0.0,,
007720,소노스퀘어,KOSDAQ,1123.0,138.9,0.2,False,False,False,0,D,0.0,0.0,0.0,0.0,트렌드 미통과,현재가>150MA:1|현재가>200MA:1|150MA>200MA:1|200MA상승중:1|현재가>50MA:0|52주저점+25%:1|52주고점-30%:1,,0.0,,
389260,대명에너지,KOSDAQ,12840.0,-51.2,10.6,False,False,False,0,D,0.0,0.0,0.0,0.0,트렌드 미통과,현재가>150MA:0|현재가>200MA:0|150MA>200MA:0|200MA상승중:0|현재가>50MA:0|52주저점+25%:0|52주고점-30%:0,,0.0,,
317850,대모,KOSDAQ,6190.0,-29.9,18.9,False,False,False,0,D,0.0,0.0,0.0,0.0,트렌드 미통과,현재가>150MA:0|현재가>200MA:0|150MA>200MA:0|200MA상승중:0|현재가>50MA:1|52주저점+25%:1|52주고점-30%:0,,0.0,,
290670,대보마그네틱,KOSDAQ,5240.0,-56.2,1.1,False,False,False,0,D,0.0,0.0,0.0,0.0,트렌드 미통과,현재가>150MA:0|현재가>200MA:0|150MA>200MA:0|200MA상승중:0|현재가>50MA:0|52주저점+25%:1|52주고점-30%:0,,0.0,,
078140,대봉엘에스,KOSDAQ,7750.0,-37.8,2.1,False,False,False,0,D,0.0,0.0,0.0,0.0,트렌드 미통과,현재가>150MA:0|현재가>200MA:0|150MA>200MA:0|200MA상승중:0|현재가>50MA:0|52주저점+25%:0|52주고점-30%:0,,0.0,,
065150,대산F&B,KOSDAQ,1181.0,404.0,0.3,False,False,False,0,D,0.0,0.0,0.0,0.0,트렌드 미통과,현재가>150MA:1|현재가>200MA:1|150MA>200MA:1|200MA상승중:1|현재가>50MA:0|52주저점+25%:1|52주고점-30%:0,,0.0,,
036480,대성미생물,KOSDAQ,5970.0,-31.6,0.2,False,False,False,0,D,0.0,0.0,0.0,0.0,트렌드 미통과,현재가>150MA:0|현재가>200MA:0|150MA>200MA:0|200MA상승중:0|현재가>50MA:0|52주저점+25%:0|52주고점-30%:0,,0.0,,
027830,대성창투,KOSDAQ,746.0,-59.0,0.7,False,False,False,0,D,0.0,0.0,0.0,0.0,트렌드 미통과,현재가>150MA:0|현재가>200MA:0|150MA>200MA:0|200MA상승중:0|현재가>50MA:0|52주저점+25%:0|52주고점-30%:0,,0.0,,
104040,디에스엠,KOSDAQ,2650.0,152.7,0.8,True,False,False,64,C,0.0,0.0,0.0,0.0,컵 기간 짧음(4일),현재가>150MA:1|현재가>200MA:1|150MA>200MA:1|200MA상승중:1|현재가>50MA:1|52주저점+25%:1|52주고점-30%:1,,0.0,,
129920,대성하이텍,KOSDAQ,6650.0,10.8,8.8,False,False,False,0,D,0.0,0.0,0.0,0.0,트렌드 미통과,현재가>150MA:0|현재가>200MA:0|150MA>200MA:1|200MA상승중:1|현재가>50MA:1|52주저점+25%:1|52주고점-30%:0,,0.0,,
482690,대신밸런스제19호스팩,KOSDAQ,2070.0,-18.7,0.4,False,False,False,0,D,0.0,0.0,0.0,0.0,트렌드 미통과,현재가>150MA:0|현재가>200MA:0|150MA>200MA:0|200MA상승중:0|현재가>50MA:0|52주저점+25%:0|52주고점-30%:1,,0.0,,
020180,대신정보통신,KOSDAQ,3920.0,270.4,0.8,True,False,False,64,C,0.0,0.0,0.0,0.0,핸들 기간 김(28일),현재가>150MA:1|현재가>200MA:1|150MA>200MA:1|200MA상승중:1|현재가>50MA:1|52주저점+25%:1|52주고점-30%:1,,0.0,,
045390,대아티아이,KOSDAQ,2900.0,-33.9,60.7,False,False,False,0,D,0.0,0.0,0.0,0.0,트렌드 미통과,현재가>150MA:0|현재가>200MA:0|150MA>200MA:0|200MA상승중:0|현재가>50MA:0|52주저점+25%:1|52주고점-30%:0,,0.0,,
108380,대양전기공업,KOSDAQ,18180.0,-37.0,6.4,False,False,False,0,D,0.0,0.0,0.0,0.0,트렌드 미통과,현재가>150MA:0|현재가>200MA:0|150MA>200MA:0|200MA상승중:0|현재가>50MA:1|52주저점+25%:0|52주고점-30%:0,,0.0,,
007680,대원,KOSDAQ,3125.0,-40.8,0.2,False,False,False,0,D,0.0,0.0,0.0,0.0,트렌드 미통과,현재가>150MA:0|현재가>200MA:0|150MA>200MA:0|200MA상승중:0|현재가>50MA:0|52주저점+25%:0|52주고점-30%:0,,0.0,,
048910,대원미디어,KOSDAQ,7220.0,-3.1,3.5,False,False,False,0,D,0.0,0.0,0.0,0.0,트렌드 미통과,현재가>150MA:1|현재가>200MA:1|150MA>200MA:0|200MA상승중:0|현재가>50MA:1|52주저점+25%:1|52주고점-30%:1,,0.0,,
005710,대원산업,KOSDAQ,10670.0,-27.9,1.1,False,False,False,0,D,0.0,0.0,0.0,0.0,트렌드 미통과,현재가>150MA:0|현재가>200MA:0|150MA>200MA:0|200MA상승중:0|현재가>50MA:0|52주저점+25%:0|52주고점-30%:0,,0.0,,
120240,대정화금,KOSDAQ,14890.0,-6.6,1.0,False,False,False,0,D,0.0,0.0,0.0,0.0,트렌드 미통과,현재가>150MA:1|현재가>200MA:1|150MA>200MA:1|200MA상승중:1|현재가>50MA:1|52주저점+25%:0|52주고점-30%:1,,0.0,,
003310,대주산업,KOSDAQ,1648.0,-35.4,4.2,False,False,False,0,D,0.0,0.0,0.0,0.0,트렌드 미통과,현재가>150MA:0|현재가>200MA:0|150MA>200MA:0|200MA상승중:1|현재가>50MA:0|52주저점+25%:0|52주고점-30%:0,,0.0,,
078600,대주전자재료,KOSDAQ,89800.0,-14.5,104.1,False,False,False,0,D,0.0,0.0,0.0,0.0,트렌드 미통과,현재가>150MA:0|현재가>200MA:0|150MA>200MA:1|200MA상승중:1|현재가>50MA:1|52주저점+25%:1|52주고점-30%:0,,0.0,,
096350,대창솔루션,KOSDAQ,1843.0,27.2,3.9,False,False,False,0,D,0.0,0.0,0.0,0.0,트렌드 미통과,현재가>150MA:0|현재가>200MA:0|150MA>200MA:1|200MA상승중:0|현재가>50MA:1|52주저점+25%:1|52주고점-30%:0,,0.0,,
140520,대창스틸,KOSDAQ,2015.0,-18.6,0.3,False,False,False,0,D,0.0,0.0,0.0,0.0,트렌드 미통과,현재가>150MA:0|현재가>200MA:0|150MA>200MA:0|200MA상승중:0|현재가>50MA:1|52주저점+25%:0|52주고점-30%:1,,0.0,,
131220,대한과학,KOSDAQ,3530.0,-33.6,0.2,False,False,False,0,D,0.0,0.0,0.0,0.0,트렌드 미통과,현재가>150MA:0|현재가>200MA:0|150MA>200MA:0|200MA상승중:0|현재가>50MA:0|52주저점+25%:0|52주고점-30%:1,,0.0,,
010170,대한광통신,KOSDAQ,16600.0,314.2,2264.5,False,False,False,0,D,0.0,0.0,0.0,0.0,트렌드 미통과,현재가>150MA:1|현재가>200MA:1|150MA>200MA:1|200MA상승중:1|현재가>50MA:1|52주저점+25%:1|52주고점-30%:0,,0.0,,
054670,대한뉴팜,KOSDAQ,5410.0,-32.1,0.6,False,False,False,0,D,0.0,0.0,0.0,0.0,트렌드 미통과,현재가>150MA:0|현재가>200MA:0|150MA>200MA:0|200MA상승중:0|현재가>50MA:0|52주저점+25%:0|52주고점-30%:1,,0.0,,
023910,대한약품,KOSDAQ,26300.0,-23.7,1.0,False,False,False,0,D,0.0,0.0,0.0,0.0,트렌드 미통과,현재가>150MA:0|현재가>200MA:0|150MA>200MA:0|200MA상승중:0|현재가>50MA:0|52주저점+25%:0|52주고점-30%:1,,0.0,,
021040,대호특수강,KOSDAQ,906.0,-37.6,0.2,False,False,False,0,D,0.0,0.0,0.0,0.0,트렌드 미통과,현재가>150MA:0|현재가>200MA:0|150MA>200MA:0|200MA상승중:0|현재가>50MA:0|52주저점+25%:0|52주고점-30%:0,,0.0,,
021045,대호특수강우,KOSDAQ,2035.0,-34.1,0.0,False,False,False,0,D,0.0,0.0,0.0,0.0,트렌드 미통과,현재가>150MA:0|현재가>200MA:0|150MA>200MA:0|200MA상승중:0|현재가>50MA:0|52주저점+25%:0|52주고점-30%:0,,0.0,,
067080,대화제약,KOSDAQ,11560.0,-24.9,8.7,False,False,False,0,D,0.0,0.0,0.0,0.0,트렌드 미통과,현재가>150MA:0|현재가>200MA:0|150MA>200MA:0|200MA상승중:0|현재가>50MA:1|52주저점+25%:1|52주고점-30%:0,,0.0,,
298540,더네이쳐홀딩스,KOSDAQ,6760.0,-26.0,0.6,False,False,False,0,D,0.0,0.0,0.0,0.0,트렌드 미통과,현재가>150MA:0|현재가>200MA:0|150MA>200MA:0|200MA상승중:0|현재가>50MA:1|52주저점+25%:0|52주고점-30%:0,,0.0,,
032860,더라미,KOSDAQ,2690.0,199.7,0.6,False,False,False,0,D,0.0,0.0,0.0,0.0,트렌드 미통과,현재가>150MA:1|현재가>200MA:1|150MA>200MA:0|200MA상승중:1|현재가>50MA:1|52주저점+25%:1|52주고점-30%:1,,0.0,,
393890,더블유씨피,KOSDAQ,10030.0,-7.7,31.1,False,False,False,0,D,0.0,0.0,0.0,0.0,트렌드 미통과,현재가>150MA:0|현재가>200MA:0|150MA>200MA:1|200MA상승중:1|현재가>50MA:1|52주저점+25%:1|52주고점-30%:0,,0.0,,
299170,더블유에스아이,KOSDAQ,1440.0,-38.1,27.4,False,False,False,0,D,0.0,0.0,0.0,0.0,트렌드 미통과,현재가>150MA:0|현재가>200MA:0|150MA>200MA:0|200MA상승중:0|현재가>50MA:1|52주저점+25%:1|52주고점-30%:0,,0.0,,
224060,더코디,KOSDAQ,4805.0,16.6,49.6,False,False,False,0,D,0.0,0.0,0.0,0.0,트렌드 미통과,현재가>150MA:1|현재가>200MA:1|150MA>200MA:1|200MA상승중:1|현재가>50MA:1|52주저점+25%:1|52주고점-30%:0,,0.0,,
213420,덕산네오룩스,KOSDAQ,29400.0,-42.4,63.5,False,False,False,0,D,0.0,0.0,0.0,0.0,트렌드 미통과,현재가>150MA:0|현재가>200MA:0|150MA>200MA:1|200MA상승중:0|현재가>50MA:0|52주저점+25%:0|52주고점-30%:0,,0.0,,
317330,덕산테코피아,KOSDAQ,12190.0,-36.3,24.1,False,False,False,0,D,0.0,0.0,0.0,0.0,트렌드 미통과,현재가>150MA:0|현재가>200MA:0|150MA>200MA:0|200MA상승중:0|현재가>50MA:1|52주저점+25%:1|52주고점-30%:0,,0.0,,
077360,덕산하이메탈,KOSDAQ,14090.0,65.8,95.5,False,False,False,0,D,0.0,0.0,0.0,0.0,트렌드 미통과,현재가>150MA:1|현재가>200MA:1|150MA>200MA:1|200MA상승중:1|현재가>50MA:1|52주저점+25%:1|52주고점-30%:1,,0.0,,
090410,덕신이피씨,KOSDAQ,3460.0,235.5,1.2,True,False,False,64,C,0.0,0.0,0.0,0.0,컵 깊이 깊음(60.5%),현재가>150MA:1|현재가>200MA:1|150MA>200MA:1|200MA상승중:1|현재가>50MA:1|52주저점+25%:1|52주고점-30%:1,,0.0,,
263600,덕우전자,KOSDAQ,3370.0,-36.0,0.6,False,False,False,0,D,0.0,0.0,0.0,0.0,트렌드 미통과,현재가>150MA:0|현재가>200MA:0|150MA>200MA:0|200MA상승중:0|현재가>50MA:0|52주저점+25%:0|52주고점-30%:0,,0.0,,
194480,데브시스터즈,KOSDAQ,14290.0,-60.3,11.5,False,False,False,0,D,0.0,0.0,0.0,0.0,트렌드 미통과,현재가>150MA:0|현재가>200MA:0|150MA>200MA:0|200MA상승중:0|현재가>50MA:0|52주저점+25%:0|52주고점-30%:0,,0.0,,
373160,데이원컴퍼니,KOSDAQ,3335.0,-37.6,0.2,False,False,False,0,D,0.0,0.0,0.0,0.0,트렌드 미통과,현재가>150MA:0|현재가>200MA:0|150MA>200MA:0|200MA상승중:0|현재가>50MA:1|52주저점+25%:0|52주고점-30%:0,,0.0,,
263800,데이타솔루션,KOSDAQ,4525.0,-24.2,9.0,False,False,False,0,D,0.0,0.0,0.0,0.0,트렌드 미통과,현재가>150MA:0|현재가>200MA:0|150MA>200MA:0|200MA상승중:0|현재가>50MA:0|52주저점+25%:0|52주고점-30%:0,,0.0,,
206560,덱스터,KOSDAQ,949.0,-72.9,0.8,False,False,False,0,D,0.0,0.0,0.0,0.0,트렌드 미통과,현재가>150MA:0|현재가>200MA:0|150MA>200MA:0|200MA상승중:0|현재가>50MA:0|52주저점+25%:0|52주고점-30%:0,,0.0,,
261200,덴티스,KOSDAQ,2595.0,-42.1,0.4,False,False,False,0,D,0.0,0.0,0.0,0.0,트렌드 미통과,현재가>150MA:0|현재가>200MA:0|150MA>200MA:0|200MA상승중:0|현재가>50MA:1|52주저점+25%:0|52주고점-30%:0,,0.0,,
067990,도이치모터스,KOSDAQ,3840.0,-31.7,1.9,False,False,False,0,D,0.0,0.0,0.0,0.0,트렌드 미통과,현재가>150MA:0|현재가>200MA:0|150MA>200MA:0|200MA상승중:0|현재가>50MA:1|52주저점+25%:0|52주고점-30%:0,,0.0,,
006620,동구바이오제약,KOSDAQ,3455.0,-43.1,2.0,False,False,False,0,D,0.0,0.0,0.0,0.0,트렌드 미통과,현재가>150MA:0|현재가>200MA:0|150MA>200MA:0|200MA상승중:0|현재가>50MA:0|52주저점+25%:0|52주고점-30%:0,,0.0,,
100130,동국S&C,KOSDAQ,1502.0,-39.0,18.0,False,False,False,0,D,0.0,0.0,0.0,0.0,트렌드 미통과,현재가>150MA:0|현재가>200MA:0|150MA>200MA:0|200MA상승중:0|현재가>50MA:1|52주저점+25%:0|52주고점-30%:0,,0.0,,
005160,동국산업,KOSDAQ,3260.0,2.4,85.9,False,False,False,0,D,0.0,0.0,0.0,0.0,트렌드 미통과,현재가>150MA:1|현재가>200MA:1|150MA>200MA:1|200MA상승중:1|현재가>50MA:1|52주저점+25%:1|52주고점-30%:1,,0.0,,
303810,동국생명과학,KOSDAQ,3000.0,-22.1,103.4,False,False,False,0,D,0.0,0.0,0.0,0.0,트렌드 미통과,현재가>150MA:1|현재가>200MA:0|150MA>200MA:0|200MA상승중:0|현재가>50MA:1|52주저점+25%:1|52주고점-30%:0,,0.0,,
075970,동국알앤에스,KOSDAQ,1630.0,-36.2,0.3,False,False,False,0,D,0.0,0.0,0.0,0.0,트렌드 미통과,현재가>150MA:0|현재가>200MA:0|150MA>200MA:0|200MA상승중:0|현재가>50MA:1|52주저점+25%:0|52주고점-30%:0,,0.0,,
086450,동국제약,KOSDAQ,21400.0,-5.9,117.0,False,False,False,0,D,0.0,0.0,0.0,0.0,트렌드 미통과,현재가>150MA:1|현재가>200MA:1|150MA>200MA:1|200MA상승중:1|현재가>50MA:1|52주저점+25%:1|52주고점-30%:1,,0.0,,
240550,동방메디컬,KOSDAQ,6080.0,-27.6,32.8,False,False,False,0,D,0.0,0.0,0.0,0.0,트렌드 미통과,현재가>150MA:0|현재가>200MA:0|150MA>200MA:0|200MA상승중:0|현재가>50MA:1|52주저점+25%:1|52주고점-30%:0,,0.0,,
099410,동방선기,KOSDAQ,3065.0,-44.1,1.1,False,False,False,0,D,0.0,0.0,0.0,0.0,트렌드 미통과,현재가>150MA:0|현재가>200MA:0|150MA>200MA:0|200MA상승중:0|현재가>50MA:0|52주저점+25%:0|52주고점-30%:0,,0.0,,
033500,동성화인텍,KOSDAQ,15650.0,-48.6,13.7,False,False,False,0,D,0.0,0.0,0.0,0.0,트렌드 미통과,현재가>150MA:0|현재가>200MA:0|150MA>200MA:0|200MA상승중:0|현재가>50MA:0|52주저점+25%:0|52주고점-30%:0,,0.0,,
025950,동신건설,KOSDAQ,9740.0,-47.0,1.6,False,False,False,0,D,0.0,0.0,0.0,0.0,트렌드 미통과,현재가>150MA:0|현재가>200MA:0|150MA>200MA:0|200MA상승중:0|현재가>50MA:0|52주저점+25%:0|52주고점-30%:0,,0.0,,
088130,동아엘텍,KOSDAQ,5610.0,-4.2,3.3,False,False,False,0,D,0.0,0.0,0.0,0.0,트렌드 미통과,현재가>150MA:0|현재가>200MA:0|150MA>200MA:1|200MA상승중:1|현재가>50MA:1|52주저점+25%:1|52주고점-30%:0,,0.0,,
041930,SY동아,KOSDAQ,4990.0,-28.4,28.5,False,False,False,0,D,0.0,0.0,0.0,0.0,트렌드 미통과,현재가>150MA:0|현재가>200MA:0|150MA>200MA:0|200MA상승중:0|현재가>50MA:1|52주저점+25%:0|52주고점-30%:0,,0.0,,
060380,동양에스텍,KOSDAQ,1280.0,-28.1,0.2,False,False,False,0,D,0.0,0.0,0.0,0.0,트렌드 미통과,현재가>150MA:0|현재가>200MA:0|150MA>200MA:0|200MA상승중:0|현재가>50MA:1|52주저점+25%:0|52주고점-30%:0,,0.0,,
079960,동양이엔피,KOSDAQ,16740.0,-44.5,4.4,False,False,False,0,D,0.0,0.0,0.0,0.0,트렌드 미통과,현재가>150MA:0|현재가>200MA:0|150MA>200MA:0|200MA상승중:0|현재가>50MA:0|52주저점+25%:0|52주고점-30%:0,,0.0,,
228340,동양파일,KOSDAQ,3600.0,30.6,116.9,False,False,False,0,D,0.0,0.0,0.0,0.0,트렌드 미통과,현재가>150MA:1|현재가>200MA:1|150MA>200MA:1|200MA상승중:1|현재가>50MA:1|52주저점+25%:1|52주고점-30%:0,,0.0,,
088910,동우팜투테이블,KOSDAQ,1987.0,-27.5,0.7,False,False,False,0,D,0.0,0.0,0.0,0.0,트렌드 미통과,현재가>150MA:0|현재가>200MA:0|150MA>200MA:1|200MA상승중:1|현재가>50MA:0|52주저점+25%:0|52주고점-30%:1,,0.0,,
094170,동운아나텍,KOSDAQ,26850.0,-18.2,27.8,False,False,False,0,D,0.0,0.0,0.0,0.0,트렌드 미통과,현재가>150MA:0|현재가>200MA:0|150MA>200MA:1|200MA상승중:1|현재가>50MA:0|52주저점+25%:1|52주고점-30%:0,,0.0,,
013120,동원개발,KOSDAQ,2050.0,-39.4,1.2,False,False,False,0,D,0.0,0.0,0.0,0.0,트렌드 미통과,현재가>150MA:0|현재가>200MA:0|150MA>200MA:0|200MA상승중:0|현재가>50MA:0|52주저점+25%:0|52주고점-30%:0,,0.0,,
109860,동일금속,KOSDAQ,7300.0,-21.6,0.1,False,False,False,0,D,0.0,0.0,0.0,0.0,트렌드 미통과,현재가>150MA:0|현재가>200MA:0|150MA>200MA:0|200MA상승중:0|현재가>50MA:0|52주저점+25%:0|52주고점-30%:1,,0.0,,
032960,동일기연,KOSDAQ,2780.0,-95.9,0.6,False,False,False,0,D,0.0,0.0,0.0,0.0,트렌드 미통과,현재가>150MA:0|현재가>200MA:0|150MA>200MA:0|200MA상승중:0|현재가>50MA:1|52주저점+25%:1|52주고점-30%:0,,0.0,,
023790,동일스틸럭스,KOSDAQ,1357.0,-18.7,21.0,False,False,False,0,D,0.0,0.0,0.0,0.0,트렌드 미통과,현재가>150MA:1|현재가>200MA:1|150MA>200MA:0|200MA상승중:0|현재가>50MA:0|52주저점+25%:1|52주고점-30%:0,,0.0,,
005290,동진쎄미켐,KOSDAQ,46600.0,-13.8,130.1,False,False,False,0,D,0.0,0.0,0.0,0.0,트렌드 미통과,현재가>150MA:0|현재가>200MA:0|150MA>200MA:1|200MA상승중:1|현재가>50MA:1|52주저점+25%:1|52주고점-30%:1,,0.0,,
025900,동화기업,KOSDAQ,6810.0,-35.5,5.3,False,False,False,0,D,0.0,0.0,0.0,0.0,트렌드 미통과,현재가>150MA:0|현재가>200MA:0|150MA>200MA:0|200MA상승중:0|현재가>50MA:1|52주저점+25%:1|52주고점-30%:0,,0.0,,
131970,두산테스나,KOSDAQ,96300.0,28.4,291.0,False,False,False,0,D,0.0,0.0,0.0,0.0,트렌드 미통과,현재가>150MA:0|현재가>200MA:1|150MA>200MA:1|200MA상승중:1|현재가>50MA:1|52주저점+25%:1|52주고점-30%:0,,0.0,,
073190,듀오백,KOSDAQ,1622.0,27.8,0.0,False,False,False,0,D,0.0,0.0,0.0,0.0,트렌드 미통과,현재가>150MA:1|현재가>200MA:1|150MA>200MA:0|200MA상승중:1|현재가>50MA:1|52주저점+25%:1|52주고점-30%:1,,0.0,,
176750,듀켐바이오,KOSDAQ,7240.0,-24.2,4.4,False,False,False,0,D,0.0,0.0,0.0,0.0,트렌드 미통과,현재가>150MA:0|현재가>200MA:0|150MA>200MA:0|200MA상승중:0|현재가>50MA:1|52주저점+25%:1|52주고점-30%:0,,0.0,,
030350,드래곤플라이,KOSDAQ,973.0,-17.3,0.0,False,False,False,0,D,0.0,0.0,0.0,0.0,트렌드 미통과,현재가>150MA:0|현재가>200MA:0|150MA>200MA:0|200MA상승중:0|현재가>50MA:0|52주저점+25%:0|52주고점-30%:1,,0.0,,
203650,드림시큐리티,KOSDAQ,2705.0,13.9,235.8,False,False,False,0,D,0.0,0.0,0.0,0.0,트렌드 미통과,현재가>150MA:1|현재가>200MA:1|150MA>200MA:1|200MA상승중:0|현재가>50MA:1|52주저점+25%:1|52주고점-30%:0,,0.0,,
223250,드림씨아이에스,KOSDAQ,3415.0,-35.6,18.8,False,False,False,0,D,0.0,0.0,0.0,0.0,트렌드 미통과,현재가>150MA:0|현재가>200MA:0|150MA>200MA:0|200MA상승중:0|현재가>50MA:1|52주저점+25%:1|52주고점-30%:0,,0.0,,
060570,드림어스컴퍼니,KOSDAQ,5040.0,305.7,1.5,True,False,False,64,C,0.0,0.0,0.0,0.0,컵 깊이 깊음(56.7%),현재가>150MA:1|현재가>200MA:1|150MA>200MA:1|200MA상승중:1|현재가>50MA:1|52주저점+25%:1|52주고점-30%:1,,0.0,,
362990,드림인사이트,KOSDAQ,1196.0,-30.6,0.3,False,False,False,0,D,0.0,0.0,0.0,0.0,트렌드 미통과,현재가>150MA:0|현재가>200MA:0|150MA>200MA:0|200MA상승중:0|현재가>50MA:0|52주저점+25%:1|52주고점-30%:0,,0.0,,
016670,디모아,KOSDAQ,2530.0,-44.9,0.2,False,False,False,0,D,0.0,0.0,0.0,0.0,트렌드 미통과,현재가>150MA:0|현재가>200MA:0|150MA>200MA:0|200MA상승중:0|현재가>50MA:1|52주저점+25%:1|52주고점-30%:0,,0.0,,
187870,디바이스,KOSDAQ,11760.0,-38.4,8.2,False,False,False,0,D,0.0,0.0,0.0,0.0,트렌드 미통과,현재가>150MA:0|현재가>200MA:0|150MA>200MA:1|200MA상승중:0|현재가>50MA:1|52주저점+25%:1|52주고점-30%:0,,0.0,,
489730,디비금융제13호스팩,KOSDAQ,2035.0,-17.2,0.4,False,False,False,0,D,0.0,0.0,0.0,0.0,트렌드 미통과,현재가>150MA:0|현재가>200MA:0|150MA>200MA:1|200MA상승중:1|현재가>50MA:1|52주저점+25%:0|52주고점-30%:1,,0.0,,
110990,디아이티,KOSDAQ,17410.0,-14.0,10.5,False,False,False,0,D,0.0,0.0,0.0,0.0,트렌드 미통과,현재가>150MA:0|현재가>200MA:0|150MA>200MA:1|200MA상승중:1|현재가>50MA:1|52주저점+25%:1|52주고점-30%:0,,0.0,,
263690,디알젬,KOSDAQ,5100.0,-22.3,0.5,False,False,False,0,D,0.0,0.0,0.0,0.0,트렌드 미통과,현재가>150MA:0|현재가>200MA:0|150MA>200MA:0|200MA상승중:0|현재가>50MA:1|52주저점+25%:0|52주고점-30%:1,,0.0,,
214680,디알텍,KOSDAQ,3700.0,149.2,11.5,False,False,False,0,D,0.0,0.0,0.0,0.0,트렌드 미통과,현재가>150MA:1|현재가>200MA:1|150MA>200MA:0|200MA상승중:1|현재가>50MA:1|52주저점+25%:1|52주고점-30%:1,,0.0,,
347850,디앤디파마텍,KOSDAQ,41950.0,-74.1,244.1,False,False,False,0,D,0.0,0.0,0.0,0.0,트렌드 미통과,현재가>150MA:0|현재가>200MA:0|150MA>200MA:0|200MA상승중:0|현재가>50MA:0|52주저점+25%:0|52주고점-30%:0,,0.0,,
263720,디앤씨미디어,KOSDAQ,6880.0,-47.9,0.5,False,False,False,0,D,0.0,0.0,0.0,0.0,트렌드 미통과,현재가>150MA:0|현재가>200MA:0|150MA>200MA:0|200MA상승중:0|현재가>50MA:0|52주저점+25%:0|52주고점-30%:0,,0.0,,
376300,디어유,KOSDAQ,18190.0,-55.4,12.0,False,False,False,0,D,0.0,0.0,0.0,0.0,트렌드 미통과,현재가>150MA:0|현재가>200MA:0|150MA>200MA:0|200MA상승중:0|현재가>50MA:0|52주저점+25%:0|52주고점-30%:0,,0.0,,
109740,디에스케이,KOSDAQ,4065.0,-55.3,0.7,False,False,False,0,D,0.0,0.0,0.0,0.0,트렌드 미통과,현재가>150MA:0|현재가>200MA:0|150MA>200MA:0|200MA상승중:0|현재가>50MA:0|52주저점+25%:0|52주고점-30%:0,,0.0,,
031860,디에이치엑스컴퍼니,KOSDAQ,6930.0,883.6,0.0,True,False,False,64,C,0.0,0.0,0.0,0.0,컵 깊이 깊음(51.7%),현재가>150MA:1|현재가>200MA:1|150MA>200MA:1|200MA상승중:1|현재가>50MA:1|52주저점+25%:1|52주고점-30%:1,,0.0,,
196490,디에이테크놀로지,KOSDAQ,100.0,-87.1,0.8,False,False,False,0,D,0.0,0.0,0.0,0.0,트렌드 미통과,현재가>150MA:0|현재가>200MA:0|150MA>200MA:1|200MA상승중:1|현재가>50MA:0|52주저점+25%:0|52주고점-30%:0,,0.0,,
066900,디에이피,KOSDAQ,1796.0,-18.7,0.1,False,False,False,0,D,0.0,0.0,0.0,0.0,트렌드 미통과,현재가>150MA:1|현재가>200MA:1|150MA>200MA:0|200MA상승중:0|현재가>50MA:1|52주저점+25%:1|52주고점-30%:0,,0.0,,
127120,제이에스링크,KOSDAQ,29700.0,-3.8,69.2,False,False,False,0,D,0.0,0.0,0.0,0.0,트렌드 미통과,현재가>150MA:0|현재가>200MA:0|150MA>200MA:1|200MA상승중:1|현재가>50MA:0|52주저점+25%:1|52주고점-30%:0,,0.0,,
092070,디엔에프,KOSDAQ,13490.0,-29.3,3.2,False,False,False,0,D,0.0,0.0,0.0,0.0,트렌드 미통과,현재가>150MA:0|현재가>200MA:0|150MA>200MA:1|200MA상승중:0|현재가>50MA:1|52주저점+25%:1|52주고점-30%:0,,0.0,,
039840,디오,KOSDAQ,9310.0,-55.2,4.3,False,False,False,0,D,0.0,0.0,0.0,0.0,트렌드 미통과,현재가>150MA:0|현재가>200MA:0|150MA>200MA:0|200MA상승중:0|현재가>50MA:0|52주저점+25%:0|52주고점-30%:0,,0.0,,
219550,디와이디,KOSDAQ,1183.0,46.7,0.4,False,False,False,0,D,0.0,0.0,0.0,0.0,트렌드 미통과,현재가>150MA:0|현재가>200MA:0|150MA>200MA:1|200MA상승중:1|현재가>50MA:0|52주저점+25%:1|52주고점-30%:0,,0.0,,
310870,디와이씨,KOSDAQ,1523.0,0.9,2.0,False,False,False,0,D,0.0,0.0,0.0,0.0,트렌드 미통과,현재가>150MA:1|현재가>200MA:1|150MA>200MA:1|200MA상승중:1|현재가>50MA:1|52주저점+25%:1|52주고점-30%:1,,0.0,,
104460,디와이피엔에프,KOSDAQ,6680.0,-61.1,0.7,False,False,False,0,D,0.0,0.0,0.0,0.0,트렌드 미통과,현재가>150MA:0|현재가>200MA:0|150MA>200MA:0|200MA상승중:0|현재가>50MA:0|52주저점+25%:0|52주고점-30%:0,,0.0,,
079810,APS이노베이션,KOSDAQ,3505.0,-32.6,3.2,False,False,False,0,D,0.0,0.0,0.0,0.0,트렌드 미통과,현재가>150MA:0|현재가>200MA:0|150MA>200MA:0|200MA상승중:0|현재가>50MA:1|52주저점+25%:1|52주고점-30%:0,,0.0,,
113810,디젠스,KOSDAQ,2885.0,337.8,0.8,True,False,False,64,C,0.0,0.0,0.0,0.0,현재가 피벗 미달(-7.8%),현재가>150MA:1|현재가>200MA:1|150MA>200MA:1|200MA상승중:1|현재가>50MA:1|52주저점+25%:1|52주고점-30%:1,,0.0,,
043360,디지아이,KOSDAQ,2325.0,-12.9,1.7,False,False,False,0,D,0.0,0.0,0.0,0.0,트렌드 미통과,현재가>150MA:0|현재가>200MA:0|150MA>200MA:1|200MA상승중:1|현재가>50MA:1|52주저점+25%:0|52주고점-30%:0,,0.0,,
197140,디지캡,KOSDAQ,2360.0,-3.4,0.4,False,False,False,0,D,0.0,0.0,0.0,0.0,트렌드 미통과,현재가>150MA:1|현재가>200MA:1|150MA>200MA:0|200MA상승중:1|현재가>50MA:1|52주저점+25%:1|52주고점-30%:1,,0.0,,
068930,디지털대성,KOSDAQ,9830.0,9.7,8.4,True,False,False,40,D,0.0,0.0,0.0,0.0,핸들 기간 짧음,현재가>150MA:1|현재가>200MA:1|150MA>200MA:1|200MA상승중:1|현재가>50MA:1|52주저점+25%:1|52주고점-30%:1,,0.0,,
033130,디지틀조선,KOSDAQ,1723.0,-22.9,0.7,False,False,False,0,D,0.0,0.0,0.0,0.0,트렌드 미통과,현재가>150MA:0|현재가>200MA:0|150MA>200MA:1|200MA상승중:1|현재가>50MA:0|52주저점+25%:0|52주고점-30%:0,,0.0,,
105740,디케이락,KOSDAQ,9300.0,-6.7,15.9,False,False,False,0,D,0.0,0.0,0.0,0.0,트렌드 미통과,현재가>150MA:1|현재가>200MA:1|150MA>200MA:0|200MA상승중:0|현재가>50MA:1|52주저점+25%:1|52주고점-30%:1,,0.0,,
263020,디케이앤디,KOSDAQ,3100.0,-17.3,0.8,False,False,False,0,D,0.0,0.0,0.0,0.0,트렌드 미통과,현재가>150MA:0|현재가>200MA:0|150MA>200MA:1|200MA상승중:0|현재가>50MA:1|52주저점+25%:0|52주고점-30%:1,,0.0,,
290550,디케이티,KOSDAQ,22600.0,68.5,72.5,False,False,False,0,D,0.0,0.0,0.0,0.0,트렌드 미통과,현재가>150MA:1|현재가>200MA:1|150MA>200MA:1|200MA상승중:1|현재가>50MA:1|52주저점+25%:1|52주고점-30%:0,,0.0,,
066670,디티씨,KOSDAQ,3210.0,-5.2,0.3,False,False,False,0,D,0.0,0.0,0.0,0.0,트렌드 미통과,현재가>150MA:1|현재가>200MA:1|150MA>200MA:0|200MA상승중:1|현재가>50MA:1|52주저점+25%:1|52주고점-30%:1,,0.0,,
187220,디티앤씨,KOSDAQ,1944.0,-41.3,0.2,False,False,False,0,D,0.0,0.0,0.0,0.0,트렌드 미통과,현재가>150MA:0|현재가>200MA:0|150MA>200MA:1|200MA상승중:0|현재가>50MA:0|52주저점+25%:0|52주고점-30%:0,,0.0,,
383930,디티앤씨알오,KOSDAQ,1889.0,-34.6,1.2,False,False,False,0,D,0.0,0.0,0.0,0.0,트렌드 미통과,현재가>150MA:0|현재가>200MA:0|150MA>200MA:0|200MA상승중:0|현재가>50MA:1|52주저점+25%:1|52주고점-30%:0,,0.0,,
131180,딜리,KOSDAQ,4170.0,188.6,0.2,True,False,False,64,C,0.0,0.0,0.0,0.0,컵 깊이 얕음(11.9%),현재가>150MA:1|현재가>200MA:1|150MA>200MA:1|200MA상승중:1|현재가>50MA:1|52주저점+25%:1|52주고점-30%:1,,0.0,,
315640,딥노이드,KOSDAQ,2080.0,-37.5,4.6,False,False,False,0,D,0.0,0.0,0.0,0.0,트렌드 미통과,현재가>150MA:0|현재가>200MA:0|150MA>200MA:0|200MA상승중:0|현재가>50MA:1|52주저점+25%:1|52주고점-30%:0,,0.0,,
223310,사토시홀딩스,KOSDAQ,2985.0,5.8,9.2,False,False,False,0,D,0.0,0.0,0.0,0.0,트렌드 미통과,현재가>150MA:0|현재가>200MA:0|150MA>200MA:1|200MA상승중:1|현재가>50MA:0|52주저점+25%:1|52주고점-30%:0,,0.0,,
317120,라닉스,KOSDAQ,1412.0,-30.1,0.6,False,False,False,0,D,0.0,0.0,0.0,0.0,트렌드 미통과,현재가>150MA:0|현재가>200MA:0|150MA>200MA:0|200MA상승중:0|현재가>50MA:1|52주저점+25%:0|52주고점-30%:0,,0.0,,
462510,라메디텍,KOSDAQ,4035.0,-17.4,2.7,False,False,False,0,D,0.0,0.0,0.0,0.0,트렌드 미통과,현재가>150MA:1|현재가>200MA:0|150MA>200MA:0|200MA상승중:0|현재가>50MA:1|52주저점+25%:1|52주고점-30%:0,,0.0,,
042510,라온시큐어,KOSDAQ,11150.0,13.4,167.1,False,False,False,0,D,0.0,0.0,0.0,0.0,트렌드 미통과,현재가>150MA:1|현재가>200MA:1|150MA>200MA:1|200MA상승중:1|현재가>50MA:1|52주저점+25%:1|52주고점-30%:1,,0.0,,
232680,라온로보틱스,KOSDAQ,10130.0,-17.7,9.0,False,False,False,0,D,0.0,0.0,0.0,0.0,트렌드 미통과,현재가>150MA:0|현재가>200MA:0|150MA>200MA:0|200MA상승중:1|현재가>50MA:1|52주저점+25%:1|52주고점-30%:0,,0.0,,
418420,라온텍,KOSDAQ,4270.0,-29.2,11.9,False,False,False,0,D,0.0,0.0,0.0,0.0,트렌드 미통과,현재가>150MA:0|현재가>200MA:0|150MA>200MA:1|200MA상승중:1|현재가>50MA:1|52주저점+25%:1|52주고점-30%:0,,0.0,,
300120,라온피플,KOSDAQ,2960.0,237.2,15.5,False,False,False,0,D,0.0,0.0,0.0,0.0,트렌드 미통과,현재가>150MA:1|현재가>200MA:1|150MA>200MA:0|200MA상승중:1|현재가>50MA:1|52주저점+25%:1|52주고점-30%:1,,0.0,,
171120,라이온켐텍,KOSDAQ,2015.0,-22.0,0.8,False,False,False,0,D,0.0,0.0,0.0,0.0,트렌드 미통과,현재가>150MA:0|현재가>200MA:0|150MA>200MA:0|200MA상승중:0|현재가>50MA:1|52주저점+25%:0|52주고점-30%:0,,0.0,,
388790,라이콤,KOSDAQ,5140.0,30.5,48.6,False,False,False,0,D,0.0,0.0,0.0,0.0,트렌드 미통과,현재가>150MA:1|현재가>200MA:1|150MA>200MA:1|200MA상승중:1|현재가>50MA:1|52주저점+25%:1|52주고점-30%:0,,0.0,,
347700,스피어,KOSDAQ,21250.0,3.5,242.6,False,False,False,0,D,0.0,0.0,0.0,0.0,트렌드 미통과,현재가>150MA:0|현재가>200MA:0|150MA>200MA:1|200MA상승중:1|현재가>50MA:1|52주저점+25%:1|52주고점-30%:0,,0.0,,
214260,라파스,KOSDAQ,7520.0,-45.2,1.1,False,False,False,0,D,0.0,0.0,0.0,0.0,트렌드 미통과,현재가>150MA:0|현재가>200MA:0|150MA>200MA:0|200MA상승중:0|현재가>50MA:0|52주저점+25%:0|52주고점-30%:0,,0.0,,
171010,램테크놀러지,KOSDAQ,2535.0,-41.7,0.6,False,False,False,0,D,0.0,0.0,0.0,0.0,트렌드 미통과,현재가>150MA:0|현재가>200MA:0|150MA>200MA:0|200MA상승중:0|현재가>50MA:0|52주저점+25%:0|52주고점-30%:0,,0.0,,
084650,랩지노믹스,KOSDAQ,2525.0,102.9,1.9,False,False,False,0,D,0.0,0.0,0.0,0.0,트렌드 미통과,현재가>150MA:1|현재가>200MA:1|150MA>200MA:0|200MA상승중:0|현재가>50MA:1|52주저점+25%:1|52주고점-30%:1,,0.0,,
217500,러셀,KOSDAQ,1499.0,-40.1,0.6,False,False,False,0,D,0.0,0.0,0.0,0.0,트렌드 미통과,현재가>150MA:0|현재가>200MA:0|150MA>200MA:0|200MA상승중:0|현재가>50MA:0|52주저점+25%:0|52주고점-30%:0,,0.0,,
038390,레드캡투어,KOSDAQ,9930.0,-23.4,0.9,False,False,False,0,D,0.0,0.0,0.0,0.0,트렌드 미통과,현재가>150MA:0|현재가>200MA:0|150MA>200MA:0|200MA상승중:0|현재가>50MA:1|52주저점+25%:0|52주고점-30%:1,,0.0,,
294140,레몬,KOSDAQ,2775.0,-31.9,0.4,False,False,False,0,D,0.0,0.0,0.0,0.0,트렌드 미통과,현재가>150MA:0|현재가>200MA:0|150MA>200MA:0|200MA상승중:0|현재가>50MA:1|52주저점+25%:1|52주고점-30%:0,,0.0,,
443250,레뷰코퍼레이션,KOSDAQ,5140.0,-53.9,0.9,False,False,False,0,D,0.0,0.0,0.0,0.0,트렌드 미통과,현재가>150MA:0|현재가>200MA:0|150MA>200MA:0|200MA상승중:0|현재가>50MA:0|52주저점+25%:0|52주고점-30%:0,,0.0,,
228670,레이,KOSDAQ,4325.0,-34.2,1.8,False,False,False,0,D,0.0,0.0,0.0,0.0,트렌드 미통과,현재가>150MA:0|현재가>200MA:0|150MA>200MA:0|200MA상승중:0|현재가>50MA:0|52주저점+25%:0|52주고점-30%:0,,0.0,,
228850,레이언스,KOSDAQ,8340.0,26.2,4.9,True,False,False,64,C,0.0,0.0,0.0,0.0,컵 깊이 얕음(14.5%),현재가>150MA:1|현재가>200MA:1|150MA>200MA:1|200MA상승중:1|현재가>50MA:1|52주저점+25%:1|52주고점-30%:1,,0.0,,
412350,레이저쎌,KOSDAQ,5970.0,47.3,17.2,False,False,False,0,D,0.0,0.0,0.0,0.0,트렌드 미통과,현재가>150MA:0|현재가>200MA:1|150MA>200MA:1|200MA상승중:1|현재가>50MA:1|52주저점+25%:1|52주고점-30%:0,,0.0,,
199550,레이저옵텍,KOSDAQ,3130.0,-49.5,1.1,False,False,False,0,D,0.0,0.0,0.0,0.0,트렌드 미통과,현재가>150MA:0|현재가>200MA:0|150MA>200MA:0|200MA상승중:0|현재가>50MA:1|52주저점+25%:1|52주고점-30%:0,,0.0,,
281740,레이크머티리얼즈,KOSDAQ,11150.0,-42.5,41.6,False,False,False,0,D,0.0,0.0,0.0,0.0,트렌드 미통과,현재가>150MA:0|현재가>200MA:0|150MA>200MA:0|200MA상승중:0|현재가>50MA:0|52주저점+25%:0|52주고점-30%:0,,0.0,,
277810,레인보우로보틱스,KOSDAQ,416500.0,-23.0,295.5,False,False,False,0,D,0.0,0.0,0.0,0.0,트렌드 미통과,현재가>150MA:0|현재가>200MA:0|150MA>200MA:1|200MA상승중:1|현재가>50MA:0|52주저점+25%:1|52주고점-30%:0,,0.0,,
215100,로보로보,KOSDAQ,4020.0,-45.3,2.8,False,False,False,0,D,0.0,0.0,0.0,0.0,트렌드 미통과,현재가>150MA:0|현재가>200MA:0|150MA>200MA:0|200MA상승중:0|현재가>50MA:0|52주저점+25%:0|52주고점-30%:0,,0.0,,
090360,로보스타,KOSDAQ,76000.0,5.2,88.4,False,False,False,0,D,0.0,0.0,0.0,0.0,트렌드 미통과,현재가>150MA:0|현재가>200MA:0|150MA>200MA:0|200MA상승중:1|현재가>50MA:1|52주저점+25%:1|52주고점-30%:0,,0.0,,
108490,로보티즈,KOSDAQ,285000.0,27.4,1283.5,False,False,False,0,D,0.0,0.0,0.0,0.0,트렌드 미통과,현재가>150MA:1|현재가>200MA:1|150MA>200MA:0|200MA상승중:1|현재가>50MA:1|52주저점+25%:1|52주고점-30%:1,,0.0,,
900260,로스웰,KOSDAQ,1968.0,17.9,0.5,True,False,False,56,D,0.0,0.0,0.0,0.0,컵 깊이 얕음(11.5%),현재가>150MA:1|현재가>200MA:1|150MA>200MA:1|200MA상승중:1|현재가>50MA:1|52주저점+25%:1|52주고점-30%:1,,0.0,,
067730,로지시스,KOSDAQ,2195.0,-28.3,0.2,False,False,False,0,D,0.0,0.0,0.0,0.0,트렌드 미통과,현재가>150MA:0|현재가>200MA:0|150MA>200MA:0|200MA상승중:0|현재가>50MA:1|52주저점+25%:0|52주고점-30%:0,,0.0,,
071280,로체시스템즈,KOSDAQ,7900.0,-21.1,10.7,False,False,False,0,D,0.0,0.0,0.0,0.0,트렌드 미통과,현재가>150MA:1|현재가>200MA:0|150MA>200MA:0|200MA상승중:0|현재가>50MA:1|52주저점+25%:1|52주고점-30%:0,,0.0,,
328130,루닛,KOSDAQ,11800.0,-59.2,86.6,False,False,False,0,D,0.0,0.0,0.0,0.0,트렌드 미통과,현재가>150MA:0|현재가>200MA:0|150MA>200MA:0|200MA상승중:0|현재가>50MA:1|52주저점+25%:1|52주고점-30%:0,,0.0,,
038060,루멘스바이오스,KOSDAQ,689.0,-25.3,0.8,False,False,False,0,D,0.0,0.0,0.0,0.0,트렌드 미통과,현재가>150MA:0|현재가>200MA:0|150MA>200MA:1|200MA상승중:1|현재가>50MA:0|52주저점+25%:0|52주고점-30%:0,,0.0,,
474170,루미르,KOSDAQ,7040.0,-38.2,3.7,False,False,False,0,D,0.0,0.0,0.0,0.0,트렌드 미통과,현재가>150MA:0|현재가>200MA:0|150MA>200MA:0|200MA상승중:0|현재가>50MA:1|52주저점+25%:1|52주고점-30%:0,,0.0,,
141080,리가켐바이오,KOSDAQ,79500.0,-70.2,166.4,False,False,False,0,D,0.0,0.0,0.0,0.0,트렌드 미통과,현재가>150MA:0|현재가>200MA:0|150MA>200MA:0|200MA상승중:0|현재가>50MA:0|52주저점+25%:0|52주고점-30%:0,,0.0,,
058470,리노공업,KOSDAQ,73500.0,-14.7,506.7,False,False,False,0,D,0.0,0.0,0.0,0.0,트렌드 미통과,현재가>150MA:0|현재가>200MA:0|150MA>200MA:1|200MA상승중:1|현재가>50MA:1|52주저점+25%:1|52주고점-30%:0,,0.0,,
016100,리더스코스메틱,KOSDAQ,1282.0,-11.7,0.5,False,False,False,0,D,0.0,0.0,0.0,0.0,트렌드 미통과,현재가>150MA:0|현재가>200MA:0|150MA>200MA:0|200MA상승중:0|현재가>50MA:1|52주저점+25%:1|52주고점-30%:0,,0.0,,
012700,리드코프,KOSDAQ,2905.0,-31.0,0.4,False,False,False,0,D,0.0,0.0,0.0,0.0,트렌드 미통과,현재가>150MA:0|현재가>200MA:0|150MA>200MA:0|200MA상승중:0|현재가>50MA:0|52주저점+25%:0|52주고점-30%:0,,0.0,,
302550,리메드,KOSDAQ,2660.0,-31.1,0.5,False,False,False,0,D,0.0,0.0,0.0,0.0,트렌드 미통과,현재가>150MA:0|현재가>200MA:0|150MA>200MA:0|200MA상승중:0|현재가>50MA:0|52주저점+25%:0|52주고점-30%:0,,0.0,,
073570,리튬포어스,KOSDAQ,2490.0,125.8,1.0,True,False,False,64,C,0.0,0.0,0.0,0.0,컵 깊이 깊음(50.4%),현재가>150MA:1|현재가>200MA:1|150MA>200MA:1|200MA상승중:1|현재가>50MA:1|52주저점+25%:1|52주고점-30%:1,,0.0,,
377450,리파인,KOSDAQ,14410.0,10.0,25.6,False,False,False,0,D,0.0,0.0,0.0,0.0,트렌드 미통과,현재가>150MA:1|현재가>200MA:1|150MA>200MA:0|200MA상승중:1|현재가>50MA:0|52주저점+25%:1|52주고점-30%:1,,0.0,,
277070,린드먼아시아,KOSDAQ,3385.0,-31.6,0.2,False,False,False,0,D,0.0,0.0,0.0,0.0,트렌드 미통과,현재가>150MA:0|현재가>200MA:0|150MA>200MA:0|200MA상승중:0|현재가>50MA:1|52주저점+25%:0|52주고점-30%:0,,0.0,,
042500,링네트,KOSDAQ,4220.0,-15.3,4.3,False,False,False,0,D,0.0,0.0,0.0,0.0,트렌드 미통과,현재가>150MA:0|현재가>200MA:0|150MA>200MA:1|200MA상승중:1|현재가>50MA:0|52주저점+25%:0|52주고점-30%:0,,0.0,,
193250,링크드,KOSDAQ,1922.0,226.9,0.5,False,False,False,0,D,0.0,0.0,0.0,0.0,트렌드 미통과,현재가>150MA:1|현재가>200MA:1|150MA>200MA:1|200MA상승중:1|현재가>50MA:0|52주저점+25%:1|52주고점-30%:1,,0.0,,
219420,링크제니시스,KOSDAQ,3180.0,-44.7,0.5,False,False,False,0,D,0.0,0.0,0.0,0.0,트렌드 미통과,현재가>150MA:0|현재가>200MA:0|150MA>200MA:0|200MA상승중:0|현재가>50MA:0|52주저점+25%:0|52주고점-30%:0,,0.0,,
439090,마녀공장,KOSDAQ,14910.0,-13.0,21.9,False,False,False,0,D,0.0,0.0,0.0,0.0,트렌드 미통과,현재가>150MA:1|현재가>200MA:1|150MA>200MA:1|200MA상승중:1|현재가>50MA:0|52주저점+25%:1|52주고점-30%:1,,0.0,,
195500,마니커에프앤지,KOSDAQ,1699.0,-38.5,0.8,False,False,False,0,D,0.0,0.0,0.0,0.0,트렌드 미통과,현재가>150MA:0|현재가>200MA:0|150MA>200MA:0|200MA상승중:0|현재가>50MA:1|52주저점+25%:0|52주고점-30%:0,,0.0,,
377480,마음AI,KOSDAQ,10110.0,-43.2,4.8,False,False,False,0,D,0.0,0.0,0.0,0.0,트렌드 미통과,현재가>150MA:0|현재가>200MA:0|150MA>200MA:0|200MA상승중:0|현재가>50MA:0|52주저점+25%:1|52주고점-30%:0,,0.0,,
305090,마이크로디지탈,KOSDAQ,538.0,-103.9,3.3,False,False,False,0,D,0.0,0.0,0.0,0.0,트렌드 미통과,현재가>150MA:0|현재가>200MA:0|150MA>200MA:0|200MA상승중:0|현재가>50MA:0|52주저점+25%:0|52주고점-30%:0,,0.0,,
098120,마이크로컨텍솔,KOSDAQ,57700.0,142.3,79.1,True,False,False,64,C,0.0,0.0,0.0,0.0,컵 깊이 깊음(54.2%),현재가>150MA:1|현재가>200MA:1|150MA>200MA:1|200MA상승중:1|현재가>50MA:1|52주저점+25%:1|52주고점-30%:1,,0.0,,
424980,마이크로투나노,KOSDAQ,9120.0,-16.1,2.9,False,False,False,0,D,0.0,0.0,0.0,0.0,트렌드 미통과,현재가>150MA:0|현재가>200MA:0|150MA>200MA:0|200MA상승중:0|현재가>50MA:1|52주저점+25%:1|52주고점-30%:0,,0.0,,
038290,마크로젠,KOSDAQ,12350.0,-31.5,1.7,False,False,False,0,D,0.0,0.0,0.0,0.0,트렌드 미통과,현재가>150MA:0|현재가>200MA:0|150MA>200MA:0|200MA상승중:0|현재가>50MA:1|52주저점+25%:0|52주고점-30%:0,,0.0,,
267980,매일유업,KOSDAQ,33000.0,-22.2,0.6,False,False,False,0,D,0.0,0.0,0.0,0.0,트렌드 미통과,현재가>150MA:0|현재가>200MA:0|150MA>200MA:0|200MA상승중:0|현재가>50MA:0|52주저점+25%:0|52주고점-30%:1,,0.0,,
005990,매일홀딩스,KOSDAQ,10840.0,-15.8,0.3,False,False,False,0,D,0.0,0.0,0.0,0.0,트렌드 미통과,현재가>150MA:0|현재가>200MA:0|150MA>200MA:0|200MA상승중:0|현재가>50MA:1|52주저점+25%:0|52주고점-30%:1,,0.0,,
093520,매커스,KOSDAQ,29000.0,24.4,4.4,True,False,False,56,D,0.0,0.0,0.0,0.0,컵 깊이 깊음(51.1%),현재가>150MA:1|현재가>200MA:1|150MA>200MA:1|200MA상승중:1|현재가>50MA:1|52주저점+25%:1|52주고점-30%:1,,0.0,,
377030,비트맥스,KOSDAQ,2030.0,37.0,0.7,False,False,False,0,D,0.0,0.0,0.0,0.0,트렌드 미통과,현재가>150MA:1|현재가>200MA:1|150MA>200MA:0|200MA상승중:0|현재가>50MA:1|52주저점+25%:1|52주고점-30%:0,,0.0,,
100590,머큐리,KOSDAQ,4645.0,4.3,82.9,False,False,False,0,D,0.0,0.0,0.0,0.0,트렌드 미통과,현재가>150MA:0|현재가>200MA:1|150MA>200MA:1|200MA상승중:1|현재가>50MA:1|52주저점+25%:1|52주고점-30%:0,,0.0,,
067280,멀티캠퍼스,KOSDAQ,26150.0,-22.0,2.2,False,False,False,0,D,0.0,0.0,0.0,0.0,트렌드 미통과,현재가>150MA:1|현재가>200MA:0|150MA>200MA:0|200MA상승중:0|현재가>50MA:1|52주저점+25%:0|52주고점-30%:1,,0.0,,
072870,메가스터디,KOSDAQ,13370.0,-5.7,2.2,False,False,False,0,D,0.0,0.0,0.0,0.0,트렌드 미통과,현재가>150MA:1|현재가>200MA:1|150MA>200MA:1|200MA상승중:1|현재가>50MA:1|52주저점+25%:0|52주고점-30%:1,,0.0,,
215200,메가스터디교육,KOSDAQ,36800.0,-32.2,11.8,False,False,False,0,D,0.0,0.0,0.0,0.0,트렌드 미통과,현재가>150MA:0|현재가>200MA:0|150MA>200MA:0|200MA상승중:0|현재가>50MA:0|52주저점+25%:0|52주고점-30%:1,,0.0,,
133750,메가엠디,KOSDAQ,1368.0,-34.2,0.1,False,False,False,0,D,0.0,0.0,0.0,0.0,트렌드 미통과,현재가>150MA:0|현재가>200MA:0|150MA>200MA:0|200MA상승중:0|현재가>50MA:0|52주저점+25%:0|52주고점-30%:0,,0.0,,
446540,메가터치,KOSDAQ,10600.0,118.6,86.9,True,False,False,64,C,0.0,0.0,0.0,0.0,핸들 기간 짧음,현재가>150MA:1|현재가>200MA:1|150MA>200MA:1|200MA상승중:1|현재가>50MA:1|52주저점+25%:1|52주고점-30%:1,,0.0,,
235980,메드팩토,KOSDAQ,2910.0,-49.5,3.1,False,False,False,0,D,0.0,0.0,0.0,0.0,트렌드 미통과,현재가>150MA:0|현재가>200MA:0|150MA>200MA:0|200MA상승중:0|현재가>50MA:1|52주저점+25%:1|52주고점-30%:0,,0.0,,
041920,메디아나,KOSDAQ,9760.0,-16.2,4.8,False,False,False,0,D,0.0,0.0,0.0,0.0,트렌드 미통과,현재가>150MA:0|현재가>200MA:0|150MA>200MA:1|200MA상승중:1|현재가>50MA:1|52주저점+25%:1|52주고점-30%:0,,0.0,,
014100,메디앙스,KOSDAQ,1581.0,-26.0,0.5,False,False,False,0,D,0.0,0.0,0.0,0.0,트렌드 미통과,현재가>150MA:0|현재가>200MA:0|150MA>200MA:0|200MA상승중:0|현재가>50MA:0|52주저점+25%:0|52주고점-30%:1,,0.0,,
054180,메디콕스,KOSDAQ,2295.0,-17.3,0.0,False,False,False,0,D,0.0,0.0,0.0,0.0,트렌드 미통과,현재가>150MA:0|현재가>200MA:0|150MA>200MA:0|200MA상승중:0|현재가>50MA:0|52주저점+25%:0|52주고점-30%:1,,0.0,,
086900,메디톡스,KOSDAQ,67100.0,-50.8,19.5,False,False,False,0,D,0.0,0.0,0.0,0.0,트렌드 미통과,현재가>150MA:0|현재가>200MA:0|150MA>200MA:0|200MA상승중:0|현재가>50MA:0|52주저점+25%:0|52주고점-30%:0,,0.0,,
078160,메디포스트,KOSDAQ,9050.0,-50.0,3.2,False,False,False,0,D,0.0,0.0,0.0,0.0,트렌드 미통과,현재가>150MA:0|현재가>200MA:0|150MA>200MA:0|200MA상승중:0|현재가>50MA:1|52주저점+25%:0|52주고점-30%:0,,0.0,,
408920,메쎄이상,KOSDAQ,2900.0,-24.7,0.5,False,False,False,0,D,0.0,0.0,0.0,0.0,트렌드 미통과,현재가>150MA:0|현재가>200MA:0|150MA>200MA:0|200MA상승중:0|현재가>50MA:0|52주저점+25%:0|52주고점-30%:1,,0.0,,
021880,메이슨캐피탈,KOSDAQ,1159.0,510.5,0.4,False,False,False,0,D,0.0,0.0,0.0,0.0,트렌드 미통과,현재가>150MA:1|현재가>200MA:1|150MA>200MA:1|200MA상승중:1|현재가>50MA:0|52주저점+25%:1|52주고점-30%:1,,0.0,,
140410,메지온,KOSDAQ,73800.0,-10.4,67.8,False,False,False,0,D,0.0,0.0,0.0,0.0,트렌드 미통과,현재가>150MA:0|현재가>200MA:0|150MA>200MA:0|200MA상승중:1|현재가>50MA:1|52주저점+25%:1|52주고점-30%:0,,0.0,,
241770,메카로,KOSDAQ,40300.0,36.4,6.7,True,False,False,64,C,0.0,0.0,0.0,0.0,현재가 피벗 미달(-4.8%),현재가>150MA:1|현재가>200MA:1|150MA>200MA:1|200MA상승중:1|현재가>50MA:1|52주저점+25%:1|52주고점-30%:1,,0.0,,
059210,메타바이오메드,KOSDAQ,3650.0,-37.3,2.2,False,False,False,0,D,0.0,0.0,0.0,0.0,트렌드 미통과,현재가>150MA:0|현재가>200MA:0|150MA>200MA:0|200MA상승중:0|현재가>50MA:0|52주저점+25%:0|52주고점-30%:0,,0.0,,
058110,멕아이씨에스,KOSDAQ,1471.0,-42.7,1.0,False,False,False,0,D,0.0,0.0,0.0,0.0,트렌드 미통과,현재가>150MA:0|현재가>200MA:0|150MA>200MA:1|200MA상승중:0|현재가>50MA:0|52주저점+25%:0|52주고점-30%:0,,0.0,,
434480,모니터랩,KOSDAQ,2765.0,-25.5,9.9,False,False,False,0,D,0.0,0.0,0.0,0.0,트렌드 미통과,현재가>150MA:0|현재가>200MA:0|150MA>200MA:0|200MA상승중:0|현재가>50MA:1|52주저점+25%:1|52주고점-30%:0,,0.0,,
080420,모다이노칩,KOSDAQ,1585.0,-27.4,0.0,False,False,False,0,D,0.0,0.0,0.0,0.0,트렌드 미통과,현재가>150MA:0|현재가>200MA:0|150MA>200MA:0|200MA상승중:0|현재가>50MA:0|52주저점+25%:0|52주고점-30%:1,,0.0,,
417970,모델솔루션,KOSDAQ,10180.0,-47.5,0.9,False,False,False,0,D,0.0,0.0,0.0,0.0,트렌드 미통과,현재가>150MA:0|현재가>200MA:0|150MA>200MA:0|200MA상승중:0|현재가>50MA:0|52주저점+25%:0|52주고점-30%:0,,0.0,,
080160,모두투어,KOSDAQ,8300.0,-35.1,11.5,False,False,False,0,D,0.0,0.0,0.0,0.0,트렌드 미통과,현재가>150MA:0|현재가>200MA:0|150MA>200MA:0|200MA상승중:0|현재가>50MA:0|52주저점+25%:0|52주고점-30%:0,,0.0,,
087260,모바일어플라이언스,KOSDAQ,247.0,-75.7,0.0,False,False,False,0,D,0.0,0.0,0.0,0.0,트렌드 미통과,현재가>150MA:0|현재가>200MA:0|150MA>200MA:0|200MA상승중:0|현재가>50MA:0|52주저점+25%:0|52주고점-30%:0,,0.0,,
101330,모베이스,KOSDAQ,3580.0,-15.0,1.7,False,False,False,0,D,0.0,0.0,0.0,0.0,트렌드 미통과,현재가>150MA:0|현재가>200MA:0|150MA>200MA:0|200MA상승중:1|현재가>50MA:1|52주저점+25%:0|52주고점-30%:0,,0.0,,
012860,모베이스전자,KOSDAQ,2290.0,-2.3,7.3,False,False,False,0,D,0.0,0.0,0.0,0.0,트렌드 미통과,현재가>150MA:0|현재가>200MA:0|150MA>200MA:1|200MA상승중:1|현재가>50MA:1|52주저점+25%:1|52주고점-30%:0,,0.0,,
363260,모비데이즈,KOSDAQ,4000.0,240.5,1.4,False,False,False,0,D,0.0,0.0,0.0,0.0,트렌드 미통과,현재가>150MA:1|현재가>200MA:1|150MA>200MA:0|200MA상승중:1|현재가>50MA:1|52주저점+25%:1|52주고점-30%:1,,0.0,,
348030,모비릭스,KOSDAQ,2660.0,-25.5,0.7,False,False,False,0,D,0.0,0.0,0.0,0.0,트렌드 미통과,현재가>150MA:0|현재가>200MA:0|150MA>200MA:0|200MA상승중:0|현재가>50MA:0|52주저점+25%:0|52주고점-30%:0,,0.0,,
250060,모비스,KOSDAQ,3090.0,-16.6,5.5,False,False,False,0,D,0.0,0.0,0.0,0.0,트렌드 미통과,현재가>150MA:0|현재가>200MA:0|150MA>200MA:0|200MA상승중:1|현재가>50MA:1|52주저점+25%:1|52주고점-30%:0,,0.0,,
288980,모아데이타,KOSDAQ,205.0,-93.2,18.6,False,False,False,0,D,0.0,0.0,0.0,0.0,트렌드 미통과,현재가>150MA:0|현재가>200MA:0|150MA>200MA:0|200MA상승중:0|현재가>50MA:0|52주저점+25%:0|52주고점-30%:0,,0.0,,
142760,모아라이프플러스,KOSDAQ,490.0,-54.6,8.6,False,False,False,0,D,0.0,0.0,0.0,0.0,트렌드 미통과,현재가>150MA:0|현재가>200MA:0|150MA>200MA:0|200MA상승중:0|현재가>50MA:1|52주저점+25%:1|52주고점-30%:0,,0.0,,
033200,모아텍,KOSDAQ,2410.0,-40.0,0.2,False,False,False,0,D,0.0,0.0,0.0,0.0,트렌드 미통과,현재가>150MA:0|현재가>200MA:0|150MA>200MA:0|200MA상승중:0|현재가>50MA:0|52주저점+25%:0|52주고점-30%:0,,0.0,,
333050,이노테나,KOSDAQ,5620.0,172.2,0.7,True,False,False,64,C,0.0,0.0,0.0,0.0,컵 깊이 얕음(7.2%),현재가>150MA:1|현재가>200MA:1|150MA>200MA:1|200MA상승중:1|현재가>50MA:1|52주저점+25%:1|52주고점-30%:1,,0.0,,
118990,모트렉스,KOSDAQ,6390.0,-28.3,6.7,False,False,False,0,D,0.0,0.0,0.0,0.0,트렌드 미통과,현재가>150MA:0|현재가>200MA:0|150MA>200MA:0|200MA상승중:0|현재가>50MA:1|52주저점+25%:1|52주고점-30%:0,,0.0,,
463480,모티브링크,KOSDAQ,3865.0,-54.1,5.3,False,False,False,0,D,0.0,0.0,0.0,0.0,트렌드 미통과,현재가>150MA:0|현재가>200MA:0|150MA>200MA:0|200MA상승중:0|현재가>50MA:0|52주저점+25%:0|52주고점-30%:0,,0.0,,
006920,모헨즈,KOSDAQ,2980.0,-45.0,2.7,False,False,False,0,D,0.0,0.0,0.0,0.0,트렌드 미통과,현재가>150MA:0|현재가>200MA:0|150MA>200MA:1|200MA상승중:1|현재가>50MA:0|52주저점+25%:0|52주고점-30%:0,,0.0,,
001810,무림SP,KOSDAQ,1154.0,-28.7,0.5,False,False,False,0,D,0.0,0.0,0.0,0.0,트렌드 미통과,현재가>150MA:0|현재가>200MA:0|150MA>200MA:0|200MA상승중:0|현재가>50MA:0|52주저점+25%:0|52주고점-30%:0,,0.0,,
279600,미디어젠,KOSDAQ,3870.0,-38.9,0.2,False,False,False,0,D,0.0,0.0,0.0,0.0,트렌드 미통과,현재가>150MA:0|현재가>200MA:0|150MA>200MA:0|200MA상승중:0|현재가>50MA:1|52주저점+25%:0|52주고점-30%:0,,0.0,,
095500,미래나노텍,KOSDAQ,6470.0,-42.6,4.0,False,False,False,0,D,0.0,0.0,0.0,0.0,트렌드 미통과,현재가>150MA:0|현재가>200MA:0|150MA>200MA:0|200MA상승중:0|현재가>50MA:0|52주저점+25%:0|52주고점-30%:0,,0.0,,
254490,미래반도체,KOSDAQ,17240.0,-18.7,10.7,False,False,False,0,D,0.0,0.0,0.0,0.0,트렌드 미통과,현재가>150MA:0|현재가>200MA:0|150MA>200MA:1|200MA상승중:0|현재가>50MA:1|52주저점+25%:1|52주고점-30%:0,,0.0,,
218150,미래생명자원,KOSDAQ,1906.0,-39.5,6.2,False,False,False,0,D,0.0,0.0,0.0,0.0,트렌드 미통과,현재가>150MA:0|현재가>200MA:0|150MA>200MA:0|200MA상승중:0|현재가>50MA:0|52주저점+25%:0|52주고점-30%:0,,0.0,,
100790,미래에셋벤처투자,KOSDAQ,17330.0,1.4,87.8,False,False,False,0,D,0.0,0.0,0.0,0.0,트렌드 미통과,현재가>150MA:0|현재가>200MA:0|150MA>200MA:1|200MA상승중:1|현재가>50MA:1|52주저점+25%:1|52주고점-30%:0,,0.0,,
477380,미래에셋비전스팩4호,KOSDAQ,2075.0,-16.3,0.2,False,False,False,0,D,0.0,0.0,0.0,0.0,트렌드 미통과,현재가>150MA:1|현재가>200MA:1|150MA>200MA:0|200MA상승중:1|현재가>50MA:1|52주저점+25%:0|52주고점-30%:1,,0.0,,
477470,미래에셋비전스팩5호,KOSDAQ,2065.0,-19.1,0.2,False,False,False,0,D,0.0,0.0,0.0,0.0,트렌드 미통과,현재가>150MA:0|현재가>200MA:0|150MA>200MA:0|200MA상승중:0|현재가>50MA:0|52주저점+25%:0|52주고점-30%:1,,0.0,,
478440,미래에셋비전스팩6호,KOSDAQ,2065.0,-15.8,0.2,False,False,False,0,D,0.0,0.0,0.0,0.0,트렌드 미통과,현재가>150MA:1|현재가>200MA:1|150MA>200MA:1|200MA상승중:1|현재가>50MA:1|52주저점+25%:0|52주고점-30%:1,,0.0,,
482680,미래에셋비전스팩7호,KOSDAQ,2055.0,-16.0,0.0,False,False,False,0,D,0.0,0.0,0.0,0.0,트렌드 미통과,현재가>150MA:1|현재가>200MA:1|150MA>200MA:1|200MA상승중:1|현재가>50MA:0|52주저점+25%:0|52주고점-30%:1,,0.0,,
049950,미래컴퍼니,KOSDAQ,10840.0,-35.4,1.6,False,False,False,0,D,0.0,0.0,0.0,0.0,트렌드 미통과,현재가>150MA:0|현재가>200MA:0|150MA>200MA:0|200MA상승중:0|현재가>50MA:1|52주저점+25%:1|52주고점-30%:0,,0.0,,
207760,미스터블루,KOSDAQ,2045.0,172.6,8.0,False,False,False,0,D,0.0,0.0,0.0,0.0,트렌드 미통과,현재가>150MA:1|현재가>200MA:1|150MA>200MA:0|200MA상승중:1|현재가>50MA:1|52주저점+25%:1|52주고점-30%:1,,0.0,,
059090,미코,KOSDAQ,21800.0,21.6,66.9,False,False,False,0,D,0.0,0.0,0.0,0.0,트렌드 미통과,현재가>150MA:1|현재가>200MA:1|150MA>200MA:1|200MA상승중:1|현재가>50MA:1|52주저점+25%:1|52주고점-30%:1,,0.0,,
214610,롤링스톤,KOSDAQ,2290.0,-37.1,0.0,False,False,False,0,D,0.0,0.0,0.0,0.0,트렌드 미통과,현재가>150MA:0|현재가>200MA:0|150MA>200MA:0|200MA상승중:0|현재가>50MA:0|52주저점+25%:0|52주고점-30%:0,,0.0,,
201490,미투온,KOSDAQ,3385.0,3.0,332.8,False,False,False,0,D,0.0,0.0,0.0,0.0,트렌드 미통과,현재가>150MA:1|현재가>200MA:1|150MA>200MA:0|200MA상승중:0|현재가>50MA:1|52주저점+25%:1|52주고점-30%:0,,0.0,,
475460,미트박스,KOSDAQ,2600.0,-81.5,6.2,False,False,False,0,D,0.0,0.0,0.0,0.0,트렌드 미통과,현재가>150MA:0|현재가>200MA:0|150MA>200MA:0|200MA상승중:0|현재가>50MA:0|52주저점+25%:0|52주고점-30%:0,,0.0,,
452200,민테크,KOSDAQ,1653.0,-39.3,0.8,False,False,False,0,D,0.0,0.0,0.0,0.0,트렌드 미통과,현재가>150MA:0|현재가>200MA:0|150MA>200MA:0|200MA상승중:0|현재가>50MA:1|52주저점+25%:1|52주고점-30%:0,,0.0,,
418470,KT밀리의서재,KOSDAQ,9360.0,-38.5,1.8,False,False,False,0,D,0.0,0.0,0.0,0.0,트렌드 미통과,현재가>150MA:0|현재가>200MA:0|150MA>200MA:0|200MA상승중:0|현재가>50MA:0|52주저점+25%:0|52주고점-30%:0,,0.0,,
206640,바디텍메드,KOSDAQ,9430.0,-37.4,2.8,False,False,False,0,D,0.0,0.0,0.0,0.0,트렌드 미통과,현재가>150MA:0|현재가>200MA:0|150MA>200MA:0|200MA상승중:0|현재가>50MA:0|52주저점+25%:0|52주고점-30%:0,,0.0,,
018700,졸스,KOSDAQ,1276.0,37.5,0.2,False,False,False,0,D,0.0,0.0,0.0,0.0,트렌드 미통과,현재가>150MA:1|현재가>200MA:1|150MA>200MA:1|200MA상승중:1|현재가>50MA:0|52주저점+25%:1|52주고점-30%:0,,0.0,,
035620,바른손이앤에이,KOSDAQ,740.0,52.2,0.9,False,False,False,0,D,0.0,0.0,0.0,0.0,트렌드 미통과,현재가>150MA:1|현재가>200MA:1|150MA>200MA:1|200MA상승중:1|현재가>50MA:1|52주저점+25%:1|52주고점-30%:0,,0.0,,
053030,바이넥스,KOSDAQ,6210.0,-59.6,3.8,False,False,False,0,D,0.0,0.0,0.0,0.0,트렌드 미통과,현재가>150MA:0|현재가>200MA:0|150MA>200MA:0|200MA상승중:0|현재가>50MA:0|52주저점+25%:0|52주고점-30%:0,,0.0,,
301300,바이브컴퍼니,KOSDAQ,1512.0,-29.8,1.4,False,False,False,0,D,0.0,0.0,0.0,0.0,트렌드 미통과,현재가>150MA:0|현재가>200MA:0|150MA>200MA:0|200MA상승중:0|현재가>50MA:0|52주저점+25%:1|52주고점-30%:0,,0.0,,
064550,바이오니아,KOSDAQ,8410.0,-30.8,98.2,False,False,False,0,D,0.0,0.0,0.0,0.0,트렌드 미통과,현재가>150MA:0|현재가>200MA:0|150MA>200MA:0|200MA상승중:0|현재가>50MA:1|52주저점+25%:1|52주고점-30%:0,,0.0,,
314930,바이오다인,KOSDAQ,6590.0,-60.1,1.9,False,False,False,0,D,0.0,0.0,0.0,0.0,트렌드 미통과,현재가>150MA:0|현재가>200MA:0|150MA>200MA:0|200MA상승중:0|현재가>50MA:0|52주저점+25%:0|52주고점-30%:0,,0.0,,
208710,포톤,KOSDAQ,2800.0,17.9,3.2,False,False,False,0,D,0.0,0.0,0.0,0.0,트렌드 미통과,현재가>150MA:1|현재가>200MA:1|150MA>200MA:1|200MA상승중:1|현재가>50MA:1|52주저점+25%:1|52주고점-30%:0,,0.0,,
086820,바이오솔루션,KOSDAQ,6590.0,-33.8,3.7,False,False,False,0,D,0.0,0.0,0.0,0.0,트렌드 미통과,현재가>150MA:0|현재가>200MA:0|150MA>200MA:1|200MA상승중:0|현재가>50MA:1|52주저점+25%:0|52주고점-30%:0,,0.0,,
038460,바이오스마트,KOSDAQ,2800.0,-28.2,2.9,False,False,False,0,D,0.0,0.0,0.0,0.0,트렌드 미통과,현재가>150MA:0|현재가>200MA:0|150MA>200MA:0|200MA상승중:0|현재가>50MA:1|52주저점+25%:0|52주고점-30%:0,,0.0,,
251120,바이오에프디엔씨,KOSDAQ,9520.0,-38.6,1.1,False,False,False,0,D,0.0,0.0,0.0,0.0,트렌드 미통과,현재가>150MA:0|현재가>200MA:0|150MA>200MA:0|200MA상승중:0|현재가>50MA:1|52주저점+25%:1|52주고점-30%:0,,0.0,,
199730,바이오인프라,KOSDAQ,697.0,-96.4,0.9,False,False,False,0,D,0.0,0.0,0.0,0.0,트렌드 미통과,현재가>150MA:0|현재가>200MA:0|150MA>200MA:0|200MA상승중:0|현재가>50MA:0|52주저점+25%:0|52주고점-30%:0,,0.0,,
086040,바이오톡스텍,KOSDAQ,2240.0,-30.5,0.2,False,False,False,0,D,0.0,0.0,0.0,0.0,트렌드 미통과,현재가>150MA:0|현재가>200MA:0|150MA>200MA:0|200MA상승중:0|현재가>50MA:0|52주저점+25%:0|52주고점-30%:0,,0.0,,
099430,바이오플러스,KOSDAQ,3320.0,-50.9,4.0,False,False,False,0,D,0.0,0.0,0.0,0.0,트렌드 미통과,현재가>150MA:0|현재가>200MA:0|150MA>200MA:0|200MA상승중:0|현재가>50MA:0|52주저점+25%:0|52주고점-30%:0,,0.0,,
308080,바이젠셀,KOSDAQ,5540.0,-24.0,18.4,False,False,False,0,D,0.0,0.0,0.0,0.0,트렌드 미통과,현재가>150MA:0|현재가>200MA:0|150MA>200MA:0|200MA상승중:1|현재가>50MA:0|52주저점+25%:1|52주고점-30%:0,,0.0,,
043150,바텍,KOSDAQ,17470.0,-31.7,4.4,False,False,False,0,D,0.0,0.0,0.0,0.0,트렌드 미통과,현재가>150MA:0|현재가>200MA:0|150MA>200MA:1|200MA상승중:0|현재가>50MA:0|52주저점+25%:0|52주고점-30%:0,,0.0,,
323990,박셀바이오,KOSDAQ,4260.0,-55.7,11.5,False,False,False,0,D,0.0,0.0,0.0,0.0,트렌드 미통과,현재가>150MA:0|현재가>200MA:0|150MA>200MA:0|200MA상승중:0|현재가>50MA:1|52주저점+25%:0|52주고점-30%:0,,0.0,,
267790,배럴,KOSDAQ,3020.0,-31.8,0.2,False,False,False,0,D,0.0,0.0,0.0,0.0,트렌드 미통과,현재가>150MA:0|현재가>200MA:0|150MA>200MA:0|200MA상승중:0|현재가>50MA:0|52주저점+25%:0|52주고점-30%:1,,0.0,,
046310,백금T&A,KOSDAQ,2290.0,-25.0,0.4,False,False,False,0,D,0.0,0.0,0.0,0.0,트렌드 미통과,현재가>150MA:0|현재가>200MA:0|150MA>200MA:0|200MA상승중:0|현재가>50MA:1|52주저점+25%:1|52주고점-30%:0,,0.0,,
331520,밸로프,KOSDAQ,2205.0,164.4,0.6,False,False,False,0,D,0.0,0.0,0.0,0.0,트렌드 미통과,현재가>150MA:1|현재가>200MA:1|150MA>200MA:1|200MA상승중:1|현재가>50MA:0|52주저점+25%:1|52주고점-30%:1,,0.0,,
199480,뱅크웨어글로벌,KOSDAQ,4080.0,-14.9,1.0,False,False,False,0,D,0.0,0.0,0.0,0.0,트렌드 미통과,현재가>150MA:1|현재가>200MA:0|150MA>200MA:0|200MA상승중:0|현재가>50MA:1|52주저점+25%:1|52주고점-30%:0,,0.0,,
438700,버넥트,KOSDAQ,1801.0,-55.5,1.1,False,False,False,0,D,0.0,0.0,0.0,0.0,트렌드 미통과,현재가>150MA:0|현재가>200MA:0|150MA>200MA:0|200MA상승중:0|현재가>50MA:1|52주저점+25%:0|52주고점-30%:0,,0.0,,
066410,버킷스튜디오,KOSDAQ,1153.0,-17.3,0.0,False,False,False,0,D,0.0,0.0,0.0,0.0,트렌드 미통과,현재가>150MA:0|현재가>200MA:0|150MA>200MA:0|200MA상승중:0|현재가>50MA:0|52주저점+25%:0|52주고점-30%:1,,0.0,,
382900,범한퓨얼셀,KOSDAQ,22900.0,-33.5,59.3,False,False,False,0,D,0.0,0.0,0.0,0.0,트렌드 미통과,현재가>150MA:0|현재가>200MA:0|150MA>200MA:0|200MA상승중:0|현재가>50MA:1|52주저점+25%:1|52주고점-30%:0,,0.0,,
206400,베노티앤알,KOSDAQ,915.0,-45.4,2.8,False,False,False,0,D,0.0,0.0,0.0,0.0,트렌드 미통과,현재가>150MA:0|현재가>200MA:0|150MA>200MA:0|200MA상승중:0|현재가>50MA:1|52주저점+25%:1|52주고점-30%:0,,0.0,,
019010,베뉴지,KOSDAQ,4870.0,15.0,11.8,False,False,False,0,D,0.0,0.0,0.0,0.0,트렌드 미통과,현재가>150MA:0|현재가>200MA:1|150MA>200MA:1|200MA상승중:1|현재가>50MA:1|52주저점+25%:1|52주고점-30%:1,,0.0,,
177350,베셀,KOSDAQ,1450.0,20.0,1.8,False,False,False,0,D,0.0,0.0,0.0,0.0,트렌드 미통과,현재가>150MA:1|현재가>200MA:1|150MA>200MA:0|200MA상승중:1|현재가>50MA:1|52주저점+25%:1|52주고점-30%:1,,0.0,,
457600,벡트,KOSDAQ,3950.0,63.3,6.0,False,False,False,0,D,0.0,0.0,0.0,0.0,트렌드 미통과,현재가>150MA:1|현재가>200MA:1|150MA>200MA:1|200MA상승중:1|현재가>50MA:0|52주저점+25%:1|52주고점-30%:1,,0.0,,
424760,벨로크,KOSDAQ,2070.0,34.0,1.3,False,False,False,0,D,0.0,0.0,0.0,0.0,트렌드 미통과,현재가>150MA:1|현재가>200MA:1|150MA>200MA:1|200MA상승중:1|현재가>50MA:0|52주저점+25%:1|52주고점-30%:0,,0.0,,
225530,HC보광산업,KOSDAQ,2100.0,-38.1,0.2,False,False,False,0,D,0.0,0.0,0.0,0.0,트렌드 미통과,현재가>150MA:0|현재가>200MA:0|150MA>200MA:0|200MA상승중:0|현재가>50MA:1|52주저점+25%:0|52주고점-30%:0,,0.0,,
250000,보라티알,KOSDAQ,5500.0,-37.9,0.2,False,False,False,0,D,0.0,0.0,0.0,0.0,트렌드 미통과,현재가>150MA:0|현재가>200MA:0|150MA>200MA:0|200MA상승중:0|현재가>50MA:0|52주저점+25%:0|52주고점-30%:0,,0.0,,
310210,보로노이,KOSDAQ,132400.0,-53.5,125.4,False,False,False,0,D,0.0,0.0,0.0,0.0,트렌드 미통과,현재가>150MA:0|현재가>200MA:0|150MA>200MA:1|200MA상승중:0|현재가>50MA:0|52주저점+25%:1|52주고점-30%:0,,0.0,,
006910,보성파워텍,KOSDAQ,7010.0,-4.2,84.1,False,False,False,0,D,0.0,0.0,0.0,0.0,트렌드 미통과,현재가>150MA:0|현재가>200MA:0|150MA>200MA:1|200MA상승중:1|현재가>50MA:1|52주저점+25%:1|52주고점-30%:0,,0.0,,
226340,본느,KOSDAQ,5100.0,457.8,55.5,False,False,False,0,D,0.0,0.0,0.0,0.0,트렌드 미통과,현재가>150MA:1|현재가>200MA:1|150MA>200MA:1|200MA상승중:1|현재가>50MA:1|52주저점+25%:1|52주고점-30%:0,,0.0,,
014470,부방,KOSDAQ,1037.0,-30.7,1.1,False,False,False,0,D,0.0,0.0,0.0,0.0,트렌드 미통과,현재가>150MA:0|현재가>200MA:0|150MA>200MA:0|200MA상승중:0|현재가>50MA:1|52주저점+25%:1|52주고점-30%:0,,0.0,,
008470,부스타,KOSDAQ,1658.0,-69.8,0.4,False,False,False,0,D,0.0,0.0,0.0,0.0,트렌드 미통과,현재가>150MA:0|현재가>200MA:0|150MA>200MA:0|200MA상승중:0|현재가>50MA:0|52주저점+25%:0|52주고점-30%:0,,0.0,,
338220,뷰노,KOSDAQ,8320.0,-49.7,24.5,False,False,False,0,D,0.0,0.0,0.0,0.0,트렌드 미통과,현재가>150MA:0|현재가>200MA:0|150MA>200MA:0|200MA상승중:0|현재가>50MA:1|52주저점+25%:1|52주고점-30%:0,,0.0,,
100120,뷰웍스,KOSDAQ,26950.0,-0.1,3.5,False,False,False,0,D,0.0,0.0,0.0,0.0,트렌드 미통과,현재가>150MA:1|현재가>200MA:1|150MA>200MA:1|200MA상승중:1|현재가>50MA:1|52주저점+25%:1|52주고점-30%:1,,0.0,,
406820,뷰티스킨,KOSDAQ,2460.0,-25.7,42.4,False,False,False,0,D,0.0,0.0,0.0,0.0,트렌드 미통과,현재가>150MA:1|현재가>200MA:0|150MA>200MA:0|200MA상승중:0|현재가>50MA:1|52주저점+25%:1|52주고점-30%:0,,0.0,,
337930,젝시믹스,KOSDAQ,2375.0,-59.1,2.0,False,False,False,0,D,0.0,0.0,0.0,0.0,트렌드 미통과,현재가>150MA:0|현재가>200MA:0|150MA>200MA:0|200MA상승중:0|현재가>50MA:0|52주저점+25%:0|52주고점-30%:0,,0.0,,
099390,브레인즈컴퍼니,KOSDAQ,3690.0,-31.0,0.3,False,False,False,0,D,0.0,0.0,0.0,0.0,트렌드 미통과,현재가>150MA:0|현재가>200MA:0|150MA>200MA:0|200MA상승중:0|현재가>50MA:1|52주저점+25%:1|52주고점-30%:0,,0.0,,
064480,브리지텍,KOSDAQ,2520.0,-48.2,0.6,False,False,False,0,D,0.0,0.0,0.0,0.0,트렌드 미통과,현재가>150MA:0|현재가>200MA:0|150MA>200MA:0|200MA상승중:0|현재가>50MA:0|52주저점+25%:0|52주고점-30%:0,,0.0,,
288330,파라택시스코리아,KOSDAQ,416.0,-50.3,0.0,False,False,False,0,D,0.0,0.0,0.0,0.0,트렌드 미통과,현재가>150MA:0|현재가>200MA:0|150MA>200MA:0|200MA상승중:0|현재가>50MA:0|52주저점+25%:0|52주고점-30%:0,,0.0,,
365900,브이씨,KOSDAQ,2505.0,-25.3,1.1,False,False,False,0,D,0.0,0.0,0.0,0.0,트렌드 미통과,현재가>150MA:0|현재가>200MA:0|150MA>200MA:0|200MA상승중:0|현재가>50MA:0|52주저점+25%:0|52주고점-30%:1,,0.0,,
089970,브이엠,KOSDAQ,61000.0,56.9,352.7,False,False,False,0,D,0.0,0.0,0.0,0.0,트렌드 미통과,현재가>150MA:0|현재가>200MA:1|150MA>200MA:1|200MA상승중:1|현재가>50MA:0|52주저점+25%:1|52주고점-30%:0,,0.0,,
251630,브이원텍,KOSDAQ,3625.0,-39.7,0.5,False,False,False,0,D,0.0,0.0,0.0,0.0,트렌드 미통과,현재가>150MA:0|현재가>200MA:0|150MA>200MA:0|200MA상승중:0|현재가>50MA:1|52주저점+25%:0|52주고점-30%:0,,0.0,,
018290,브이티,KOSDAQ,12350.0,-38.9,22.0,False,False,False,0,D,0.0,0.0,0.0,0.0,트렌드 미통과,현재가>150MA:0|현재가>200MA:0|150MA>200MA:0|200MA상승중:0|현재가>50MA:1|52주저점+25%:0|52주고점-30%:0,,0.0,,
478560,블랙야크아이앤씨,KOSDAQ,3235.0,-16.6,1.6,False,False,False,0,D,0.0,0.0,0.0,0.0,트렌드 미통과,현재가>150MA:1|현재가>200MA:1|150MA>200MA:0|200MA상승중:0|현재가>50MA:1|52주저점+25%:1|52주고점-30%:1,,0.0,,
439580,블루엠텍,KOSDAQ,2670.0,-29.5,32.6,False,False,False,0,D,0.0,0.0,0.0,0.0,트렌드 미통과,현재가>150MA:1|현재가>200MA:0|150MA>200MA:0|200MA상승중:0|현재가>50MA:1|52주저점+25%:1|52주고점-30%:0,,0.0,,
033560,블루콤,KOSDAQ,5220.0,33.5,0.8,True,False,False,64,C,0.0,0.0,0.0,0.0,컵 기간 짧음(25일),현재가>150MA:1|현재가>200MA:1|150MA>200MA:1|200MA상승중:1|현재가>50MA:1|52주저점+25%:1|52주고점-30%:1,,0.0,,
369370,블리츠웨이엔터테인먼트,KOSDAQ,3005.0,166.7,0.3,True,False,False,64,C,0.0,0.0,0.0,0.0,컵 깊이 깊음(58.5%),현재가>150MA:1|현재가>200MA:1|150MA>200MA:1|200MA상승중:1|현재가>50MA:1|52주저점+25%:1|52주고점-30%:1,,0.0,,
126340,비나텍,KOSDAQ,84300.0,-7.2,101.9,False,False,False,0,D,0.0,0.0,0.0,0.0,트렌드 미통과,현재가>150MA:0|현재가>200MA:0|150MA>200MA:1|200MA상승중:1|현재가>50MA:1|52주저점+25%:1|52주고점-30%:0,,0.0,,
121800,비덴트,KOSDAQ,3320.0,-17.3,0.0,False,False,False,0,D,0.0,0.0,0.0,0.0,트렌드 미통과,현재가>150MA:0|현재가>200MA:0|150MA>200MA:0|200MA상승중:0|현재가>50MA:0|52주저점+25%:0|52주고점-30%:1,,0.0,,
082800,비보존 제약,KOSDAQ,2785.0,-39.0,5.8,False,False,False,0,D,0.0,0.0,0.0,0.0,트렌드 미통과,현재가>150MA:0|현재가>200MA:0|150MA>200MA:0|200MA상승중:0|현재가>50MA:0|52주저점+25%:1|52주고점-30%:0,,0.0,,
318410,비비씨,KOSDAQ,6450.0,-25.8,0.2,False,False,False,0,D,0.0,0.0,0.0,0.0,트렌드 미통과,현재가>150MA:0|현재가>200MA:0|150MA>200MA:0|200MA상승중:0|현재가>50MA:1|52주저점+25%:0|52주고점-30%:0,,0.0,,
419540,비스토스,KOSDAQ,3045.0,92.8,0.5,False,False,False,0,D,0.0,0.0,0.0,0.0,트렌드 미통과,현재가>150MA:1|현재가>200MA:1|150MA>200MA:1|200MA상승중:1|현재가>50MA:0|52주저점+25%:1|52주고점-30%:1,,0.0,,
146320,비씨엔씨,KOSDAQ,10300.0,-32.8,2.0,False,False,False,0,D,0.0,0.0,0.0,0.0,트렌드 미통과,현재가>150MA:0|현재가>200MA:0|150MA>200MA:0|200MA상승중:0|현재가>50MA:1|52주저점+25%:1|52주고점-30%:0,,0.0,,
200780,비씨월드제약,KOSDAQ,3000.0,-43.9,0.2,False,False,False,0,D,0.0,0.0,0.0,0.0,트렌드 미통과,현재가>150MA:0|현재가>200MA:0|150MA>200MA:0|200MA상승중:0|현재가>50MA:0|52주저점+25%:0|52주고점-30%:0,,0.0,,
413640,비아이매트릭스,KOSDAQ,5930.0,-42.5,0.8,False,False,False,0,D,0.0,0.0,0.0,0.0,트렌드 미통과,현재가>150MA:0|현재가>200MA:0|150MA>200MA:0|200MA상승중:0|현재가>50MA:0|52주저점+25%:0|52주고점-30%:0,,0.0,,
141000,비아트론,KOSDAQ,9690.0,-4.2,3.0,False,False,False,0,D,0.0,0.0,0.0,0.0,트렌드 미통과,현재가>150MA:1|현재가>200MA:1|150MA>200MA:1|200MA상승중:1|현재가>50MA:1|52주저점+25%:1|52주고점-30%:1,,0.0,,
083650,비에이치아이,KOSDAQ,58100.0,-18.7,285.5,False,False,False,0,D,0.0,0.0,0.0,0.0,트렌드 미통과,현재가>150MA:0|현재가>200MA:0|150MA>200MA:1|200MA상승중:1|현재가>50MA:1|52주저점+25%:1|52주고점-30%:0,,0.0,,
065170,비엘팜텍,KOSDAQ,2170.0,70.4,21.9,False,False,False,0,D,0.0,0.0,0.0,0.0,트렌드 미통과,현재가>150MA:0|현재가>200MA:0|150MA>200MA:1|200MA상승중:1|현재가>50MA:0|52주저점+25%:1|52주고점-30%:0,,0.0,,
086670,비엠티,KOSDAQ,19390.0,20.2,8.5,True,False,False,56,D,0.0,0.0,0.0,0.0,핸들 기간 짧음,현재가>150MA:1|현재가>200MA:1|150MA>200MA:1|200MA상승중:1|현재가>50MA:1|52주저점+25%:1|52주고점-30%:1,,0.0,,
082920,비츠로셀,KOSDAQ,28100.0,-25.1,114.6,False,False,False,0,D,0.0,0.0,0.0,0.0,트렌드 미통과,현재가>150MA:0|현재가>200MA:0|150MA>200MA:1|200MA상승중:1|현재가>50MA:0|52주저점+25%:1|52주고점-30%:0,,0.0,,
054220,비츠로시스,KOSDAQ,1706.0,161.6,2.1,True,False,False,64,C,0.0,0.0,0.0,0.0,컵 기간 짧음(31일),현재가>150MA:1|현재가>200MA:1|150MA>200MA:1|200MA상승중:1|현재가>50MA:1|52주저점+25%:1|52주고점-30%:1,,0.0,,
042370,비츠로테크,KOSDAQ,10430.0,-7.7,141.6,False,False,False,0,D,0.0,0.0,0.0,0.0,트렌드 미통과,현재가>150MA:0|현재가>200MA:0|150MA>200MA:1|200MA상승중:1|현재가>50MA:1|52주저점+25%:1|52주고점-30%:0,,0.0,,
050090,비케이홀딩스,KOSDAQ,496.0,-32.7,2.2,False,False,False,0,D,0.0,0.0,0.0,0.0,트렌드 미통과,현재가>150MA:0|현재가>200MA:0|150MA>200MA:0|200MA상승중:0|현재가>50MA:0|52주저점+25%:1|52주고점-30%:0,,0.0,,
148780,비큐AI,KOSDAQ,3815.0,369.3,4.4,True,False,False,64,C,0.0,0.0,0.0,0.0,컵 깊이 깊음(77.0%),현재가>150MA:1|현재가>200MA:1|150MA>200MA:1|200MA상승중:1|현재가>50MA:1|52주저점+25%:1|52주고점-30%:1,,0.0,,
307870,비투엔,KOSDAQ,1200.0,-8.0,12.9,False,False,False,0,D,0.0,0.0,0.0,0.0,트렌드 미통과,현재가>150MA:1|현재가>200MA:1|150MA>200MA:0|200MA상승중:0|현재가>50MA:1|52주저점+25%:1|52주고점-30%:1,,0.0,,
032850,비트컴퓨터,KOSDAQ,4135.0,-27.8,2.4,False,False,False,0,D,0.0,0.0,0.0,0.0,트렌드 미통과,현재가>150MA:0|현재가>200MA:0|150MA>200MA:0|200MA상승중:0|현재가>50MA:1|52주저점+25%:0|52주고점-30%:1,,0.0,,
238200,비피도,KOSDAQ,2655.0,-27.0,0.1,False,False,False,0,D,0.0,0.0,0.0,0.0,트렌드 미통과,현재가>150MA:0|현재가>200MA:0|150MA>200MA:0|200MA상승중:0|현재가>50MA:1|52주저점+25%:0|52주고점-30%:0,,0.0,,
093190,빅솔론,KOSDAQ,8300.0,0.5,1.0,False,False,False,0,D,0.0,0.0,0.0,0.0,트렌드 미통과,현재가>150MA:1|현재가>200MA:1|150MA>200MA:1|200MA상승중:1|현재가>50MA:0|52주저점+25%:1|52주고점-30%:1,,0.0,,
065450,빅텍,KOSDAQ,3060.0,-31.7,19.5,False,False,False,0,D,0.0,0.0,0.0,0.0,트렌드 미통과,현재가>150MA:0|현재가>200MA:0|150MA>200MA:1|200MA상승중:0|현재가>50MA:1|52주저점+25%:0|52주고점-30%:0,,0.0,,
044480,빌리언스,KOSDAQ,3290.0,576.5,1.4,True,False,False,64,C,0.0,0.0,0.0,0.0,컵 깊이 얕음(0.0%),현재가>150MA:1|현재가>200MA:1|150MA>200MA:1|200MA상승중:1|현재가>50MA:1|52주저점+25%:1|52주고점-30%:1,,0.0,,
069540,빛과전자,KOSDAQ,4025.0,195.2,875.2,False,False,False,0,D,0.0,0.0,0.0,0.0,트렌드 미통과,현재가>150MA:1|현재가>200MA:1|150MA>200MA:1|200MA상승중:1|현재가>50MA:1|52주저점+25%:1|52주고점-30%:0,,0.0,,
072950,빛샘전자,KOSDAQ,13540.0,90.1,440.9,False,False,False,0,D,0.0,0.0,0.0,0.0,트렌드 미통과,현재가>150MA:1|현재가>200MA:1|150MA>200MA:1|200MA상승중:1|현재가>50MA:1|52주저점+25%:1|52주고점-30%:0,,0.0,,
451250,삐아,KOSDAQ,7130.0,-35.4,0.8,False,False,False,0,D,0.0,0.0,0.0,0.0,트렌드 미통과,현재가>150MA:0|현재가>200MA:0|150MA>200MA:0|200MA상승중:0|현재가>50MA:0|52주저점+25%:0|52주고점-30%:0,,0.0,,
143240,사람인,KOSDAQ,17450.0,-0.9,2.0,True,False,False,32,D,0.0,0.0,0.0,0.0,컵 기간 짧음(29일),현재가>150MA:1|현재가>200MA:1|150MA>200MA:1|200MA상승중:1|현재가>50MA:1|52주저점+25%:1|52주고점-30%:1,,0.0,,
466410,사이냅소프트,KOSDAQ,8720.0,-32.9,0.3,False,False,False,0,D,0.0,0.0,0.0,0.0,트렌드 미통과,현재가>150MA:0|현재가>200MA:0|150MA>200MA:0|200MA상승중:0|현재가>50MA:1|52주저점+25%:0|52주고점-30%:0,,0.0,,
452430,사피엔반도체,KOSDAQ,39550.0,5.6,19.9,False,False,False,0,D,0.0,0.0,0.0,0.0,트렌드 미통과,현재가>150MA:1|현재가>200MA:1|150MA>200MA:0|200MA상승중:1|현재가>50MA:1|52주저점+25%:1|52주고점-30%:1,,0.0,,
419120,산돌,KOSDAQ,2225.0,-55.5,0.4,False,False,False,0,D,0.0,0.0,0.0,0.0,트렌드 미통과,현재가>150MA:0|현재가>200MA:0|150MA>200MA:0|200MA상승중:0|현재가>50MA:0|52주저점+25%:0|52주고점-30%:0,,0.0,,
122350,삼기,KOSDAQ,1556.0,-16.9,23.1,False,False,False,0,D,0.0,0.0,0.0,0.0,트렌드 미통과,현재가>150MA:1|현재가>200MA:1|150MA>200MA:0|200MA상승중:1|현재가>50MA:0|52주저점+25%:1|52주고점-30%:1,,0.0,,
419050,삼기에너지솔루션즈,KOSDAQ,1752.0,-14.7,59.2,False,False,False,0,D,0.0,0.0,0.0,0.0,트렌드 미통과,현재가>150MA:1|현재가>200MA:1|150MA>200MA:0|200MA상승중:0|현재가>50MA:1|52주저점+25%:1|52주고점-30%:1,,0.0,,
014970,삼륭물산,KOSDAQ,4290.0,-51.6,5.4,False,False,False,0,D,0.0,0.0,0.0,0.0,트렌드 미통과,현재가>150MA:0|현재가>200MA:0|150MA>200MA:0|200MA상승중:0|현재가>50MA:0|52주저점+25%:0|52주고점-30%:0,,0.0,,
018310,삼목에스폼,KOSDAQ,14700.0,-32.7,2.2,False,False,False,0,D,0.0,0.0,0.0,0.0,트렌드 미통과,현재가>150MA:0|현재가>200MA:0|150MA>200MA:0|200MA상승중:0|현재가>50MA:1|52주저점+25%:0|52주고점-30%:0,,0.0,,
053700,삼보모터스,KOSDAQ,3860.0,-28.1,3.9,False,False,False,0,D,0.0,0.0,0.0,0.0,트렌드 미통과,현재가>150MA:0|현재가>200MA:0|150MA>200MA:0|200MA상승중:1|현재가>50MA:0|52주저점+25%:0|52주고점-30%:0,,0.0,,
009620,삼보산업,KOSDAQ,5630.0,465.4,0.6,False,False,False,0,D,0.0,0.0,0.0,0.0,트렌드 미통과,현재가>150MA:1|현재가>200MA:1|150MA>200MA:0|200MA상승중:1|현재가>50MA:1|52주저점+25%:1|52주고점-30%:1,,0.0,,
023600,삼보판지,KOSDAQ,9060.0,-20.0,1.0,False,False,False,0,D,0.0,0.0,0.0,0.0,트렌드 미통과,현재가>150MA:0|현재가>200MA:0|150MA>200MA:0|200MA상승중:1|현재가>50MA:1|52주저점+25%:0|52주고점-30%:1,,0.0,,
009300,삼아제약,KOSDAQ,13960.0,-22.3,0.2,False,False,False,0,D,0.0,0.0,0.0,0.0,트렌드 미통과,현재가>150MA:0|현재가>200MA:0|150MA>200MA:0|200MA상승중:0|현재가>50MA:1|52주저점+25%:0|52주고점-30%:1,,0.0,,
482630,삼양엔씨켐,KOSDAQ,13900.0,-39.8,13.8,False,False,False,0,D,0.0,0.0,0.0,0.0,트렌드 미통과,현재가>150MA:0|현재가>200MA:0|150MA>200MA:0|200MA상승중:0|현재가>50MA:1|52주저점+25%:1|52주고점-30%:0,,0.0,,
361670,삼영에스앤씨,KOSDAQ,3650.0,-0.9,0.2,False,False,False,0,D,0.0,0.0,0.0,0.0,트렌드 미통과,현재가>150MA:1|현재가>200MA:1|150MA>200MA:0|200MA상승중:0|현재가>50MA:1|52주저점+25%:1|52주고점-30%:1,,0.0,,
054540,삼영엠텍,KOSDAQ,6550.0,-52.2,4.1,False,False,False,0,D,0.0,0.0,0.0,0.0,트렌드 미통과,현재가>150MA:0|현재가>200MA:0|150MA>200MA:0|200MA상승중:0|현재가>50MA:1|52주저점+25%:0|52주고점-30%:0,,0.0,,
065570,삼영이엔씨,KOSDAQ,764.0,-17.3,0.0,False,False,False,0,D,0.0,0.0,0.0,0.0,트렌드 미통과,현재가>150MA:0|현재가>200MA:0|150MA>200MA:0|200MA상승중:0|현재가>50MA:0|52주저점+25%:0|52주고점-30%:1,,0.0,,
032280,삼일,KOSDAQ,1335.0,-13.7,0.4,False,False,False,0,D,0.0,0.0,0.0,0.0,트렌드 미통과,현재가>150MA:1|현재가>200MA:0|150MA>200MA:0|200MA상승중:0|현재가>50MA:1|52주저점+25%:1|52주고점-30%:1,,0.0,,
002290,삼일기업공사,KOSDAQ,3315.0,-25.4,0.5,False,False,False,0,D,0.0,0.0,0.0,0.0,트렌드 미통과,현재가>150MA:0|현재가>200MA:0|150MA>200MA:0|200MA상승중:0|현재가>50MA:1|52주저점+25%:0|52주고점-30%:1,,0.0,,
037460,삼지전자,KOSDAQ,31100.0,39.5,15.5,False,False,False,0,D,0.0,0.0,0.0,0.0,트렌드 미통과,현재가>150MA:0|현재가>200MA:1|150MA>200MA:1|200MA상승중:1|현재가>50MA:0|52주저점+25%:1|52주고점-30%:0,,0.0,,
032750,삼진,KOSDAQ,2915.0,-28.2,0.3,False,False,False,0,D,0.0,0.0,0.0,0.0,트렌드 미통과,현재가>150MA:0|현재가>200MA:0|150MA>200MA:0|200MA상승중:0|현재가>50MA:0|52주저점+25%:0|52주고점-30%:0,,0.0,,
054090,삼진엘앤디,KOSDAQ,1000.0,-3.3,1.6,True,False,False,32,D,0.0,0.0,0.0,0.0,컵 기간 짧음(29일),현재가>150MA:1|현재가>200MA:1|150MA>200MA:1|200MA상승중:1|현재가>50MA:1|52주저점+25%:1|52주고점-30%:1,,0.0,,
000250,삼천당제약,KOSDAQ,166100.0,-55.9,125.1,False,False,False,0,D,0.0,0.0,0.0,0.0,트렌드 미통과,현재가>150MA:0|현재가>200MA:0|150MA>200MA:1|200MA상승중:0|현재가>50MA:0|52주저점+25%:1|52주고점-30%:0,,0.0,,
024950,삼천리자전거,KOSDAQ,4230.0,-5.6,1.8,False,False,False,0,D,0.0,0.0,0.0,0.0,트렌드 미통과,현재가>150MA:1|현재가>200MA:1|150MA>200MA:0|200MA상승중:1|현재가>50MA:1|52주저점+25%:1|52주고점-30%:0,,0.0,,
038500,삼표시멘트,KOSDAQ,6510.0,-15.4,20.7,False,False,False,0,D,0.0,0.0,0.0,0.0,트렌드 미통과,현재가>150MA:0|현재가>200MA:0|150MA>200MA:1|200MA상승중:1|현재가>50MA:0|52주저점+25%:1|52주고점-30%:0,,0.0,,
437730,삼현,KOSDAQ,48500.0,24.5,256.0,False,False,False,0,D,0.0,0.0,0.0,0.0,트렌드 미통과,현재가>150MA:1|현재가>200MA:1|150MA>200MA:0|200MA상승중:1|현재가>50MA:1|52주저점+25%:1|52주고점-30%:0,,0.0,,
017480,삼현철강,KOSDAQ,4715.0,-16.6,1.0,False,False,False,0,D,0.0,0.0,0.0,0.0,트렌드 미통과,현재가>150MA:0|현재가>200MA:1|150MA>200MA:1|200MA상승중:1|현재가>50MA:0|52주저점+25%:0|52주고점-30%:1,,0.0,,
046390,삼화네트웍스,KOSDAQ,2065.0,38.1,0.2,True,False,False,64,C,0.0,0.0,0.0,0.0,핸들 기간 김(25일),현재가>150MA:1|현재가>200MA:1|150MA>200MA:1|200MA상승중:1|현재가>50MA:1|52주저점+25%:1|52주고점-30%:1,,0.0,,
027580,상보,KOSDAQ,1861.0,91.4,1.0,False,False,False,0,D,0.0,0.0,0.0,0.0,트렌드 미통과,현재가>150MA:1|현재가>200MA:1|150MA>200MA:1|200MA상승중:1|현재가>50MA:1|52주저점+25%:1|52주고점-30%:0,,0.0,,
038540,상상인,KOSDAQ,1877.0,-24.5,0.9,False,False,False,0,D,0.0,0.0,0.0,0.0,트렌드 미통과,현재가>150MA:0|현재가>200MA:0|150MA>200MA:1|200MA상승중:1|현재가>50MA:0|52주저점+25%:0|52주고점-30%:1,,0.0,,
091580,상신이디피,KOSDAQ,20350.0,23.7,64.7,False,False,False,0,D,0.0,0.0,0.0,0.0,트렌드 미통과,현재가>150MA:1|현재가>200MA:1|150MA>200MA:1|200MA상승중:1|현재가>50MA:1|52주저점+25%:1|52주고점-30%:0,,0.0,,
263810,상신전자,KOSDAQ,2590.0,-23.6,0.5,False,False,False,0,D,0.0,0.0,0.0,0.0,트렌드 미통과,현재가>150MA:0|현재가>200MA:0|150MA>200MA:0|200MA상승중:0|현재가>50MA:1|52주저점+25%:0|52주고점-30%:0,,0.0,,
089980,상아프론테크,KOSDAQ,15620.0,-30.5,6.8,False,False,False,0,D,0.0,0.0,0.0,0.0,트렌드 미통과,현재가>150MA:0|현재가>200MA:0|150MA>200MA:1|200MA상승중:0|현재가>50MA:1|52주저점+25%:1|52주고점-30%:0,,0.0,,
042940,상지건설,KOSDAQ,5270.0,-54.1,2.1,False,False,False,0,D,0.0,0.0,0.0,0.0,트렌드 미통과,현재가>150MA:0|현재가>200MA:0|150MA>200MA:0|200MA상승중:0|현재가>50MA:0|52주저점+25%:0|52주고점-30%:0,,0.0,,
042600,새로닉스,KOSDAQ,11720.0,-11.9,2.0,False,False,False,0,D,0.0,0.0,0.0,0.0,트렌드 미통과,현재가>150MA:0|현재가>200MA:0|150MA>200MA:1|200MA상승중:0|현재가>50MA:1|52주저점+25%:1|52주고점-30%:0,,0.0,,
107600,새빗켐,KOSDAQ,12400.0,-58.5,2.0,False,False,False,0,D,0.0,0.0,0.0,0.0,트렌드 미통과,현재가>150MA:0|현재가>200MA:0|150MA>200MA:0|200MA상승중:0|현재가>50MA:0|52주저점+25%:0|52주고점-30%:0,,0.0,,
411080,샌즈랩,KOSDAQ,6610.0,-1.1,129.3,False,False,False,0,D,0.0,0.0,0.0,0.0,트렌드 미통과,현재가>150MA:1|현재가>200MA:1|150MA>200MA:0|200MA상승중:0|현재가>50MA:1|52주저점+25%:1|52주고점-30%:0,,0.0,,
252990,샘씨엔에스,KOSDAQ,19950.0,118.0,125.9,True,False,False,64,C,0.0,0.0,0.0,0.0,핸들 기간 짧음,현재가>150MA:1|현재가>200MA:1|150MA>200MA:1|200MA상승중:1|현재가>50MA:1|52주저점+25%:1|52주고점-30%:1,,0.0,,
378800,샤페론,KOSDAQ,2530.0,127.4,0.7,False,False,False,0,D,0.0,0.0,0.0,0.0,트렌드 미통과,현재가>150MA:1|현재가>200MA:1|150MA>200MA:0|200MA상승중:0|현재가>50MA:1|52주저점+25%:1|52주고점-30%:1,,0.0,,
294630,서남,KOSDAQ,3010.0,-11.1,10.4,False,False,False,0,D,0.0,0.0,0.0,0.0,트렌드 미통과,현재가>150MA:0|현재가>200MA:0|150MA>200MA:1|200MA상승중:1|현재가>50MA:1|52주저점+25%:1|52주고점-30%:0,,0.0,,
038070,서린바이오,KOSDAQ,3900.0,-46.1,0.5,False,False,False,0,D,0.0,0.0,0.0,0.0,트렌드 미통과,현재가>150MA:0|현재가>200MA:0|150MA>200MA:0|200MA상승중:0|현재가>50MA:0|52주저점+25%:0|52주고점-30%:0,,0.0,,
006730,서부T&D,KOSDAQ,10720.0,-22.4,33.6,False,False,False,0,D,0.0,0.0,0.0,0.0,트렌드 미통과,현재가>150MA:0|현재가>200MA:0|150MA>200MA:0|200MA상승중:1|현재가>50MA:1|52주저점+25%:1|52주고점-30%:0,,0.0,,
079650,서산,KOSDAQ,6010.0,174.7,390.2,True,False,False,64,C,0.0,0.0,0.0,0.0,핸들 기간 김(67일),현재가>150MA:1|현재가>200MA:1|150MA>200MA:1|200MA상승중:1|현재가>50MA:1|52주저점+25%:1|52주고점-30%:1,,0.0,,
100660,서암기계공업,KOSDAQ,3100.0,-39.3,1.0,False,False,False,0,D,0.0,0.0,0.0,0.0,트렌드 미통과,현재가>150MA:0|현재가>200MA:0|150MA>200MA:0|200MA상승중:0|현재가>50MA:1|52주저점+25%:0|52주고점-30%:0,,0.0,,
019770,서연탑메탈,KOSDAQ,3220.0,-25.6,0.2,False,False,False,0,D,0.0,0.0,0.0,0.0,트렌드 미통과,현재가>150MA:0|현재가>200MA:0|150MA>200MA:0|200MA상승중:0|현재가>50MA:0|52주저점+25%:0|52주고점-30%:1,,0.0,,
043710,코스리거글로벌,KOSDAQ,2975.0,119.2,0.4,False,False,False,0,D,0.0,0.0,0.0,0.0,트렌드 미통과,현재가>150MA:1|현재가>200MA:1|150MA>200MA:1|200MA상승중:1|현재가>50MA:0|52주저점+25%:1|52주고점-30%:0,,0.0,,
092190,서울바이오시스,KOSDAQ,8430.0,110.6,15.2,False,False,False,0,D,0.0,0.0,0.0,0.0,트렌드 미통과,현재가>150MA:1|현재가>200MA:1|150MA>200MA:1|200MA상승중:1|현재가>50MA:1|52주저점+25%:1|52주고점-30%:0,,0.0,,
046890,서울반도체,KOSDAQ,10450.0,4.7,23.5,False,False,False,0,D,0.0,0.0,0.0,0.0,트렌드 미통과,현재가>150MA:0|현재가>200MA:1|150MA>200MA:1|200MA상승중:1|현재가>50MA:1|52주저점+25%:1|52주고점-30%:0,,0.0,,
063170,서울옥션,KOSDAQ,5650.0,-25.0,1.9,False,False,False,0,D,0.0,0.0,0.0,0.0,트렌드 미통과,현재가>150MA:0|현재가>200MA:0|150MA>200MA:0|200MA상승중:0|현재가>50MA:1|52주저점+25%:1|52주고점-30%:0,,0.0,,
027040,서울전자통신,KOSDAQ,1853.0,380.1,8.8,False,False,False,0,D,0.0,0.0,0.0,0.0,트렌드 미통과,현재가>150MA:1|현재가>200MA:1|150MA>200MA:1|200MA상승중:1|현재가>50MA:0|52주저점+25%:1|52주고점-30%:0,,0.0,,
018680,서울제약,KOSDAQ,1957.0,-41.0,0.1,False,False,False,0,D,0.0,0.0,0.0,0.0,트렌드 미통과,현재가>150MA:0|현재가>200MA:0|150MA>200MA:0|200MA상승중:0|현재가>50MA:0|52주저점+25%:0|52주고점-30%:0,,0.0,,
093920,서원인텍,KOSDAQ,4805.0,-23.0,0.3,False,False,False,0,D,0.0,0.0,0.0,0.0,트렌드 미통과,현재가>150MA:0|현재가>200MA:0|150MA>200MA:0|200MA상승중:0|현재가>50MA:0|52주저점+25%:0|52주고점-30%:1,,0.0,,
189860,서전기전,KOSDAQ,4765.0,5.0,35.9,False,False,False,0,D,0.0,0.0,0.0,0.0,트렌드 미통과,현재가>150MA:0|현재가>200MA:0|150MA>200MA:1|200MA상승중:1|현재가>50MA:1|52주저점+25%:1|52주고점-30%:0,,0.0,,
178320,서진시스템,KOSDAQ,36950.0,-11.9,347.4,False,False,False,0,D,0.0,0.0,0.0,0.0,트렌드 미통과,현재가>150MA:0|현재가>200MA:0|150MA>200MA:1|200MA상승중:1|현재가>50MA:1|52주저점+25%:1|52주고점-30%:0,,0.0,,
122690,서진오토모티브,KOSDAQ,1622.0,-32.5,0.3,False,False,False,0,D,0.0,0.0,0.0,0.0,트렌드 미통과,현재가>150MA:0|현재가>200MA:0|150MA>200MA:0|200MA상승중:0|현재가>50MA:0|52주저점+25%:0|52주고점-30%:0,,0.0,,
140070,서플러스글로벌,KOSDAQ,2255.0,-0.6,1.5,False,False,False,0,D,0.0,0.0,0.0,0.0,트렌드 미통과,현재가>150MA:1|현재가>200MA:1|150MA>200MA:0|200MA상승중:0|현재가>50MA:1|52주저점+25%:1|52주고점-30%:1,,0.0,,
011370,서한,KOSDAQ,3645.0,301.2,0.8,True,False,False,64,C,0.0,0.0,0.0,0.0,현재가 피벗 미달(-7.6%),현재가>150MA:1|현재가>200MA:1|150MA>200MA:1|200MA상승중:1|현재가>50MA:1|52주저점+25%:1|52주고점-30%:1,,0.0,,
065710,서호전기,KOSDAQ,44800.0,-19.7,3.4,False,False,False,0,D,0.0,0.0,0.0,0.0,트렌드 미통과,현재가>150MA:0|현재가>200MA:0|150MA>200MA:0|200MA상승중:1|현재가>50MA:1|52주저점+25%:0|52주고점-30%:1,,0.0,,
035890,서희건설,KOSDAQ,2175.0,4.7,6.0,False,False,False,0,D,0.0,0.0,0.0,0.0,트렌드 미통과,현재가>150MA:1|현재가>200MA:1|150MA>200MA:1|200MA상승중:1|현재가>50MA:1|52주저점+25%:1|52주고점-30%:0,,0.0,,
357550,석경에이티,KOSDAQ,30500.0,-54.8,0.7,False,False,False,0,D,0.0,0.0,0.0,0.0,트렌드 미통과,현재가>150MA:0|현재가>200MA:0|150MA>200MA:0|200MA상승중:0|현재가>50MA:0|52주저점+25%:0|52주고점-30%:0,,0.0,,
003100,선광,KOSDAQ,20450.0,-14.2,1.6,False,False,False,0,D,0.0,0.0,0.0,0.0,트렌드 미통과,현재가>150MA:0|현재가>200MA:0|150MA>200MA:1|200MA상승중:1|현재가>50MA:1|52주저점+25%:0|52주고점-30%:1,,0.0,,
067370,선바이오,KOSDAQ,5390.0,-27.8,0.5,False,False,False,0,D,0.0,0.0,0.0,0.0,트렌드 미통과,현재가>150MA:0|현재가>200MA:0|150MA>200MA:1|200MA상승중:0|현재가>50MA:0|52주저점+25%:0|52주고점-30%:0,,0.0,,
171090,선익시스템,KOSDAQ,69700.0,7.4,31.8,False,False,False,0,D,0.0,0.0,0.0,0.0,트렌드 미통과,현재가>150MA:0|현재가>200MA:0|150MA>200MA:1|200MA상승중:1|현재가>50MA:1|52주저점+25%:1|52주고점-30%:0,,0.0,,
086710,선진뷰티사이언스,KOSDAQ,6820.0,-35.4,0.6,False,False,False,0,D,0.0,0.0,0.0,0.0,트렌드 미통과,현재가>150MA:0|현재가>200MA:0|150MA>200MA:0|200MA상승중:0|현재가>50MA:0|52주저점+25%:0|52주고점-30%:0,,0.0,,
014620,성광벤드,KOSDAQ,30600.0,-14.7,62.5,False,False,False,0,D,0.0,0.0,0.0,0.0,트렌드 미통과,현재가>150MA:0|현재가>200MA:0|150MA>200MA:1|200MA상승중:1|현재가>50MA:1|52주저점+25%:1|52주고점-30%:0,,0.0,,
037350,성도이엔지,KOSDAQ,7670.0,-16.6,7.7,False,False,False,0,D,0.0,0.0,0.0,0.0,트렌드 미통과,현재가>150MA:0|현재가>200MA:0|150MA>200MA:1|200MA상승중:1|현재가>50MA:1|52주저점+25%:1|52주고점-30%:0,,0.0,,
458650,성우,KOSDAQ,7570.0,-43.8,0.5,False,False,False,0,D,0.0,0.0,0.0,0.0,트렌드 미통과,현재가>150MA:0|현재가>200MA:0|150MA>200MA:0|200MA상승중:0|현재가>50MA:0|52주저점+25%:0|52주고점-30%:0,,0.0,,
081580,성우전자,KOSDAQ,2380.0,-20.6,0.8,False,False,False,0,D,0.0,0.0,0.0,0.0,트렌드 미통과,현재가>150MA:0|현재가>200MA:0|150MA>200MA:1|200MA상승중:0|현재가>50MA:1|52주저점+25%:0|52주고점-30%:0,,0.0,,
045300,성우테크론,KOSDAQ,2700.0,-23.1,0.5,False,False,False,0,D,0.0,0.0,0.0,0.0,트렌드 미통과,현재가>150MA:0|현재가>200MA:0|150MA>200MA:0|200MA상승중:0|현재가>50MA:1|52주저점+25%:1|52주고점-30%:1,,0.0,,
015750,성우하이텍,KOSDAQ,5790.0,-30.8,10.3,False,False,False,0,D,0.0,0.0,0.0,0.0,트렌드 미통과,현재가>150MA:0|현재가>200MA:0|150MA>200MA:1|200MA상승중:0|현재가>50MA:0|52주저점+25%:0|52주고점-30%:0,,0.0,,
365340,성일하이텍,KOSDAQ,34250.0,-37.8,12.5,False,False,False,0,D,0.0,0.0,0.0,0.0,트렌드 미통과,현재가>150MA:0|현재가>200MA:0|150MA>200MA:0|200MA상승중:0|현재가>50MA:1|52주저점+25%:1|52주고점-30%:0,,0.0,,
080470,성창오토텍,KOSDAQ,2700.0,-39.6,0.2,False,False,False,0,D,0.0,0.0,0.0,0.0,트렌드 미통과,현재가>150MA:0|현재가>200MA:0|150MA>200MA:0|200MA상승중:0|현재가>50MA:0|52주저점+25%:0|52주고점-30%:0,,0.0,,
043260,성호전자,KOSDAQ,23650.0,436.0,881.7,False,False,False,0,D,0.0,0.0,0.0,0.0,트렌드 미통과,현재가>150MA:0|현재가>200MA:0|150MA>200MA:1|200MA상승중:1|현재가>50MA:1|52주저점+25%:1|52주고점-30%:0,,0.0,,
148150,세경하이테크,KOSDAQ,4130.0,-18.1,3.2,False,False,False,0,D,0.0,0.0,0.0,0.0,트렌드 미통과,현재가>150MA:1|현재가>200MA:0|150MA>200MA:0|200MA상승중:0|현재가>50MA:1|52주저점+25%:1|52주고점-30%:0,,0.0,,
188260,세니젠,KOSDAQ,2130.0,-10.1,0.3,False,False,False,0,D,0.0,0.0,0.0,0.0,트렌드 미통과,현재가>150MA:1|현재가>200MA:1|150MA>200MA:0|200MA상승중:0|현재가>50MA:1|52주저점+25%:1|52주고점-30%:1,,0.0,,
053060,세동,KOSDAQ,1230.0,-23.9,0.5,False,False,False,0,D,0.0,0.0,0.0,0.0,트렌드 미통과,현재가>150MA:0|현재가>200MA:0|150MA>200MA:0|200MA상승중:1|현재가>50MA:0|52주저점+25%:0|52주고점-30%:1,,0.0,,
340440,세림B&G,KOSDAQ,756.0,-60.3,0.7,False,False,False,0,D,0.0,0.0,0.0,0.0,트렌드 미통과,현재가>150MA:0|현재가>200MA:0|150MA>200MA:0|200MA상승중:0|현재가>50MA:0|52주저점+25%:0|52주고점-30%:0,,0.0,,
017510,세명전기,KOSDAQ,7500.0,-30.4,13.3,False,False,False,0,D,0.0,0.0,0.0,0.0,트렌드 미통과,현재가>150MA:0|현재가>200MA:0|150MA>200MA:0|200MA상승중:0|현재가>50MA:1|52주저점+25%:1|52주고점-30%:0,,0.0,,
011560,세보엠이씨,KOSDAQ,22950.0,11.3,12.0,True,False,False,48,D,0.0,0.0,0.0,0.0,핸들 기간 김(21일),현재가>150MA:1|현재가>200MA:1|150MA>200MA:1|200MA상승중:1|현재가>50MA:1|52주저점+25%:1|52주고점-30%:1,,0.0,,
396300,HT로보틱스,KOSDAQ,5520.0,58.0,170.7,True,False,False,64,C,0.0,0.0,0.0,0.0,컵 깊이 깊음(52.3%),현재가>150MA:1|현재가>200MA:1|150MA>200MA:1|200MA상승중:1|현재가>50MA:1|52주저점+25%:1|52주고점-30%:1,,0.0,,
100700,세운메디칼,KOSDAQ,2295.0,-20.8,3.4,False,False,False,0,D,0.0,0.0,0.0,0.0,트렌드 미통과,현재가>150MA:0|현재가>200MA:0|150MA>200MA:1|200MA상승중:0|현재가>50MA:0|52주저점+25%:0|52주고점-30%:1,,0.0,,
024830,세원물산,KOSDAQ,8420.0,-34.3,0.1,False,False,False,0,D,0.0,0.0,0.0,0.0,트렌드 미통과,현재가>150MA:0|현재가>200MA:0|150MA>200MA:0|200MA상승중:0|현재가>50MA:0|52주저점+25%:0|52주고점-30%:0,,0.0,,
258830,세종메디칼,KOSDAQ,412.0,-17.3,0.0,False,False,False,0,D,0.0,0.0,0.0,0.0,트렌드 미통과,현재가>150MA:0|현재가>200MA:0|150MA>200MA:0|200MA상승중:0|현재가>50MA:0|52주저점+25%:0|52주고점-30%:1,,0.0,,
036630,세종텔레콤,KOSDAQ,7760.0,-8.0,1.0,False,False,False,0,D,0.0,0.0,0.0,0.0,트렌드 미통과,현재가>150MA:0|현재가>200MA:0|150MA>200MA:0|200MA상승중:0|현재가>50MA:0|52주저점+25%:1|52주고점-30%:0,,0.0,,
039310,세중,KOSDAQ,1194.0,-25.9,0.4,False,False,False,0,D,0.0,0.0,0.0,0.0,트렌드 미통과,현재가>150MA:0|현재가>200MA:0|150MA>200MA:1|200MA상승중:0|현재가>50MA:0|52주저점+25%:1|52주고점-30%:0,,0.0,,
067770,세진티에스,KOSDAQ,1049.0,-61.6,2.3,False,False,False,0,D,0.0,0.0,0.0,0.0,트렌드 미통과,현재가>150MA:0|현재가>200MA:0|150MA>200MA:0|200MA상승중:1|현재가>50MA:0|52주저점+25%:0|52주고점-30%:0,,0.0,,
053450,세코닉스,KOSDAQ,3160.0,-46.9,0.8,False,False,False,0,D,0.0,0.0,0.0,0.0,트렌드 미통과,현재가>150MA:0|현재가>200MA:0|150MA>200MA:0|200MA상승중:0|현재가>50MA:0|52주저점+25%:0|52주고점-30%:0,,0.0,,
252500,세화피앤씨,KOSDAQ,2265.0,234.6,2.3,True,False,False,64,C,0.0,0.0,0.0,0.0,현재가 피벗 미달(-3.2%),현재가>150MA:1|현재가>200MA:1|150MA>200MA:1|200MA상승중:1|현재가>50MA:1|52주저점+25%:1|52주고점-30%:1,,0.0,,
321370,센서뷰,KOSDAQ,1681.0,-12.9,148.8,False,False,False,0,D,0.0,0.0,0.0,0.0,트렌드 미통과,현재가>150MA:0|현재가>200MA:0|150MA>200MA:1|200MA상승중:1|현재가>50MA:1|52주저점+25%:1|52주고점-30%:0,,0.0,,
347000,센코,KOSDAQ,1900.0,-19.6,0.8,False,False,False,0,D,0.0,0.0,0.0,0.0,트렌드 미통과,현재가>150MA:0|현재가>200MA:0|150MA>200MA:0|200MA상승중:0|현재가>50MA:1|52주저점+25%:1|52주고점-30%:1,,0.0,,
331920,셀레믹스,KOSDAQ,10670.0,92.9,6.9,False,False,False,0,D,0.0,0.0,0.0,0.0,트렌드 미통과,현재가>150MA:0|현재가>200MA:1|150MA>200MA:1|200MA상승중:1|현재가>50MA:0|52주저점+25%:1|52주고점-30%:0,,0.0,,
471820,셀로맥스사이언스,KOSDAQ,4030.0,-38.9,0.1,False,False,False,0,D,0.0,0.0,0.0,0.0,트렌드 미통과,현재가>150MA:0|현재가>200MA:0|150MA>200MA:0|200MA상승중:0|현재가>50MA:0|52주저점+25%:0|52주고점-30%:0,,0.0,,
049180,셀루메드,KOSDAQ,1009.0,-1.0,0.0,False,False,False,0,D,0.0,0.0,0.0,0.0,트렌드 미통과,현재가>150MA:0|현재가>200MA:0|150MA>200MA:0|200MA상승중:1|현재가>50MA:0|52주저점+25%:1|52주고점-30%:0,,0.0,,
299660,셀리드,KOSDAQ,2395.0,-22.2,49.1,False,False,False,0,D,0.0,0.0,0.0,0.0,트렌드 미통과,현재가>150MA:0|현재가>200MA:0|150MA>200MA:0|200MA상승중:0|현재가>50MA:1|52주저점+25%:1|52주고점-30%:0,,0.0,,
108860,셀바스AI,KOSDAQ,8740.0,-35.0,17.4,False,False,False,0,D,0.0,0.0,0.0,0.0,트렌드 미통과,현재가>150MA:0|현재가>200MA:0|150MA>200MA:0|200MA상승중:0|현재가>50MA:0|52주저점+25%:1|52주고점-30%:0,,0.0,,
208370,셀바스헬스케어,KOSDAQ,2880.0,-37.5,16.0,False,False,False,0,D,0.0,0.0,0.0,0.0,트렌드 미통과,현재가>150MA:0|현재가>200MA:0|150MA>200MA:0|200MA상승중:0|현재가>50MA:1|52주저점+25%:1|52주고점-30%:0,,0.0,,
318160,셀바이오휴먼텍,KOSDAQ,7020.0,-17.0,3.7,False,False,False,0,D,0.0,0.0,0.0,0.0,트렌드 미통과,현재가>150MA:1|현재가>200MA:0|150MA>200MA:0|200MA상승중:0|현재가>50MA:1|52주저점+25%:1|52주고점-30%:0,,0.0,,
308430,셀비온,KOSDAQ,14970.0,-45.0,3.9,False,False,False,0,D,0.0,0.0,0.0,0.0,트렌드 미통과,현재가>150MA:0|현재가>200MA:0|150MA>200MA:0|200MA상승중:0|현재가>50MA:1|52주저점+25%:1|52주고점-30%:0,,0.0,,
068760,셀트리온제약,KOSDAQ,38600.0,-41.4,30.9,False,False,False,0,D,0.0,0.0,0.0,0.0,트렌드 미통과,현재가>150MA:0|현재가>200MA:0|150MA>200MA:0|200MA상승중:0|현재가>50MA:0|52주저점+25%:0|52주고점-30%:0,,0.0,,
068940,셀피글로벌,KOSDAQ,778.0,-17.3,0.0,False,False,False,0,D,0.0,0.0,0.0,0.0,트렌드 미통과,현재가>150MA:0|현재가>200MA:0|150MA>200MA:0|200MA상승중:0|현재가>50MA:0|52주저점+25%:0|52주고점-30%:1,,0.0,,
060230,제이케이시냅스,KOSDAQ,1230.0,180.3,2.2,False,False,False,0,D,0.0,0.0,0.0,0.0,트렌드 미통과,현재가>150MA:1|현재가>200MA:0|150MA>200MA:0|200MA상승중:0|현재가>50MA:0|52주저점+25%:1|52주고점-30%:0,,0.0,,
290690,아리바이오홀딩스,KOSDAQ,3915.0,-34.5,23.1,False,False,False,0,D,0.0,0.0,0.0,0.0,트렌드 미통과,현재가>150MA:0|현재가>200MA:0|150MA>200MA:0|200MA상승중:0|현재가>50MA:0|52주저점+25%:1|52주고점-30%:0,,0.0,,
950200,소마젠,KOSDAQ,3035.0,-20.9,10.5,False,False,False,0,D,0.0,0.0,0.0,0.0,트렌드 미통과,현재가>150MA:0|현재가>200MA:0|150MA>200MA:0|200MA상승중:0|현재가>50MA:0|52주저점+25%:1|52주고점-30%:1,,0.0,,
032680,소프트센,KOSDAQ,1046.0,157.8,0.8,True,False,False,64,C,0.0,0.0,0.0,0.0,컵 기간 짧음(20일),현재가>150MA:1|현재가>200MA:1|150MA>200MA:1|200MA상승중:1|현재가>50MA:1|52주저점+25%:1|52주고점-30%:1,,0.0,,
032685,소프트센우,KOSDAQ,5840.0,-44.2,0.3,False,False,False,0,D,0.0,0.0,0.0,0.0,트렌드 미통과,현재가>150MA:0|현재가>200MA:0|150MA>200MA:1|200MA상승중:1|현재가>50MA:0|52주저점+25%:0|52주고점-30%:0,,0.0,,
258790,소프트캠프,KOSDAQ,7550.0,335.0,3.5,True,False,False,64,C,0.0,0.0,0.0,0.0,컵 기간 짧음(3일),현재가>150MA:1|현재가>200MA:1|150MA>200MA:1|200MA상승중:1|현재가>50MA:1|52주저점+25%:1|52주고점-30%:1,,0.0,,
066910,손오공,KOSDAQ,1783.0,67.3,0.4,False,False,False,0,D,0.0,0.0,0.0,0.0,트렌드 미통과,현재가>150MA:1|현재가>200MA:1|150MA>200MA:1|200MA상승중:1|현재가>50MA:0|52주저점+25%:1|52주고점-30%:0,,0.0,,
035610,솔본,KOSDAQ,5020.0,18.6,3.2,True,False,False,56,D,0.0,0.0,0.0,0.0,현재가 피벗 미달(-5.1%),현재가>150MA:1|현재가>200MA:1|150MA>200MA:1|200MA상승중:1|현재가>50MA:1|52주저점+25%:1|52주고점-30%:1,,0.0,,
357780,솔브레인,KOSDAQ,386500.0,7.6,96.8,False,False,False,0,D,0.0,0.0,0.0,0.0,트렌드 미통과,현재가>150MA:1|현재가>200MA:1|150MA>200MA:1|200MA상승중:1|현재가>50MA:1|52주저점+25%:1|52주고점-30%:1,,0.0,,
036830,솔브레인홀딩스,KOSDAQ,41550.0,-17.3,23.2,False,False,False,0,D,0.0,0.0,0.0,0.0,트렌드 미통과,현재가>150MA:0|현재가>200MA:0|150MA>200MA:1|200MA상승중:1|현재가>50MA:1|52주저점+25%:1|52주고점-30%:0,,0.0,,
304100,솔트룩스,KOSDAQ,14630.0,-42.5,11.6,False,False,False,0,D,0.0,0.0,0.0,0.0,트렌드 미통과,현재가>150MA:0|현재가>200MA:0|150MA>200MA:0|200MA상승중:0|현재가>50MA:0|52주저점+25%:1|52주고점-30%:0,,0.0,,
328380,솔트웨어,KOSDAQ,3875.0,208.3,3.9,True,False,False,64,C,0.0,0.0,0.0,0.0,컵 기간 짧음(16일),현재가>150MA:1|현재가>200MA:1|150MA>200MA:1|200MA상승중:1|현재가>50MA:1|52주저점+25%:1|52주고점-30%:1,,0.0,,
086980,쇼박스,KOSDAQ,1785.0,-41.5,1.4,False,False,False,0,D,0.0,0.0,0.0,0.0,트렌드 미통과,현재가>150MA:0|현재가>200MA:0|150MA>200MA:0|200MA상승중:0|현재가>50MA:0|52주저점+25%:0|52주고점-30%:0,,0.0,,
050960,수산아이앤티,KOSDAQ,8500.0,-18.5,0.2,False,False,False,0,D,0.0,0.0,0.0,0.0,트렌드 미통과,현재가>150MA:0|현재가>200MA:0|150MA>200MA:0|200MA상승중:0|현재가>50MA:0|52주저점+25%:0|52주고점-30%:1,,0.0,,
084180,수성웹툰,KOSDAQ,219.0,-93.6,7.4,False,False,False,0,D,0.0,0.0,0.0,0.0,트렌드 미통과,현재가>150MA:0|현재가>200MA:0|150MA>200MA:0|200MA상승중:0|현재가>50MA:0|52주저점+25%:1|52주고점-30%:0,,0.0,,
253840,수젠텍,KOSDAQ,4395.0,-27.1,11.1,False,False,False,0,D,0.0,0.0,0.0,0.0,트렌드 미통과,현재가>150MA:0|현재가>200MA:0|150MA>200MA:0|200MA상승중:0|현재가>50MA:1|52주저점+25%:0|52주고점-30%:0,,0.0,,
298830,슈어소프트테크,KOSDAQ,4100.0,-40.0,6.6,False,False,False,0,D,0.0,0.0,0.0,0.0,트렌드 미통과,현재가>150MA:0|현재가>200MA:0|150MA>200MA:0|200MA상승중:0|현재가>50MA:1|52주저점+25%:1|52주고점-30%:0,,0.0,,
236200,슈프리마,KOSDAQ,55800.0,18.3,12.0,True,False,False,56,D,0.0,0.0,0.0,0.0,핸들 기간 김(34일),현재가>150MA:1|현재가>200MA:1|150MA>200MA:1|200MA상승중:1|현재가>50MA:1|52주저점+25%:1|52주고점-30%:1,,0.0,,
094840,슈프리마에이치큐,KOSDAQ,12890.0,33.9,2.4,False,False,False,0,D,0.0,0.0,0.0,0.0,트렌드 미통과,현재가>150MA:1|현재가>200MA:1|150MA>200MA:1|200MA상승중:1|현재가>50MA:0|52주저점+25%:1|52주고점-30%:1,,0.0,,
192440,슈피겐코리아,KOSDAQ,29500.0,-1.4,1.2,False,False,False,0,D,0.0,0.0,0.0,0.0,트렌드 미통과,현재가>150MA:1|현재가>200MA:1|150MA>200MA:1|200MA상승중:1|현재가>50MA:0|52주저점+25%:1|52주고점-30%:1,,0.0,,
424960,스마트레이더시스템,KOSDAQ,3800.0,-52.6,0.6,False,False,False,0,D,0.0,0.0,0.0,0.0,트렌드 미통과,현재가>150MA:0|현재가>200MA:0|150MA>200MA:0|200MA상승중:0|현재가>50MA:1|52주저점+25%:1|52주고점-30%:0,,0.0,,
099440,스맥,KOSDAQ,3980.0,-15.2,12.6,False,False,False,0,D,0.0,0.0,0.0,0.0,트렌드 미통과,현재가>150MA:0|현재가>200MA:0|150MA>200MA:0|200MA상승중:0|현재가>50MA:1|52주저점+25%:1|52주고점-30%:0,,0.0,,
357880,SKAI,KOSDAQ,1824.0,-49.7,11.6,False,False,False,0,D,0.0,0.0,0.0,0.0,트렌드 미통과,현재가>150MA:0|현재가>200MA:0|150MA>200MA:1|200MA상승중:1|현재가>50MA:0|52주저점+25%:0|52주고점-30%:0,,0.0,,
276040,스코넥,KOSDAQ,327.0,-56.7,0.0,False,False,False,0,D,0.0,0.0,0.0,0.0,트렌드 미통과,현재가>150MA:0|현재가>200MA:0|150MA>200MA:0|200MA상승중:0|현재가>50MA:0|52주저점+25%:0|52주고점-30%:0,,0.0,,
159910,에코글로우,KOSDAQ,2980.0,174.0,0.2,False,False,False,0,D,0.0,0.0,0.0,0.0,트렌드 미통과,현재가>150MA:1|현재가>200MA:1|150MA>200MA:1|200MA상승중:1|현재가>50MA:0|52주저점+25%:1|52주고점-30%:1,,0.0,,
115570,스타플렉스,KOSDAQ,2730.0,-22.0,0.4,False,False,False,0,D,0.0,0.0,0.0,0.0,트렌드 미통과,현재가>150MA:1|현재가>200MA:0|150MA>200MA:0|200MA상승중:0|현재가>50MA:1|52주저점+25%:1|52주고점-30%:1,,0.0,,
330730,스톤브릿지벤처스,KOSDAQ,4605.0,-26.1,1.3,False,False,False,0,D,0.0,0.0,0.0,0.0,트렌드 미통과,현재가>150MA:0|현재가>200MA:0|150MA>200MA:0|200MA상승중:0|현재가>50MA:0|52주저점+25%:0|52주고점-30%:0,,0.0,,
352090,스톰테크,KOSDAQ,3670.0,-17.0,1.9,False,False,False,0,D,0.0,0.0,0.0,0.0,트렌드 미통과,현재가>150MA:1|현재가>200MA:1|150MA>200MA:1|200MA상승중:1|현재가>50MA:1|52주저점+25%:0|52주고점-30%:1,,0.0,,
253450,스튜디오드래곤,KOSDAQ,20650.0,-49.7,12.8,False,False,False,0,D,0.0,0.0,0.0,0.0,트렌드 미통과,현재가>150MA:0|현재가>200MA:0|150MA>200MA:0|200MA상승중:0|현재가>50MA:0|52주저점+25%:0|52주고점-30%:0,,0.0,,
408900,스튜디오미르,KOSDAQ,983.0,-64.5,0.9,False,False,False,0,D,0.0,0.0,0.0,0.0,트렌드 미통과,현재가>150MA:0|현재가>200MA:0|150MA>200MA:0|200MA상승중:0|현재가>50MA:0|52주저점+25%:0|52주고점-30%:0,,0.0,,
415380,스튜디오삼익,KOSDAQ,2115.0,-16.9,0.4,False,False,False,0,D,0.0,0.0,0.0,0.0,트렌드 미통과,현재가>150MA:1|현재가>200MA:1|150MA>200MA:0|200MA상승중:0|현재가>50MA:1|52주저점+25%:1|52주고점-30%:0,,0.0,,
013810,스페코,KOSDAQ,1540.0,-44.2,0.4,False,False,False,0,D,0.0,0.0,0.0,0.0,트렌드 미통과,현재가>150MA:0|현재가>200MA:0|150MA>200MA:0|200MA상승중:0|현재가>50MA:0|52주저점+25%:0|52주고점-30%:0,,0.0,,
049830,승일,KOSDAQ,6330.0,-32.1,0.1,False,False,False,0,D,0.0,0.0,0.0,0.0,트렌드 미통과,현재가>150MA:0|현재가>200MA:0|150MA>200MA:0|200MA상승중:0|현재가>50MA:0|52주저점+25%:0|52주고점-30%:0,,0.0,,
020710,시공테크,KOSDAQ,3630.0,-21.7,11.7,False,False,False,0,D,0.0,0.0,0.0,0.0,트렌드 미통과,현재가>150MA:0|현재가>200MA:0|150MA>200MA:0|200MA상승중:0|현재가>50MA:1|52주저점+25%:0|52주고점-30%:0,,0.0,,
033170,시그네틱스,KOSDAQ,2735.0,357.0,9.8,True,False,False,64,C,0.0,0.0,0.0,0.0,컵 깊이 깊음(67.8%),현재가>150MA:1|현재가>200MA:1|150MA>200MA:1|200MA상승중:1|현재가>50MA:1|52주저점+25%:1|52주고점-30%:1,,0.0,,
048870,시너지이노베이션,KOSDAQ,1608.0,-41.3,3.7,False,False,False,0,D,0.0,0.0,0.0,0.0,트렌드 미통과,현재가>150MA:0|현재가>200MA:0|150MA>200MA:0|200MA상승중:0|현재가>50MA:1|52주저점+25%:0|52주고점-30%:0,,0.0,,
025320,시노펙스,KOSDAQ,3820.0,-53.1,11.7,False,False,False,0,D,0.0,0.0,0.0,0.0,트렌드 미통과,현재가>150MA:0|현재가>200MA:0|150MA>200MA:0|200MA상승중:0|현재가>50MA:0|52주저점+25%:0|52주고점-30%:0,,0.0,,
056090,시지메드텍,KOSDAQ,1190.0,-29.7,4.5,False,False,False,0,D,0.0,0.0,0.0,0.0,트렌드 미통과,현재가>150MA:0|현재가>200MA:0|150MA>200MA:1|200MA상승중:1|현재가>50MA:1|52주저점+25%:1|52주고점-30%:0,,0.0,,
429270,시지트로닉스,KOSDAQ,3205.0,-49.0,5.3,False,False,False,0,D,0.0,0.0,0.0,0.0,트렌드 미통과,현재가>150MA:0|현재가>200MA:0|150MA>200MA:1|200MA상승중:0|현재가>50MA:0|52주저점+25%:0|52주고점-30%:0,,0.0,,
418250,시큐레터,KOSDAQ,6550.0,-17.3,0.0,False,False,False,0,D,0.0,0.0,0.0,0.0,트렌드 미통과,현재가>150MA:0|현재가>200MA:0|150MA>200MA:0|200MA상승중:0|현재가>50MA:0|52주저점+25%:0|52주고점-30%:1,,0.0,,
131090,시큐브,KOSDAQ,4330.0,-3.0,0.5,False,False,False,0,D,0.0,0.0,0.0,0.0,트렌드 미통과,현재가>150MA:1|현재가>200MA:1|150MA>200MA:1|200MA상승중:1|현재가>50MA:1|52주저점+25%:0|52주고점-30%:1,,0.0,,
232830,아이티센피엔에스,KOSDAQ,2730.0,9.8,36.4,False,False,False,0,D,0.0,0.0,0.0,0.0,트렌드 미통과,현재가>150MA:1|현재가>200MA:1|150MA>200MA:1|200MA상승중:1|현재가>50MA:1|52주저점+25%:1|52주고점-30%:0,,0.0,,
290520,신도기연,KOSDAQ,1570.0,-22.4,0.2,False,False,False,0,D,0.0,0.0,0.0,0.0,트렌드 미통과,현재가>150MA:0|현재가>200MA:0|150MA>200MA:1|200MA상승중:0|현재가>50MA:0|52주저점+25%:0|52주고점-30%:0,,0.0,,
001000,신라섬유,KOSDAQ,1709.0,-12.0,0.9,False,False,False,0,D,0.0,0.0,0.0,0.0,트렌드 미통과,현재가>150MA:1|현재가>200MA:1|150MA>200MA:0|200MA상승중:0|현재가>50MA:1|52주저점+25%:1|52주고점-30%:0,,0.0,,
025870,신라에스지,KOSDAQ,1059.0,-84.3,3.0,False,False,False,0,D,0.0,0.0,0.0,0.0,트렌드 미통과,현재가>150MA:0|현재가>200MA:0|150MA>200MA:0|200MA상승중:0|현재가>50MA:0|52주저점+25%:0|52주고점-30%:0,,0.0,,
215600,신라젠,KOSDAQ,2300.0,-41.7,19.5,False,False,False,0,D,0.0,0.0,0.0,0.0,트렌드 미통과,현재가>150MA:0|현재가>200MA:0|150MA>200MA:0|200MA상승중:0|현재가>50MA:1|52주저점+25%:0|52주고점-30%:0,,0.0,,
065350,신성델타테크,KOSDAQ,30650.0,-49.0,33.6,False,False,False,0,D,0.0,0.0,0.0,0.0,트렌드 미통과,현재가>150MA:0|현재가>200MA:0|150MA>200MA:0|200MA상승중:0|현재가>50MA:1|52주저점+25%:1|52주고점-30%:0,,0.0,,
416180,신성에스티,KOSDAQ,24850.0,-29.4,8.5,False,False,False,0,D,0.0,0.0,0.0,0.0,트렌드 미통과,현재가>150MA:0|현재가>200MA:0|150MA>200MA:0|200MA상승중:0|현재가>50MA:1|52주저점+25%:1|52주고점-30%:0,,0.0,,
162300,신스틸,KOSDAQ,2105.0,-1.6,134.5,True,False,False,32,D,0.0,0.0,0.0,0.0,핸들 깊이 깊음(26.4%),현재가>150MA:1|현재가>200MA:1|150MA>200MA:1|200MA상승중:1|현재가>50MA:1|52주저점+25%:1|52주고점-30%:1,,0.0,,
290560,파라택시스이더리움,KOSDAQ,1229.0,-52.7,3.7,False,False,False,0,D,0.0,0.0,0.0,0.0,트렌드 미통과,현재가>150MA:0|현재가>200MA:0|150MA>200MA:0|200MA상승중:0|현재가>50MA:1|52주저점+25%:1|52주고점-30%:0,,0.0,,
002800,신신제약,KOSDAQ,4425.0,-30.6,4.2,False,False,False,0,D,0.0,0.0,0.0,0.0,트렌드 미통과,현재가>150MA:0|현재가>200MA:0|150MA>200MA:0|200MA상승중:0|현재가>50MA:1|52주저점+25%:0|52주고점-30%:0,,0.0,,
017000,신원종합개발,KOSDAQ,2310.0,-30.7,0.6,False,False,False,0,D,0.0,0.0,0.0,0.0,트렌드 미통과,현재가>150MA:0|현재가>200MA:0|150MA>200MA:0|200MA상승중:0|현재가>50MA:0|52주저점+25%:0|52주고점-30%:0,,0.0,,
012790,신일제약,KOSDAQ,6120.0,-10.3,0.7,False,False,False,0,D,0.0,0.0,0.0,0.0,트렌드 미통과,현재가>150MA:1|현재가>200MA:1|150MA>200MA:0|200MA상승중:1|현재가>50MA:1|52주저점+25%:0|52주고점-30%:1,,0.0,,
138070,신진에스엠,KOSDAQ,1480.0,-17.1,0.1,False,False,False,0,D,0.0,0.0,0.0,0.0,트렌드 미통과,현재가>150MA:0|현재가>200MA:0|150MA>200MA:0|200MA상승중:0|현재가>50MA:0|52주저점+25%:1|52주고점-30%:0,,0.0,,
226330,신테카바이오,KOSDAQ,1334.0,-63.1,2.8,False,False,False,0,D,0.0,0.0,0.0,0.0,트렌드 미통과,현재가>150MA:0|현재가>200MA:0|150MA>200MA:0|200MA상승중:0|현재가>50MA:0|52주저점+25%:1|52주고점-30%:0,,0.0,,
474660,신한제12호스팩,KOSDAQ,2090.0,-16.8,0.4,False,False,False,0,D,0.0,0.0,0.0,0.0,트렌드 미통과,현재가>150MA:1|현재가>200MA:1|150MA>200MA:0|200MA상승중:0|현재가>50MA:1|52주저점+25%:0|52주고점-30%:1,,0.0,,
474930,신한제13호스팩,KOSDAQ,2090.0,-18.9,0.2,False,False,False,0,D,0.0,0.0,0.0,0.0,트렌드 미통과,현재가>150MA:0|현재가>200MA:0|150MA>200MA:0|200MA상승중:0|현재가>50MA:0|52주저점+25%:0|52주고점-30%:1,,0.0,,
487360,신한제14호스팩,KOSDAQ,2035.0,-17.4,0.2,False,False,False,0,D,0.0,0.0,0.0,0.0,트렌드 미통과,현재가>150MA:0|현재가>200MA:0|150MA>200MA:0|200MA상승중:0|현재가>50MA:1|52주저점+25%:0|52주고점-30%:1,,0.0,,
487830,신한제15호스팩,KOSDAQ,2035.0,-18.1,0.1,False,False,False,0,D,0.0,0.0,0.0,0.0,트렌드 미통과,현재가>150MA:0|현재가>200MA:0|150MA>200MA:0|200MA상승중:1|현재가>50MA:1|52주저점+25%:0|52주고점-30%:1,,0.0,,
056700,신화인터텍,KOSDAQ,1416.0,-34.0,0.5,False,False,False,0,D,0.0,0.0,0.0,0.0,트렌드 미통과,현재가>150MA:0|현재가>200MA:0|150MA>200MA:0|200MA상승중:0|현재가>50MA:0|52주저점+25%:0|52주고점-30%:1,,0.0,,
187270,신화콘텍,KOSDAQ,2815.0,-30.3,0.1,False,False,False,0,D,0.0,0.0,0.0,0.0,트렌드 미통과,현재가>150MA:0|현재가>200MA:0|150MA>200MA:0|200MA상승중:0|현재가>50MA:0|52주저점+25%:0|52주고점-30%:0,,0.0,,
243840,신흥에스이씨,KOSDAQ,5480.0,-16.5,10.2,False,False,False,0,D,0.0,0.0,0.0,0.0,트렌드 미통과,현재가>150MA:0|현재가>200MA:0|150MA>200MA:1|200MA상승중:1|현재가>50MA:1|52주저점+25%:1|52주고점-30%:0,,0.0,,
257720,실리콘투,KOSDAQ,38150.0,-12.5,387.2,False,False,False,0,D,0.0,0.0,0.0,0.0,트렌드 미통과,현재가>150MA:0|현재가>200MA:0|150MA>200MA:0|200MA상승중:1|현재가>50MA:0|52주저점+25%:1|52주고점-30%:1,,0.0,,
222800,심텍,KOSDAQ,152200.0,138.1,919.8,True,False,False,64,C,0.0,0.0,0.0,0.0,핸들 기간 짧음,현재가>150MA:1|현재가>200MA:1|150MA>200MA:1|200MA상승중:1|현재가>50MA:1|52주저점+25%:1|52주고점-30%:1,,0.0,,
036710,심텍홀딩스,KOSDAQ,4660.0,46.9,13.0,True,False,False,64,C,0.0,0.0,0.0,0.0,핸들 기간 짧음,현재가>150MA:1|현재가>200MA:1|150MA>200MA:1|200MA상승중:1|현재가>50MA:1|52주저점+25%:1|52주고점-30%:1,,0.0,,
160980,싸이맥스,KOSDAQ,26800.0,9.3,30.0,False,False,False,0,D,0.0,0.0,0.0,0.0,트렌드 미통과,현재가>150MA:0|현재가>200MA:1|150MA>200MA:1|200MA상승중:1|현재가>50MA:0|52주저점+25%:1|52주고점-30%:0,,0.0,,
356890,싸이버원,KOSDAQ,2525.0,-27.7,3.7,False,False,False,0,D,0.0,0.0,0.0,0.0,트렌드 미통과,현재가>150MA:0|현재가>200MA:0|150MA>200MA:0|200MA상승중:0|현재가>50MA:1|52주저점+25%:1|52주고점-30%:0,,0.0,,
217330,싸이토젠,KOSDAQ,3030.0,-32.6,1.6,False,False,False,0,D,0.0,0.0,0.0,0.0,트렌드 미통과,현재가>150MA:0|현재가>200MA:0|150MA>200MA:0|200MA상승중:0|현재가>50MA:0|52주저점+25%:1|52주고점-30%:0,,0.0,,
208640,썸에이지,KOSDAQ,809.0,93.2,4.8,False,False,False,0,D,0.0,0.0,0.0,0.0,트렌드 미통과,현재가>150MA:1|현재가>200MA:1|150MA>200MA:1|200MA상승중:1|현재가>50MA:0|52주저점+25%:1|52주고점-30%:0,,0.0,,
222420,쎄노텍,KOSDAQ,904.0,-24.8,2.3,False,False,False,0,D,0.0,0.0,0.0,0.0,트렌드 미통과,현재가>150MA:0|현재가>200MA:0|150MA>200MA:1|200MA상승중:1|현재가>50MA:1|52주저점+25%:0|52주고점-30%:0,,0.0,,
037760,쎄니트,KOSDAQ,2400.0,2.3,0.6,True,False,False,32,D,0.0,0.0,0.0,0.0,컵 깊이 얕음(3.6%),현재가>150MA:1|현재가>200MA:1|150MA>200MA:1|200MA상승중:1|현재가>50MA:1|52주저점+25%:1|52주고점-30%:1,,0.0,,
099320,쎄트렉아이,KOSDAQ,78900.0,-20.0,32.2,False,False,False,0,D,0.0,0.0,0.0,0.0,트렌드 미통과,현재가>150MA:0|현재가>200MA:0|150MA>200MA:1|200MA상승중:1|현재가>50MA:1|52주저점+25%:1|52주고점-30%:0,,0.0,,
049960,쎌바이오텍,KOSDAQ,14990.0,-12.7,1.1,False,False,False,0,D,0.0,0.0,0.0,0.0,트렌드 미통과,현재가>150MA:0|현재가>200MA:1|150MA>200MA:1|200MA상승중:1|현재가>50MA:0|52주저점+25%:1|52주고점-30%:1,,0.0,,
088280,쏘닉스,KOSDAQ,3140.0,3.4,3.9,False,False,False,0,D,0.0,0.0,0.0,0.0,트렌드 미통과,현재가>150MA:0|현재가>200MA:1|150MA>200MA:1|200MA상승중:1|현재가>50MA:1|52주저점+25%:1|52주고점-30%:0,,0.0,,
050890,쏠리드,KOSDAQ,9490.0,-17.0,121.1,False,False,False,0,D,0.0,0.0,0.0,0.0,트렌드 미통과,현재가>150MA:0|현재가>200MA:0|150MA>200MA:1|200MA상승중:1|현재가>50MA:1|52주저점+25%:1|52주고점-30%:0,,0.0,,
394800,쓰리빌리언,KOSDAQ,6630.0,-39.3,46.2,False,False,False,0,D,0.0,0.0,0.0,0.0,트렌드 미통과,현재가>150MA:0|현재가>200MA:0|150MA>200MA:0|200MA상승중:0|현재가>50MA:1|52주저점+25%:1|52주고점-30%:0,,0.0,,
177900,쓰리에이로직스,KOSDAQ,3640.0,-53.5,0.6,False,False,False,0,D,0.0,0.0,0.0,0.0,트렌드 미통과,현재가>150MA:0|현재가>200MA:0|150MA>200MA:0|200MA상승중:0|현재가>50MA:0|52주저점+25%:0|52주고점-30%:0,,0.0,,
475400,씨메스로보틱스,KOSDAQ,18350.0,-45.4,18.7,False,False,False,0,D,0.0,0.0,0.0,0.0,트렌드 미통과,현재가>150MA:0|현재가>200MA:0|150MA>200MA:0|200MA상승중:0|현재가>50MA:0|52주저점+25%:1|52주고점-30%:0,,0.0,,
109670,씨싸이트,KOSDAQ,16730.0,259.3,9.9,False,False,False,0,D,0.0,0.0,0.0,0.0,트렌드 미통과,현재가>150MA:1|현재가>200MA:1|150MA>200MA:0|200MA상승중:1|현재가>50MA:1|52주저점+25%:1|52주고점-30%:1,,0.0,,
066790,씨씨에스,KOSDAQ,2205.0,30.4,0.0,True,False,False,64,C,0.0,0.0,0.0,0.0,컵 깊이 얕음(0.0%),현재가>150MA:1|현재가>200MA:1|150MA>200MA:1|200MA상승중:1|현재가>50MA:1|52주저점+25%:1|52주고점-30%:1,,0.0,,
222080,SFA넥셀,KOSDAQ,7500.0,-29.5,28.3,False,False,False,0,D,0.0,0.0,0.0,0.0,트렌드 미통과,현재가>150MA:0|현재가>200MA:0|150MA>200MA:1|200MA상승중:1|현재가>50MA:0|52주저점+25%:1|52주고점-30%:0,,0.0,,
352480,씨앤씨인터내셔널,KOSDAQ,21150.0,-39.0,3.0,False,False,False,0,D,0.0,0.0,0.0,0.0,트렌드 미통과,현재가>150MA:0|현재가>200MA:0|150MA>200MA:0|200MA상승중:0|현재가>50MA:1|52주저점+25%:1|52주고점-30%:0,,0.0,,
264660,씨앤지하이테크,KOSDAQ,14420.0,-17.9,3.1,False,False,False,0,D,0.0,0.0,0.0,0.0,트렌드 미통과,현재가>150MA:0|현재가>200MA:0|150MA>200MA:0|200MA상승중:0|현재가>50MA:1|52주저점+25%:1|52주고점-30%:0,,0.0,,
352700,씨앤투스,KOSDAQ,1455.0,-34.6,0.3,False,False,False,0,D,0.0,0.0,0.0,0.0,트렌드 미통과,현재가>150MA:0|현재가>200MA:0|150MA>200MA:0|200MA상승중:0|현재가>50MA:1|52주저점+25%:0|52주고점-30%:0,,0.0,,
458870,씨어스,KOSDAQ,25600.0,-68.4,41.8,False,False,False,0,D,0.0,0.0,0.0,0.0,트렌드 미통과,현재가>150MA:0|현재가>200MA:0|150MA>200MA:0|200MA상승중:0|현재가>50MA:1|52주저점+25%:0|52주고점-30%:0,,0.0,,
297090,씨에스베어링,KOSDAQ,4555.0,-37.3,4.7,False,False,False,0,D,0.0,0.0,0.0,0.0,트렌드 미통과,현재가>150MA:0|현재가>200MA:0|150MA>200MA:0|200MA상승중:0|현재가>50MA:1|52주저점+25%:1|52주고점-30%:0,,0.0,,
900120,씨엑스아이,KOSDAQ,1040.0,49.7,0.0,True,False,False,64,C,0.0,0.0,0.0,0.0,핸들 기간 김(61일),현재가>150MA:1|현재가>200MA:1|150MA>200MA:1|200MA상승중:1|현재가>50MA:1|52주저점+25%:1|52주고점-30%:1,,0.0,,
359090,씨엔알리서치,KOSDAQ,2345.0,206.8,0.2,True,False,False,64,C,0.0,0.0,0.0,0.0,컵 깊이 깊음(50.2%),현재가>150MA:1|현재가>200MA:1|150MA>200MA:1|200MA상승중:1|현재가>50MA:1|52주저점+25%:1|52주고점-30%:1,,0.0,,
115530,씨엔플러스,KOSDAQ,3155.0,502.1,1.3,True,False,False,64,C,0.0,0.0,0.0,0.0,컵 기간 짧음(16일),현재가>150MA:1|현재가>200MA:1|150MA>200MA:1|200MA상승중:1|현재가>50MA:1|52주저점+25%:1|52주고점-30%:1,,0.0,,
115480,씨유메디칼,KOSDAQ,2250.0,173.7,0.3,True,False,False,64,C,0.0,0.0,0.0,0.0,컵 기간 짧음(12일),현재가>150MA:1|현재가>200MA:1|150MA>200MA:1|200MA상승중:1|현재가>50MA:1|52주저점+25%:1|52주고점-30%:1,,0.0,,
340810,시선AI,KOSDAQ,3770.0,16.2,13.6,False,False,False,0,D,0.0,0.0,0.0,0.0,트렌드 미통과,현재가>150MA:1|현재가>200MA:1|150MA>200MA:0|200MA상승중:1|현재가>50MA:1|52주저점+25%:1|52주고점-30%:1,,0.0,,
376290,씨유테크,KOSDAQ,2875.0,-8.4,0.2,False,False,False,0,D,0.0,0.0,0.0,0.0,트렌드 미통과,현재가>150MA:1|현재가>200MA:1|150MA>200MA:0|200MA상승중:0|현재가>50MA:1|52주저점+25%:1|52주고점-30%:1,,0.0,,
189330,씨이랩,KOSDAQ,10460.0,64.9,34.9,False,False,False,0,D,0.0,0.0,0.0,0.0,트렌드 미통과,현재가>150MA:1|현재가>200MA:1|150MA>200MA:1|200MA상승중:1|현재가>50MA:0|52주저점+25%:1|52주고점-30%:0,,0.0,,
096530,씨젠,KOSDAQ,33700.0,10.4,90.6,True,False,False,48,D,0.0,0.0,0.0,0.0,컵 기간 짧음(32일),현재가>150MA:1|현재가>200MA:1|150MA>200MA:1|200MA상승중:1|현재가>50MA:1|52주저점+25%:1|52주고점-30%:1,,0.0,,
101240,씨큐브,KOSDAQ,3335.0,-25.7,0.4,False,False,False,0,D,0.0,0.0,0.0,0.0,트렌드 미통과,현재가>150MA:0|현재가>200MA:0|150MA>200MA:0|200MA상승중:0|현재가>50MA:1|52주저점+25%:0|52주고점-30%:0,,0.0,,
060590,씨티씨바이오,KOSDAQ,3060.0,-40.7,0.9,False,False,False,0,D,0.0,0.0,0.0,0.0,트렌드 미통과,현재가>150MA:0|현재가>200MA:0|150MA>200MA:0|200MA상승중:0|현재가>50MA:1|52주저점+25%:0|52주고점-30%:0,,0.0,,
260930,씨티케이,KOSDAQ,2280.0,-52.0,0.6,False,False,False,0,D,0.0,0.0,0.0,0.0,트렌드 미통과,현재가>150MA:0|현재가>200MA:0|150MA>200MA:0|200MA상승중:0|현재가>50MA:0|52주저점+25%:0|52주고점-30%:0,,0.0,,
413630,씨피시스템,KOSDAQ,4050.0,6.6,167.9,False,False,False,0,D,0.0,0.0,0.0,0.0,트렌드 미통과,현재가>150MA:1|현재가>200MA:1|150MA>200MA:0|200MA상승중:0|현재가>50MA:1|52주저점+25%:1|52주고점-30%:1,,0.0,,
013990,아가방컴퍼니,KOSDAQ,4865.0,-2.2,2.1,False,False,False,0,D,0.0,0.0,0.0,0.0,트렌드 미통과,현재가>150MA:1|현재가>200MA:1|150MA>200MA:1|200MA상승중:1|현재가>50MA:1|52주저점+25%:1|52주고점-30%:1,,0.0,,
123860,아나패스,KOSDAQ,13160.0,-37.5,1.6,False,False,False,0,D,0.0,0.0,0.0,0.0,트렌드 미통과,현재가>150MA:0|현재가>200MA:0|150MA>200MA:0|200MA상승중:0|현재가>50MA:0|52주저점+25%:0|52주고점-30%:0,,0.0,,
025980,아난티,KOSDAQ,4675.0,-36.1,158.0,False,False,False,0,D,0.0,0.0,0.0,0.0,트렌드 미통과,현재가>150MA:0|현재가>200MA:0|150MA>200MA:0|200MA상승중:0|현재가>50MA:1|52주저점+25%:1|52주고점-30%:0,,0.0,,
125210,아모그린텍,KOSDAQ,6130.0,-24.5,14.0,False,False,False,0,D,0.0,0.0,0.0,0.0,트렌드 미통과,현재가>150MA:0|현재가>200MA:0|150MA>200MA:1|200MA상승중:0|현재가>50MA:1|52주저점+25%:1|52주고점-30%:0,,0.0,,
357580,아모센스,KOSDAQ,7190.0,-33.9,22.2,False,False,False,0,D,0.0,0.0,0.0,0.0,트렌드 미통과,현재가>150MA:0|현재가>200MA:0|150MA>200MA:1|200MA상승중:0|현재가>50MA:1|52주저점+25%:1|52주고점-30%:0,,0.0,,
052710,아모텍,KOSDAQ,18940.0,16.0,171.8,False,False,False,0,D,0.0,0.0,0.0,0.0,트렌드 미통과,현재가>150MA:1|현재가>200MA:1|150MA>200MA:1|200MA상승중:1|현재가>50MA:1|52주저점+25%:1|52주고점-30%:0,,0.0,,
074430,아미노로직스,KOSDAQ,1063.0,-19.2,1.5,False,False,False,0,D,0.0,0.0,0.0,0.0,트렌드 미통과,현재가>150MA:0|현재가>200MA:0|150MA>200MA:0|200MA상승중:1|현재가>50MA:0|52주저점+25%:0|52주고점-30%:0,,0.0,,
092040,아미코젠,KOSDAQ,965.0,-68.5,4.4,False,False,False,0,D,0.0,0.0,0.0,0.0,트렌드 미통과,현재가>150MA:0|현재가>200MA:0|150MA>200MA:0|200MA상승중:0|현재가>50MA:0|52주저점+25%:0|52주고점-30%:0,,0.0,,
083930,아바코,KOSDAQ,12350.0,-21.6,3.3,False,False,False,0,D,0.0,0.0,0.0,0.0,트렌드 미통과,현재가>150MA:0|현재가>200MA:0|150MA>200MA:0|200MA상승중:0|현재가>50MA:1|52주저점+25%:1|52주고점-30%:1,,0.0,,
149950,아바텍,KOSDAQ,12760.0,10.3,20.6,False,False,False,0,D,0.0,0.0,0.0,0.0,트렌드 미통과,현재가>150MA:1|현재가>200MA:1|150MA>200MA:1|200MA상승중:1|현재가>50MA:1|52주저점+25%:1|52주고점-30%:1,,0.0,,
036010,아비코전자,KOSDAQ,7640.0,-22.0,8.2,False,False,False,0,D,0.0,0.0,0.0,0.0,트렌드 미통과,현재가>150MA:0|현재가>200MA:0|150MA>200MA:1|200MA상승중:0|현재가>50MA:1|52주저점+25%:1|52주고점-30%:0,,0.0,,
050860,아세아텍,KOSDAQ,1681.0,-30.0,0.3,False,False,False,0,D,0.0,0.0,0.0,0.0,트렌드 미통과,현재가>150MA:0|현재가>200MA:0|150MA>200MA:0|200MA상승중:0|현재가>50MA:1|52주저점+25%:0|52주고점-30%:1,,0.0,,
136410,아셈스,KOSDAQ,3690.0,-66.2,0.9,False,False,False,0,D,0.0,0.0,0.0,0.0,트렌드 미통과,현재가>150MA:0|현재가>200MA:0|150MA>200MA:0|200MA상승중:0|현재가>50MA:0|52주저점+25%:0|52주고점-30%:0,,0.0,,
246720,아스타,KOSDAQ,6070.0,-24.0,0.0,False,False,False,0,D,0.0,0.0,0.0,0.0,트렌드 미통과,현재가>150MA:0|현재가>200MA:0|150MA>200MA:0|200MA상승중:0|현재가>50MA:0|52주저점+25%:0|52주고점-30%:0,,0.0,,
450950,아스테라시스,KOSDAQ,5600.0,-57.4,1.1,False,False,False,0,D,0.0,0.0,0.0,0.0,트렌드 미통과,현재가>150MA:0|현재가>200MA:0|150MA>200MA:0|200MA상승중:0|현재가>50MA:1|52주저점+25%:0|52주고점-30%:0,,0.0,,
067390,아스트,KOSDAQ,5960.0,920.4,5.5,True,False,False,64,C,0.0,0.0,0.0,0.0,컵 깊이 깊음(55.4%),현재가>150MA:1|현재가>200MA:1|150MA>200MA:1|200MA상승중:1|현재가>50MA:1|52주저점+25%:1|52주고점-30%:1,,0.0,,
159010,아스플로,KOSDAQ,29250.0,349.4,50.8,True,False,False,64,C,0.0,0.0,0.0,0.0,컵 깊이 얕음(4.8%),현재가>150MA:1|현재가>200MA:1|150MA>200MA:1|200MA상승중:1|현재가>50MA:1|52주저점+25%:1|52주고점-30%:1,,0.0,,
127710,아시아경제,KOSDAQ,1379.0,22.0,0.9,False,False,False,0,D,0.0,0.0,0.0,0.0,트렌드 미통과,현재가>150MA:1|현재가>200MA:1|150MA>200MA:1|200MA상승중:1|현재가>50MA:1|52주저점+25%:1|52주고점-30%:1,,0.0,,
154030,아시아종묘,KOSDAQ,1562.0,-33.9,0.3,False,False,False,0,D,0.0,0.0,0.0,0.0,트렌드 미통과,현재가>150MA:0|현재가>200MA:0|150MA>200MA:0|200MA상승중:0|현재가>50MA:0|52주저점+25%:0|52주고점-30%:0,,0.0,,
227610,아우딘퓨쳐스,KOSDAQ,1005.0,9.7,0.4,False,False,False,0,D,0.0,0.0,0.0,0.0,트렌드 미통과,현재가>150MA:1|현재가>200MA:1|150MA>200MA:1|200MA상승중:1|현재가>50MA:0|52주저점+25%:1|52주고점-30%:0,,0.0,,
143160,아이디스,KOSDAQ,15940.0,-21.6,0.6,False,False,False,0,D,0.0,0.0,0.0,0.0,트렌드 미통과,현재가>150MA:0|현재가>200MA:0|150MA>200MA:0|200MA상승중:0|현재가>50MA:1|52주저점+25%:0|52주고점-30%:1,,0.0,,
054800,아이디스홀딩스,KOSDAQ,14680.0,-8.6,0.3,False,False,False,0,D,0.0,0.0,0.0,0.0,트렌드 미통과,현재가>150MA:0|현재가>200MA:1|150MA>200MA:1|200MA상승중:1|현재가>50MA:0|52주저점+25%:1|52주고점-30%:1,,0.0,,
332370,아이디피,KOSDAQ,5320.0,-16.7,0.1,False,False,False,0,D,0.0,0.0,0.0,0.0,트렌드 미통과,현재가>150MA:1|현재가>200MA:1|150MA>200MA:1|200MA상승중:1|현재가>50MA:0|52주저점+25%:0|52주고점-30%:1,,0.0,,
339950,아이비김영,KOSDAQ,2390.0,-9.8,1.2,False,False,False,0,D,0.0,0.0,0.0,0.0,트렌드 미통과,현재가>150MA:0|현재가>200MA:0|150MA>200MA:1|200MA상승중:1|현재가>50MA:0|52주저점+25%:1|52주고점-30%:1,,0.0,,
469750,아이비젼웍스,KOSDAQ,991.0,-27.9,0.3,False,False,False,0,D,0.0,0.0,0.0,0.0,트렌드 미통과,현재가>150MA:0|현재가>200MA:0|150MA>200MA:0|200MA상승중:0|현재가>50MA:1|52주저점+25%:1|52주고점-30%:0,,0.0,,
460470,아이빔테크놀로지,KOSDAQ,2835.0,-27.5,0.6,False,False,False,0,D,0.0,0.0,0.0,0.0,트렌드 미통과,현재가>150MA:0|현재가>200MA:0|150MA>200MA:1|200MA상승중:0|현재가>50MA:0|52주저점+25%:0|52주고점-30%:0,,0.0,,
099190,아이센스,KOSDAQ,15850.0,-24.2,6.0,False,False,False,0,D,0.0,0.0,0.0,0.0,트렌드 미통과,현재가>150MA:0|현재가>200MA:0|150MA>200MA:1|200MA상승중:0|현재가>50MA:0|52주저점+25%:0|52주고점-30%:0,,0.0,,
461300,아이스크림미디어,KOSDAQ,18520.0,-12.7,4.5,True,False,False,32,D,0.0,0.0,0.0,0.0,핸들 기간 김(21일),현재가>150MA:1|현재가>200MA:1|150MA>200MA:1|200MA상승중:1|현재가>50MA:1|52주저점+25%:1|52주고점-30%:1,,0.0,,
289010,아이스크림에듀,KOSDAQ,870.0,-48.5,2.7,False,False,False,0,D,0.0,0.0,0.0,0.0,트렌드 미통과,현재가>150MA:0|현재가>200MA:0|150MA>200MA:0|200MA상승중:0|현재가>50MA:0|52주저점+25%:0|52주고점-30%:0,,0.0,,
214430,아이쓰리시스템,KOSDAQ,68200.0,-23.5,10.7,False,False,False,0,D,0.0,0.0,0.0,0.0,트렌드 미통과,현재가>150MA:0|현재가>200MA:0|150MA>200MA:0|200MA상승중:0|현재가>50MA:1|52주저점+25%:1|52주고점-30%:0,,0.0,,
040910,아이씨디,KOSDAQ,4080.0,-21.2,0.3,False,False,False,0,D,0.0,0.0,0.0,0.0,트렌드 미통과,현재가>150MA:0|현재가>200MA:0|150MA>200MA:1|200MA상승중:1|현재가>50MA:0|52주저점+25%:0|52주고점-30%:0,,0.0,,
368600,아이씨에이치,KOSDAQ,956.0,-0.9,25.4,False,False,False,0,D,0.0,0.0,0.0,0.0,트렌드 미통과,현재가>150MA:1|현재가>200MA:0|150MA>200MA:0|200MA상승중:0|현재가>50MA:1|52주저점+25%:1|52주고점-30%:0,,0.0,,
456010,아이씨티케이,KOSDAQ,23950.0,39.2,205.3,False,False,False,0,D,0.0,0.0,0.0,0.0,트렌드 미통과,현재가>150MA:1|현재가>200MA:1|150MA>200MA:1|200MA상승중:1|현재가>50MA:1|52주저점+25%:1|52주고점-30%:0,,0.0,,
052860,아이앤씨,KOSDAQ,7960.0,132.0,7.2,True,False,False,64,C,0.0,0.0,0.0,0.0,핸들 기간 짧음,현재가>150MA:1|현재가>200MA:1|150MA>200MA:1|200MA상승중:1|현재가>50MA:1|52주저점+25%:1|52주고점-30%:1,,0.0,,
464500,아이언디바이스,KOSDAQ,1678.0,-51.0,0.6,False,False,False,0,D,0.0,0.0,0.0,0.0,트렌드 미통과,현재가>150MA:0|현재가>200MA:0|150MA>200MA:0|200MA상승중:0|현재가>50MA:0|52주저점+25%:0|52주고점-30%:0,,0.0,,
212710,아이에스티이,KOSDAQ,7190.0,-32.4,3.7,False,False,False,0,D,0.0,0.0,0.0,0.0,트렌드 미통과,현재가>150MA:0|현재가>200MA:0|150MA>200MA:0|200MA상승중:0|현재가>50MA:0|52주저점+25%:0|52주고점-30%:0,,0.0,,
038880,아이에이,KOSDAQ,3335.0,1199.4,0.6,False,False,False,0,D,0.0,0.0,0.0,0.0,트렌드 미통과,현재가>150MA:1|현재가>200MA:1|150MA>200MA:1|200MA상승중:1|현재가>50MA:0|52주저점+25%:1|52주고점-30%:1,,0.0,,
307180,아이엘,KOSDAQ,5700.0,28.5,15.0,False,False,False,0,D,0.0,0.0,0.0,0.0,트렌드 미통과,현재가>150MA:0|현재가>200MA:1|150MA>200MA:1|200MA상승중:1|현재가>50MA:1|52주저점+25%:1|52주고점-30%:0,,0.0,,
461030,아이엠비디엑스,KOSDAQ,2710.0,-67.7,0.6,False,False,False,0,D,0.0,0.0,0.0,0.0,트렌드 미통과,현재가>150MA:0|현재가>200MA:0|150MA>200MA:0|200MA상승중:0|현재가>50MA:0|52주저점+25%:0|52주고점-30%:0,,0.0,,
451220,아이엠티,KOSDAQ,8490.0,-41.2,2.2,False,False,False,0,D,0.0,0.0,0.0,0.0,트렌드 미통과,현재가>150MA:0|현재가>200MA:0|150MA>200MA:1|200MA상승중:0|현재가>50MA:0|52주저점+25%:0|52주고점-30%:0,,0.0,,
090150,아이윈,KOSDAQ,5850.0,799.3,0.7,True,False,False,64,C,0.0,0.0,0.0,0.0,컵 깊이 깊음(53.5%),현재가>150MA:1|현재가>200MA:1|150MA>200MA:1|200MA상승중:1|현재가>50MA:1|52주저점+25%:1|52주고점-30%:1,,0.0,,
123010,MSDI,KOSDAQ,3665.0,168.5,6.0,True,False,False,64,C,0.0,0.0,0.0,0.0,핸들 기간 짧음,현재가>150MA:1|현재가>200MA:1|150MA>200MA:1|200MA상승중:1|현재가>50MA:1|52주저점+25%:1|52주고점-30%:1,,0.0,,
031310,아이즈비전,KOSDAQ,943.0,-44.1,0.5,False,False,False,0,D,0.0,0.0,0.0,0.0,트렌드 미통과,현재가>150MA:0|현재가>200MA:0|150MA>200MA:0|200MA상승중:0|현재가>50MA:0|52주저점+25%:0|52주고점-30%:0,,0.0,,
462980,아이지넷,KOSDAQ,1630.0,-24.0,0.5,False,False,False,0,D,0.0,0.0,0.0,0.0,트렌드 미통과,현재가>150MA:0|현재가>200MA:0|150MA>200MA:0|200MA상승중:0|현재가>50MA:1|52주저점+25%:1|52주고점-30%:0,,0.0,,
185490,아이진,KOSDAQ,1923.0,5.3,2.1,False,False,False,0,D,0.0,0.0,0.0,0.0,트렌드 미통과,현재가>150MA:1|현재가>200MA:1|150MA>200MA:0|200MA상승중:1|현재가>50MA:1|52주저점+25%:1|52주고점-30%:0,,0.0,,
059100,아이컴포넌트,KOSDAQ,6910.0,20.0,2.0,True,True,False,67,C,6970.0,39.5,8.3,0.7,거래량 미충족,현재가>150MA:1|현재가>200MA:1|150MA>200MA:1|200MA상승중:1|현재가>50MA:1|52주저점+25%:1|52주고점-30%:1,safe,-0.9,135.0,18.0
262840,아이퀘스트,KOSDAQ,2865.0,12.4,0.5,True,False,False,48,D,0.0,0.0,0.0,0.0,컵 깊이 얕음(13.9%),현재가>150MA:1|현재가>200MA:1|150MA>200MA:1|200MA상승중:1|현재가>50MA:1|52주저점+25%:1|52주고점-30%:1,,0.0,,
175250,아이큐어,KOSDAQ,1669.0,-40.4,10.5,False,False,False,0,D,0.0,0.0,0.0,0.0,트렌드 미통과,현재가>150MA:0|현재가>200MA:0|150MA>200MA:0|200MA상승중:0|현재가>50MA:0|52주저점+25%:0|52주고점-30%:1,,0.0,,
052460,아이크래프트,KOSDAQ,6320.0,111.9,21.1,True,False,False,64,C,0.0,0.0,0.0,0.0,핸들 기간 김(28일),현재가>150MA:1|현재가>200MA:1|150MA>200MA:1|200MA상승중:1|현재가>50MA:1|52주저점+25%:1|52주고점-30%:1,,0.0,,
119830,아이텍,KOSDAQ,6190.0,-17.2,9.6,False,False,False,0,D,0.0,0.0,0.0,0.0,트렌드 미통과,현재가>150MA:0|현재가>200MA:0|150MA>200MA:1|200MA상승중:1|현재가>50MA:1|52주저점+25%:1|52주고점-30%:0,,0.0,,
052770,아이톡시,KOSDAQ,312.0,-19.5,0.0,False,False,False,0,D,0.0,0.0,0.0,0.0,트렌드 미통과,현재가>150MA:0|현재가>200MA:0|150MA>200MA:0|200MA상승중:0|현재가>50MA:0|52주저점+25%:1|52주고점-30%:0,,0.0,,
124500,아이티센글로벌,KOSDAQ,28600.0,-0.4,116.3,False,False,False,0,D,0.0,0.0,0.0,0.0,트렌드 미통과,현재가>150MA:0|현재가>200MA:0|150MA>200MA:1|200MA상승중:1|현재가>50MA:1|52주저점+25%:1|52주고점-30%:0,,0.0,,
010280,아이티센엔텍,KOSDAQ,5140.0,217.0,1.2,False,False,False,0,D,0.0,0.0,0.0,0.0,트렌드 미통과,현재가>150MA:1|현재가>200MA:1|150MA>200MA:1|200MA상승중:1|현재가>50MA:1|52주저점+25%:1|52주고점-30%:0,,0.0,,
372800,아이티아이즈,KOSDAQ,3090.0,-6.8,0.8,False,False,False,0,D,0.0,0.0,0.0,0.0,트렌드 미통과,현재가>150MA:0|현재가>200MA:0|150MA>200MA:0|200MA상승중:0|현재가>50MA:1|52주저점+25%:1|52주고점-30%:0,,0.0,,
084850,아이티엠반도체,KOSDAQ,8190.0,-41.1,1.2,False,False,False,0,D,0.0,0.0,0.0,0.0,트렌드 미통과,현재가>150MA:0|현재가>200MA:0|150MA>200MA:1|200MA상승중:0|현재가>50MA:0|52주저점+25%:0|52주고점-30%:0,,0.0,,
114840,아이패밀리에스씨,KOSDAQ,8200.0,-42.7,3.4,False,False,False,0,D,0.0,0.0,0.0,0.0,트렌드 미통과,현재가>150MA:0|현재가>200MA:0|150MA>200MA:0|200MA상승중:0|현재가>50MA:0|52주저점+25%:0|52주고점-30%:0,,0.0,,
027360,아주IB투자,KOSDAQ,3830.0,-19.8,132.3,False,False,False,0,D,0.0,0.0,0.0,0.0,트렌드 미통과,현재가>150MA:0|현재가>200MA:0|150MA>200MA:1|200MA상승중:1|현재가>50MA:1|52주저점+25%:1|52주고점-30%:0,,0.0,,
032080,아즈텍WB,KOSDAQ,1010.0,-35.5,0.1,False,False,False,0,D,0.0,0.0,0.0,0.0,트렌드 미통과,현재가>150MA:0|현재가>200MA:0|150MA>200MA:0|200MA상승중:0|현재가>50MA:0|52주저점+25%:0|52주고점-30%:1,,0.0,,
013310,아진산업,KOSDAQ,2290.0,-39.5,1.9,False,False,False,0,D,0.0,0.0,0.0,0.0,트렌드 미통과,현재가>150MA:0|현재가>200MA:0|150MA>200MA:0|200MA상승중:0|현재가>50MA:0|52주저점+25%:0|52주고점-30%:0,,0.0,,
059120,아진엑스텍,KOSDAQ,7400.0,-9.5,64.6,False,False,False,0,D,0.0,0.0,0.0,0.0,트렌드 미통과,현재가>150MA:1|현재가>200MA:0|150MA>200MA:0|200MA상승중:0|현재가>50MA:1|52주저점+25%:1|52주고점-30%:0,,0.0,,
158430,아톤,KOSDAQ,5350.0,-21.0,114.9,False,False,False,0,D,0.0,0.0,0.0,0.0,트렌드 미통과,현재가>150MA:0|현재가>200MA:0|150MA>200MA:0|200MA상승중:0|현재가>50MA:1|52주저점+25%:1|52주고점-30%:0,,0.0,,
200350,아티스트스튜디오,KOSDAQ,2935.0,-34.9,4.5,False,False,False,0,D,0.0,0.0,0.0,0.0,트렌드 미통과,현재가>150MA:0|현재가>200MA:0|150MA>200MA:0|200MA상승중:0|현재가>50MA:1|52주저점+25%:1|52주고점-30%:0,,0.0,,
321820,아티스트컴퍼니,KOSDAQ,3190.0,-24.2,9.9,False,False,False,0,D,0.0,0.0,0.0,0.0,트렌드 미통과,현재가>150MA:0|현재가>200MA:0|150MA>200MA:0|200MA상승중:0|현재가>50MA:1|52주저점+25%:1|52주고점-30%:0,,0.0,,
001540,안국약품,KOSDAQ,9960.0,-4.2,3.2,False,False,False,0,D,0.0,0.0,0.0,0.0,트렌드 미통과,현재가>150MA:1|현재가>200MA:1|150MA>200MA:1|200MA상승중:1|현재가>50MA:0|52주저점+25%:1|52주고점-30%:1,,0.0,,
053800,안랩,KOSDAQ,76700.0,15.4,49.9,False,False,False,0,D,0.0,0.0,0.0,0.0,트렌드 미통과,현재가>150MA:1|현재가>200MA:1|150MA>200MA:0|200MA상승중:1|현재가>50MA:1|52주저점+25%:1|52주고점-30%:1,,0.0,,
065660,안트로젠,KOSDAQ,14520.0,-63.5,2.7,False,False,False,0,D,0.0,0.0,0.0,0.0,트렌드 미통과,현재가>150MA:0|현재가>200MA:0|150MA>200MA:0|200MA상승중:0|현재가>50MA:0|52주저점+25%:0|52주고점-30%:0,,0.0,,
297570,아틀라스링크,KOSDAQ,4005.0,234.3,0.2,True,False,False,64,C,0.0,0.0,0.0,0.0,컵 깊이 깊음(59.0%),현재가>150MA:1|현재가>200MA:1|150MA>200MA:1|200MA상승중:1|현재가>50MA:1|52주저점+25%:1|52주고점-30%:1,,0.0,,
260660,알리코제약,KOSDAQ,2290.0,-46.2,2.7,False,False,False,0,D,0.0,0.0,0.0,0.0,트렌드 미통과,현재가>150MA:0|현재가>200MA:0|150MA>200MA:0|200MA상승중:0|현재가>50MA:0|52주저점+25%:0|52주고점-30%:0,,0.0,,
354320,알멕,KOSDAQ,39400.0,22.5,59.5,False,False,False,0,D,0.0,0.0,0.0,0.0,트렌드 미통과,현재가>150MA:0|현재가>200MA:0|150MA>200MA:1|200MA상승중:1|현재가>50MA:1|52주저점+25%:1|52주고점-30%:0,,0.0,,
361570,알비더블유,KOSDAQ,1595.0,-25.9,1.9,False,False,False,0,D,0.0,0.0,0.0,0.0,트렌드 미통과,현재가>150MA:0|현재가>200MA:0|150MA>200MA:0|200MA상승중:0|현재가>50MA:1|52주저점+25%:0|52주고점-30%:0,,0.0,,
131370,알서포트,KOSDAQ,1477.0,-44.6,0.9,False,False,False,0,D,0.0,0.0,0.0,0.0,트렌드 미통과,현재가>150MA:0|현재가>200MA:0|150MA>200MA:0|200MA상승중:0|현재가>50MA:0|52주저점+25%:0|52주고점-30%:0,,0.0,,
140670,알에스오토메이션,KOSDAQ,10240.0,-39.3,6.6,False,False,False,0,D,0.0,0.0,0.0,0.0,트렌드 미통과,현재가>150MA:0|현재가>200MA:0|150MA>200MA:0|200MA상승중:0|현재가>50MA:1|52주저점+25%:1|52주고점-30%:0,,0.0,,
061040,알에프텍,KOSDAQ,7180.0,125.4,0.3,True,False,False,64,C,0.0,0.0,0.0,0.0,컵 기간 짧음(12일),현재가>150MA:1|현재가>200MA:1|150MA>200MA:1|200MA상승중:1|현재가>50MA:1|52주저점+25%:1|52주고점-30%:1,,0.0,,
148250,알엔투테크놀로지,KOSDAQ,2010.0,-56.9,1.1,False,False,False,0,D,0.0,0.0,0.0,0.0,트렌드 미통과,현재가>150MA:0|현재가>200MA:0|150MA>200MA:0|200MA상승중:0|현재가>50MA:1|52주저점+25%:1|52주고점-30%:0,,0.0,,
347860,알체라,KOSDAQ,1526.0,-35.2,1.8,False,False,False,0,D,0.0,0.0,0.0,0.0,트렌드 미통과,현재가>150MA:0|현재가>200MA:0|150MA>200MA:0|200MA상승중:0|현재가>50MA:1|52주저점+25%:0|52주고점-30%:0,,0.0,,
196170,알테오젠,KOSDAQ,253500.0,-54.7,1483.1,False,False,False,0,D,0.0,0.0,0.0,0.0,트렌드 미통과,현재가>150MA:0|현재가>200MA:0|150MA>200MA:0|200MA상승중:0|현재가>50MA:0|52주저점+25%:0|52주고점-30%:0,,0.0,,
123750,알톤,KOSDAQ,1813.0,-10.6,0.3,False,False,False,0,D,0.0,0.0,0.0,0.0,트렌드 미통과,현재가>150MA:0|현재가>200MA:0|150MA>200MA:1|200MA상승중:1|현재가>50MA:1|52주저점+25%:1|52주고점-30%:0,,0.0,,
085810,알티캐스트,KOSDAQ,1305.0,71.3,0.3,False,False,False,0,D,0.0,0.0,0.0,0.0,트렌드 미통과,현재가>150MA:1|현재가>200MA:1|150MA>200MA:1|200MA상승중:1|현재가>50MA:0|52주저점+25%:1|52주고점-30%:0,,0.0,,
043100,알파AI,KOSDAQ,520.0,-48.3,0.0,False,False,False,0,D,0.0,0.0,0.0,0.0,트렌드 미통과,현재가>150MA:0|현재가>200MA:0|150MA>200MA:0|200MA상승중:0|현재가>50MA:0|52주저점+25%:0|52주고점-30%:0,,0.0,,
117670,알파칩스,KOSDAQ,10180.0,-6.5,14.8,False,False,False,0,D,0.0,0.0,0.0,0.0,트렌드 미통과,현재가>150MA:0|현재가>200MA:0|150MA>200MA:1|200MA상승중:1|현재가>50MA:1|52주저점+25%:1|52주고점-30%:0,,0.0,,
314140,알피바이오,KOSDAQ,5950.0,-19.5,1.4,False,False,False,0,D,0.0,0.0,0.0,0.0,트렌드 미통과,현재가>150MA:0|현재가>200MA:0|150MA>200MA:0|200MA상승중:0|현재가>50MA:0|52주저점+25%:0|52주고점-30%:1,,0.0,,
291650,츌립앤사이언스,KOSDAQ,1881.0,87.5,0.4,True,False,False,64,C,0.0,0.0,0.0,0.0,컵 깊이 깊음(64.5%),현재가>150MA:1|현재가>200MA:1|150MA>200MA:1|200MA상승중:1|현재가>50MA:1|52주저점+25%:1|52주고점-30%:1,,0.0,,
293780,압타바이오,KOSDAQ,6900.0,-12.2,2.7,False,False,False,0,D,0.0,0.0,0.0,0.0,트렌드 미통과,현재가>150MA:1|현재가>200MA:1|150MA>200MA:0|200MA상승중:0|현재가>50MA:1|52주저점+25%:1|52주고점-30%:0,,0.0,,
196300,HLB펩,KOSDAQ,4550.0,-39.7,1.8,False,False,False,0,D,0.0,0.0,0.0,0.0,트렌드 미통과,현재가>150MA:0|현재가>200MA:0|150MA>200MA:0|200MA상승중:0|현재가>50MA:1|52주저점+25%:0|52주고점-30%:0,,0.0,,
310200,애니플러스,KOSDAQ,2040.0,-41.3,3.9,False,False,False,0,D,0.0,0.0,0.0,0.0,트렌드 미통과,현재가>150MA:0|현재가>200MA:0|150MA>200MA:0|200MA상승중:0|현재가>50MA:0|52주저점+25%:0|52주고점-30%:0,,0.0,,
179530,애드바이오텍,KOSDAQ,1838.0,-46.4,3.2,False,False,False,0,D,0.0,0.0,0.0,0.0,트렌드 미통과,현재가>150MA:0|현재가>200MA:0|150MA>200MA:1|200MA상승중:0|현재가>50MA:0|52주저점+25%:1|52주고점-30%:0,,0.0,,
900100,파이온엑스,KOSDAQ,1096.0,9.8,2.8,False,False,False,0,D,0.0,0.0,0.0,0.0,트렌드 미통과,현재가>150MA:0|현재가>200MA:1|150MA>200MA:1|200MA상승중:1|현재가>50MA:0|52주저점+25%:1|52주고점-30%:0,,0.0,,
205500,넥써쓰,KOSDAQ,1720.0,-27.6,2.7,False,False,False,0,D,0.0,0.0,0.0,0.0,트렌드 미통과,현재가>150MA:0|현재가>200MA:0|150MA>200MA:0|200MA상승중:0|현재가>50MA:1|52주저점+25%:0|52주고점-30%:0,,0.0,,
052790,액토즈소프트,KOSDAQ,4705.0,-25.3,3.8,False,False,False,0,D,0.0,0.0,0.0,0.0,트렌드 미통과,현재가>150MA:0|현재가>200MA:0|150MA>200MA:0|200MA상승중:0|현재가>50MA:1|52주저점+25%:1|52주고점-30%:1,,0.0,,
290740,액트로,KOSDAQ,11290.0,1.1,9.7,False,False,False,0,D,0.0,0.0,0.0,0.0,트렌드 미통과,현재가>150MA:0|현재가>200MA:0|150MA>200MA:0|200MA상승중:1|현재가>50MA:1|52주저점+25%:1|52주고점-30%:0,,0.0,,
238090,앤디포스,KOSDAQ,1824.0,-38.0,0.5,False,False,False,0,D,0.0,0.0,0.0,0.0,트렌드 미통과,현재가>150MA:0|현재가>200MA:0|150MA>200MA:1|200MA상승중:1|현재가>50MA:0|52주저점+25%:0|52주고점-30%:0,,0.0,,
092600,앤씨앤,KOSDAQ,2800.0,194.7,10.4,False,False,False,0,D,0.0,0.0,0.0,0.0,트렌드 미통과,현재가>150MA:1|현재가>200MA:1|150MA>200MA:1|200MA상승중:1|현재가>50MA:1|52주저점+25%:1|52주고점-30%:0,,0.0,,
129890,앱코,KOSDAQ,926.0,-25.7,1.0,False,False,False,0,D,0.0,0.0,0.0,0.0,트렌드 미통과,현재가>150MA:0|현재가>200MA:0|150MA>200MA:0|200MA상승중:0|현재가>50MA:0|52주저점+25%:0|52주고점-30%:0,,0.0,,
174900,앱클론,KOSDAQ,21750.0,-35.8,26.7,False,False,False,0,D,0.0,0.0,0.0,0.0,트렌드 미통과,현재가>150MA:0|현재가>200MA:0|150MA>200MA:0|200MA상승중:0|현재가>50MA:0|52주저점+25%:1|52주고점-30%:0,,0.0,,
270520,앱튼,KOSDAQ,991.0,80.6,9.3,False,False,False,0,D,0.0,0.0,0.0,0.0,트렌드 미통과,현재가>150MA:0|현재가>200MA:0|150MA>200MA:1|200MA상승중:1|현재가>50MA:0|52주저점+25%:1|52주고점-30%:0,,0.0,,
255440,야스,KOSDAQ,7980.0,-20.5,5.0,False,False,False,0,D,0.0,0.0,0.0,0.0,트렌드 미통과,현재가>150MA:0|현재가>200MA:0|150MA>200MA:0|200MA상승중:0|현재가>50MA:1|52주저점+25%:1|52주고점-30%:0,,0.0,,
030960,양지사,KOSDAQ,4750.0,-47.9,2.1,False,False,False,0,D,0.0,0.0,0.0,0.0,트렌드 미통과,현재가>150MA:0|현재가>200MA:0|150MA>200MA:0|200MA상승중:0|현재가>50MA:1|52주저점+25%:0|52주고점-30%:0,,0.0,,
102120,어보브반도체,KOSDAQ,7800.0,-40.0,7.2,False,False,False,0,D,0.0,0.0,0.0,0.0,트렌드 미통과,현재가>150MA:0|현재가>200MA:0|150MA>200MA:0|200MA상승중:0|현재가>50MA:1|52주저점+25%:1|52주고점-30%:0,,0.0,,
238120,얼라인드,KOSDAQ,3040.0,-33.1,0.4,False,False,False,0,D,0.0,0.0,0.0,0.0,트렌드 미통과,현재가>150MA:0|현재가>200MA:0|150MA>200MA:0|200MA상승중:0|현재가>50MA:1|52주저점+25%:0|52주고점-30%:0,,0.0,,
019990,에너토크,KOSDAQ,5030.0,-41.9,7.1,False,False,False,0,D,0.0,0.0,0.0,0.0,트렌드 미통과,현재가>150MA:0|현재가>200MA:0|150MA>200MA:0|200MA상승중:0|현재가>50MA:1|52주저점+25%:1|52주고점-30%:0,,0.0,,
270660,에브리봇,KOSDAQ,13390.0,-23.9,3.9,False,False,False,0,D,0.0,0.0,0.0,0.0,트렌드 미통과,현재가>150MA:0|현재가>200MA:0|150MA>200MA:0|200MA상승중:0|현재가>50MA:0|52주저점+25%:1|52주고점-30%:0,,0.0,,
038680,에스넷,KOSDAQ,3630.0,-10.5,2.8,False,False,False,0,D,0.0,0.0,0.0,0.0,트렌드 미통과,현재가>150MA:0|현재가>200MA:0|150MA>200MA:1|200MA상승중:1|현재가>50MA:0|52주저점+25%:1|52주고점-30%:0,,0.0,,
217480,에스디생명공학,KOSDAQ,499.0,-17.3,0.0,False,False,False,0,D,0.0,0.0,0.0,0.0,트렌드 미통과,현재가>150MA:0|현재가>200MA:0|150MA>200MA:0|200MA상승중:0|현재가>50MA:0|52주저점+25%:0|52주고점-30%:1,,0.0,,
121890,에스디시스템,KOSDAQ,2720.0,40.6,1.8,True,False,False,64,C,0.0,0.0,0.0,0.0,컵 깊이 얕음(5.9%),현재가>150MA:1|현재가>200MA:1|150MA>200MA:1|200MA상승중:1|현재가>50MA:1|52주저점+25%:1|52주고점-30%:1,,0.0,,
304360,에스바이오메딕스,KOSDAQ,20600.0,-33.8,5.2,False,False,False,0,D,0.0,0.0,0.0,0.0,트렌드 미통과,현재가>150MA:0|현재가>200MA:0|150MA>200MA:0|200MA상승중:0|현재가>50MA:1|52주저점+25%:1|52주고점-30%:0,,0.0,,
389500,에스비비테크,KOSDAQ,41450.0,-7.2,46.0,False,False,False,0,D,0.0,0.0,0.0,0.0,트렌드 미통과,현재가>150MA:0|현재가>200MA:0|150MA>200MA:0|200MA상승중:1|현재가>50MA:1|52주저점+25%:1|52주고점-30%:0,,0.0,,
042110,에스씨디,KOSDAQ,993.0,-36.7,1.7,False,False,False,0,D,0.0,0.0,0.0,0.0,트렌드 미통과,현재가>150MA:0|현재가>200MA:0|150MA>200MA:0|200MA상승중:0|현재가>50MA:0|52주저점+25%:0|52주고점-30%:0,,0.0,,
298060,풍전약품,KOSDAQ,2365.0,58.5,0.4,False,False,False,0,D,0.0,0.0,0.0,0.0,트렌드 미통과,현재가>150MA:1|현재가>200MA:1|150MA>200MA:1|200MA상승중:1|현재가>50MA:0|52주저점+25%:1|52주고점-30%:0,,0.0,,
065420,에스아이리소스,KOSDAQ,940.0,333.6,0.0,True,False,False,64,C,0.0,0.0,0.0,0.0,컵 깊이 깊음(72.8%),현재가>150MA:1|현재가>200MA:1|150MA>200MA:1|200MA상승중:1|현재가>50MA:1|52주저점+25%:1|52주고점-30%:1,,0.0,,
103230,에스앤더블류,KOSDAQ,1964.0,-56.1,0.8,False,False,False,0,D,0.0,0.0,0.0,0.0,트렌드 미통과,현재가>150MA:0|현재가>200MA:0|150MA>200MA:0|200MA상승중:0|현재가>50MA:0|52주저점+25%:0|52주고점-30%:0,,0.0,,
260970,에스앤디,KOSDAQ,59700.0,-22.9,7.7,False,False,False,0,D,0.0,0.0,0.0,0.0,트렌드 미통과,현재가>150MA:1|현재가>200MA:1|150MA>200MA:0|200MA상승중:0|현재가>50MA:1|52주저점+25%:1|52주고점-30%:0,,0.0,,
101490,에스앤에스텍,KOSDAQ,45000.0,-38.0,97.2,False,False,False,0,D,0.0,0.0,0.0,0.0,트렌드 미통과,현재가>150MA:0|현재가>200MA:0|150MA>200MA:1|200MA상승중:0|현재가>50MA:1|52주저점+25%:1|52주고점-30%:0,,0.0,,
095910,에스에너지,KOSDAQ,555.0,-69.0,1.1,False,False,False,0,D,0.0,0.0,0.0,0.0,트렌드 미통과,현재가>150MA:0|현재가>200MA:0|150MA>200MA:1|200MA상승중:0|현재가>50MA:0|52주저점+25%:0|52주고점-30%:0,,0.0,,
275630,에스에스알,KOSDAQ,3870.0,13.0,1.0,False,False,False,0,D,0.0,0.0,0.0,0.0,트렌드 미통과,현재가>150MA:1|현재가>200MA:1|150MA>200MA:1|200MA상승중:1|현재가>50MA:0|52주저점+25%:1|52주고점-30%:1,,0.0,,
031330,에스에이엠티,KOSDAQ,8400.0,41.4,30.8,False,False,False,0,D,0.0,0.0,0.0,0.0,트렌드 미통과,현재가>150MA:0|현재가>200MA:1|150MA>200MA:1|200MA상승중:1|현재가>50MA:0|52주저점+25%:1|52주고점-30%:0,,0.0,,
060540,에스에이티,KOSDAQ,1348.0,-5.8,1.0,False,False,False,0,D,0.0,0.0,0.0,0.0,트렌드 미통과,현재가>150MA:1|현재가>200MA:1|150MA>200MA:0|200MA상승중:1|현재가>50MA:1|52주저점+25%:1|52주고점-30%:1,,0.0,,
351320,넥사다이내믹스,KOSDAQ,3880.0,195.4,32.7,True,False,False,64,C,0.0,0.0,0.0,0.0,핸들 깊이 깊음(27.0%),현재가>150MA:1|현재가>200MA:1|150MA>200MA:1|200MA상승중:1|현재가>50MA:1|52주저점+25%:1|52주고점-30%:1,,0.0,,
056190,SFA,KOSDAQ,28500.0,-1.9,35.5,False,False,False,0,D,0.0,0.0,0.0,0.0,트렌드 미통과,현재가>150MA:1|현재가>200MA:1|150MA>200MA:1|200MA상승중:1|현재가>50MA:1|52주저점+25%:1|52주고점-30%:1,,0.0,,
246250,에스엘에스바이오,KOSDAQ,1969.0,-17.3,0.0,False,False,False,0,D,0.0,0.0,0.0,0.0,트렌드 미통과,현재가>150MA:0|현재가>200MA:0|150MA>200MA:0|200MA상승중:0|현재가>50MA:0|52주저점+25%:0|52주고점-30%:1,,0.0,,
041510,에스엠,KOSDAQ,83800.0,-28.1,103.3,False,False,False,0,D,0.0,0.0,0.0,0.0,트렌드 미통과,현재가>150MA:0|현재가>200MA:0|150MA>200MA:0|200MA상승중:0|현재가>50MA:1|52주저점+25%:1|52주고점-30%:0,,0.0,,
007820,엠엑스로보틱스,KOSDAQ,3425.0,-27.2,5.3,False,False,False,0,D,0.0,0.0,0.0,0.0,트렌드 미통과,현재가>150MA:0|현재가>200MA:0|150MA>200MA:0|200MA상승중:0|현재가>50MA:0|52주저점+25%:1|52주고점-30%:0,,0.0,,
464080,에스오에스랩,KOSDAQ,10430.0,-26.2,9.1,False,False,False,0,D,0.0,0.0,0.0,0.0,트렌드 미통과,현재가>150MA:0|현재가>200MA:0|150MA>200MA:0|200MA상승중:1|현재가>50MA:1|52주저점+25%:1|52주고점-30%:0,,0.0,,
109610,에스와이,KOSDAQ,1864.0,-40.0,1.9,False,False,False,0,D,0.0,0.0,0.0,0.0,트렌드 미통과,현재가>150MA:0|현재가>200MA:0|150MA>200MA:0|200MA상승중:0|현재가>50MA:0|52주저점+25%:0|52주고점-30%:0,,0.0,,
365330,에스와이스틸텍,KOSDAQ,1533.0,-58.9,4.8,False,False,False,0,D,0.0,0.0,0.0,0.0,트렌드 미통과,현재가>150MA:0|현재가>200MA:0|150MA>200MA:0|200MA상승중:0|현재가>50MA:1|52주저점+25%:1|52주고점-30%:0,,0.0,,
306040,에스제이그룹,KOSDAQ,1526.0,-66.7,0.6,False,False,False,0,D,0.0,0.0,0.0,0.0,트렌드 미통과,현재가>150MA:0|현재가>200MA:0|150MA>200MA:0|200MA상승중:0|현재가>50MA:0|52주저점+25%:0|52주고점-30%:0,,0.0,,
398120,에스지헬스케어,KOSDAQ,2045.0,-43.3,1.4,False,False,False,0,D,0.0,0.0,0.0,0.0,트렌드 미통과,현재가>150MA:0|현재가>200MA:0|150MA>200MA:0|200MA상승중:0|현재가>50MA:1|52주저점+25%:0|52주고점-30%:0,,0.0,,
472230,에스케이증권제11호스팩,KOSDAQ,2105.0,-14.9,0.9,False,False,False,0,D,0.0,0.0,0.0,0.0,트렌드 미통과,현재가>150MA:1|현재가>200MA:1|150MA>200MA:1|200MA상승중:1|현재가>50MA:1|52주저점+25%:0|52주고점-30%:1,,0.0,,
473000,에스케이증권제12호스팩,KOSDAQ,2085.0,-16.1,0.2,False,False,False,0,D,0.0,0.0,0.0,0.0,트렌드 미통과,현재가>150MA:1|현재가>200MA:1|150MA>200MA:1|200MA상승중:1|현재가>50MA:1|52주저점+25%:0|52주고점-30%:1,,0.0,,
473950,에스케이증권제13호스팩,KOSDAQ,2055.0,-16.4,0.2,False,False,False,0,D,0.0,0.0,0.0,0.0,트렌드 미통과,현재가>150MA:1|현재가>200MA:1|150MA>200MA:1|200MA상승중:1|현재가>50MA:1|52주저점+25%:0|52주고점-30%:1,,0.0,,
475660,에스켐,KOSDAQ,3100.0,-52.8,0.3,False,False,False,0,D,0.0,0.0,0.0,0.0,트렌드 미통과,현재가>150MA:0|현재가>200MA:0|150MA>200MA:0|200MA상승중:0|현재가>50MA:0|52주저점+25%:0|52주고점-30%:0,,0.0,,
096630,에스코넥,KOSDAQ,1684.0,65.5,0.3,False,False,False,0,D,0.0,0.0,0.0,0.0,트렌드 미통과,현재가>150MA:0|현재가>200MA:1|150MA>200MA:1|200MA상승중:1|현재가>50MA:0|52주저점+25%:1|52주고점-30%:0,,0.0,,
069510,에스텍,KOSDAQ,13210.0,-20.4,0.6,False,False,False,0,D,0.0,0.0,0.0,0.0,트렌드 미통과,현재가>150MA:0|현재가>200MA:0|150MA>200MA:0|200MA상승중:0|현재가>50MA:1|52주저점+25%:0|52주고점-30%:1,,0.0,,
234300,에스트래픽,KOSDAQ,3205.0,-19.0,6.3,False,False,False,0,D,0.0,0.0,0.0,0.0,트렌드 미통과,현재가>150MA:1|현재가>200MA:0|150MA>200MA:0|200MA상승중:0|현재가>50MA:1|52주저점+25%:0|52주고점-30%:1,,0.0,,
039440,에스티아이,KOSDAQ,22750.0,-32.0,13.9,False,False,False,0,D,0.0,0.0,0.0,0.0,트렌드 미통과,현재가>150MA:0|현재가>200MA:0|150MA>200MA:0|200MA상승중:0|현재가>50MA:1|52주저점+25%:1|52주고점-30%:0,,0.0,,
098660,에스티오,KOSDAQ,1566.0,-24.0,0.1,False,False,False,0,D,0.0,0.0,0.0,0.0,트렌드 미통과,현재가>150MA:0|현재가>200MA:0|150MA>200MA:0|200MA상승중:0|현재가>50MA:0|52주저점+25%:0|52주고점-30%:1,,0.0,,
052020,에스티큐브,KOSDAQ,7360.0,-38.6,11.6,False,False,False,0,D,0.0,0.0,0.0,0.0,트렌드 미통과,현재가>150MA:0|현재가>200MA:0|150MA>200MA:1|200MA상승중:1|현재가>50MA:0|52주저점+25%:0|52주고점-30%:0,,0.0,,
237690,에스티팜,KOSDAQ,93300.0,-43.5,90.3,False,False,False,0,D,0.0,0.0,0.0,0.0,트렌드 미통과,현재가>150MA:0|현재가>200MA:0|150MA>200MA:0|200MA상승중:0|현재가>50MA:0|52주저점+25%:0|52주고점-30%:0,,0.0,,
050760,에스폴리텍,KOSDAQ,1198.0,-24.1,1.1,False,False,False,0,D,0.0,0.0,0.0,0.0,트렌드 미통과,현재가>150MA:0|현재가>200MA:0|150MA>200MA:0|200MA상승중:0|현재가>50MA:1|52주저점+25%:0|52주고점-30%:0,,0.0,,
288620,에스프리즘,KOSDAQ,3850.0,-66.9,2.3,False,False,False,0,D,0.0,0.0,0.0,0.0,트렌드 미통과,현재가>150MA:0|현재가>200MA:0|150MA>200MA:0|200MA상승중:0|현재가>50MA:0|52주저점+25%:0|52주고점-30%:0,,0.0,,
443670,에스피소프트,KOSDAQ,4780.0,-1.1,184.8,False,False,False,0,D,0.0,0.0,0.0,0.0,트렌드 미통과,현재가>150MA:1|현재가>200MA:1|150MA>200MA:0|200MA상승중:0|현재가>50MA:1|52주저점+25%:1|52주고점-30%:1,,0.0,,
317830,에스피시스템스,KOSDAQ,4610.0,-57.2,2.2,False,False,False,0,D,0.0,0.0,0.0,0.0,트렌드 미통과,현재가>150MA:0|현재가>200MA:0|150MA>200MA:0|200MA상승중:0|현재가>50MA:0|52주저점+25%:0|52주고점-30%:0,,0.0,,
058610,에스피지,KOSDAQ,97300.0,45.4,373.3,False,False,False,0,D,0.0,0.0,0.0,0.0,트렌드 미통과,현재가>150MA:0|현재가>200MA:0|150MA>200MA:1|200MA상승중:1|현재가>50MA:1|52주저점+25%:1|52주고점-30%:0,,0.0,,
043340,에쎈테크,KOSDAQ,630.0,-4.9,0.5,False,False,False,0,D,0.0,0.0,0.0,0.0,트렌드 미통과,현재가>150MA:0|현재가>200MA:0|150MA>200MA:1|200MA상승중:1|현재가>50MA:0|52주저점+25%:1|52주고점-30%:0,,0.0,,
163280,에어레인,KOSDAQ,3695.0,-56.9,5.2,False,False,False,0,D,0.0,0.0,0.0,0.0,트렌드 미통과,현재가>150MA:0|현재가>200MA:0|150MA>200MA:0|200MA상승중:0|현재가>50MA:1|52주저점+25%:1|52주고점-30%:0,,0.0,,
200710,에이디테크놀로지,KOSDAQ,27550.0,-26.2,20.5,False,False,False,0,D,0.0,0.0,0.0,0.0,트렌드 미통과,현재가>150MA:0|현재가>200MA:0|150MA>200MA:1|200MA상승중:1|현재가>50MA:1|52주저점+25%:1|52주고점-30%:0,,0.0,,
475580,에이럭스,KOSDAQ,7350.0,-37.7,17.9,False,False,False,0,D,0.0,0.0,0.0,0.0,트렌드 미통과,현재가>150MA:0|현재가>200MA:0|150MA>200MA:0|200MA상승중:0|현재가>50MA:1|52주저점+25%:0|52주고점-30%:0,,0.0,,
096690,에이루트,KOSDAQ,6250.0,175.9,0.7,False,False,False,0,D,0.0,0.0,0.0,0.0,트렌드 미통과,현재가>150MA:1|현재가>200MA:1|150MA>200MA:1|200MA상승중:1|현재가>50MA:0|52주저점+25%:1|52주고점-30%:1,,0.0,,
298380,에이비엘바이오,KOSDAQ,49300.0,-78.6,206.6,False,False,False,0,D,0.0,0.0,0.0,0.0,트렌드 미통과,현재가>150MA:0|현재가>200MA:0|150MA>200MA:0|200MA상승중:0|현재가>50MA:0|52주저점+25%:0|52주고점-30%:0,,0.0,,
203400,에이비온,KOSDAQ,676.0,-80.5,0.0,False,False,False,0,D,0.0,0.0,0.0,0.0,트렌드 미통과,현재가>150MA:0|현재가>200MA:0|150MA>200MA:0|200MA상승중:0|현재가>50MA:0|52주저점+25%:0|52주고점-30%:0,,0.0,,
195990,루트K,KOSDAQ,1138.0,157.0,0.3,False,False,False,0,D,0.0,0.0,0.0,0.0,트렌드 미통과,현재가>150MA:1|현재가>200MA:1|150MA>200MA:1|200MA상승중:1|현재가>50MA:0|52주저점+25%:1|52주고점-30%:0,,0.0,,
003800,에이스침대,KOSDAQ,32500.0,-13.0,0.5,False,False,False,0,D,0.0,0.0,0.0,0.0,트렌드 미통과,현재가>150MA:0|현재가>200MA:0|150MA>200MA:1|200MA상승중:1|현재가>50MA:0|52주저점+25%:0|52주고점-30%:1,,0.0,,
088800,에이스테크,KOSDAQ,2110.0,-32.2,10.4,False,False,False,0,D,0.0,0.0,0.0,0.0,트렌드 미통과,현재가>150MA:0|현재가>200MA:0|150MA>200MA:0|200MA상승중:0|현재가>50MA:1|52주저점+25%:1|52주고점-30%:0,,0.0,,
241840,에이스토리,KOSDAQ,2210.0,-60.2,0.3,False,False,False,0,D,0.0,0.0,0.0,0.0,트렌드 미통과,현재가>150MA:0|현재가>200MA:0|150MA>200MA:0|200MA상승중:0|현재가>50MA:0|52주저점+25%:0|52주고점-30%:0,,0.0,,
453860,에이에스텍,KOSDAQ,7690.0,-60.1,0.6,False,False,False,0,D,0.0,0.0,0.0,0.0,트렌드 미통과,현재가>150MA:0|현재가>200MA:0|150MA>200MA:0|200MA상승중:0|현재가>50MA:0|52주저점+25%:0|52주고점-30%:0,,0.0,,
312610,에이에프더블류,KOSDAQ,45.0,-111.4,3.0,False,False,False,0,D,0.0,0.0,0.0,0.0,트렌드 미통과,현재가>150MA:0|현재가>200MA:0|150MA>200MA:0|200MA상승중:0|현재가>50MA:0|52주저점+25%:0|52주고점-30%:0,,0.0,,
172670,에이엘티,KOSDAQ,12980.0,6.6,7.5,False,False,False,0,D,0.0,0.0,0.0,0.0,트렌드 미통과,현재가>150MA:1|현재가>200MA:1|150MA>200MA:0|200MA상승중:1|현재가>50MA:1|52주저점+25%:1|52주고점-30%:0,,0.0,,
445090,에이직랜드,KOSDAQ,21700.0,-39.1,4.0,False,False,False,0,D,0.0,0.0,0.0,0.0,트렌드 미통과,현재가>150MA:0|현재가>200MA:0|150MA>200MA:0|200MA상승중:0|현재가>50MA:1|52주저점+25%:1|52주고점-30%:0,,0.0,,
295310,에이치브이엠,KOSDAQ,58200.0,8.9,85.3,False,False,False,0,D,0.0,0.0,0.0,0.0,트렌드 미통과,현재가>150MA:0|현재가>200MA:0|150MA>200MA:1|200MA상승중:1|현재가>50MA:1|52주저점+25%:1|52주고점-30%:0,,0.0,,
072990,에이치시티,KOSDAQ,3100.0,-49.5,3.0,False,False,False,0,D,0.0,0.0,0.0,0.0,트렌드 미통과,현재가>150MA:0|현재가>200MA:0|150MA>200MA:0|200MA상승중:0|현재가>50MA:0|52주저점+25%:0|52주고점-30%:0,,0.0,,
044990,에이치엔에스하이텍,KOSDAQ,10870.0,-40.2,1.1,False,False,False,0,D,0.0,0.0,0.0,0.0,트렌드 미통과,현재가>150MA:0|현재가>200MA:0|150MA>200MA:0|200MA상승중:0|현재가>50MA:0|52주저점+25%:0|52주고점-30%:0,,0.0,,
239610,에이치엘사이언스,KOSDAQ,5230.0,-41.2,0.1,False,False,False,0,D,0.0,0.0,0.0,0.0,트렌드 미통과,현재가>150MA:0|현재가>200MA:0|150MA>200MA:0|200MA상승중:0|현재가>50MA:0|52주저점+25%:0|52주고점-30%:0,,0.0,,
477340,에이치엠씨제7호스팩,KOSDAQ,2060.0,-15.2,0.3,False,False,False,0,D,0.0,0.0,0.0,0.0,트렌드 미통과,현재가>150MA:1|현재가>200MA:1|150MA>200MA:1|200MA상승중:1|현재가>50MA:1|52주저점+25%:0|52주고점-30%:1,,0.0,,
148930,에이치와이티씨,KOSDAQ,3095.0,-18.7,0.2,False,False,False,0,D,0.0,0.0,0.0,0.0,트렌드 미통과,현재가>150MA:1|현재가>200MA:1|150MA>200MA:0|200MA상승중:0|현재가>50MA:0|52주저점+25%:1|52주고점-30%:1,,0.0,,
376270,HEM파마,KOSDAQ,32350.0,-39.4,2.8,False,False,False,0,D,0.0,0.0,0.0,0.0,트렌드 미통과,현재가>150MA:0|현재가>200MA:0|150MA>200MA:0|200MA상승중:1|현재가>50MA:0|52주저점+25%:1|52주고점-30%:0,,0.0,,
044780,에이치케이,KOSDAQ,1328.0,-18.4,1.1,False,False,False,0,D,0.0,0.0,0.0,0.0,트렌드 미통과,현재가>150MA:0|현재가>200MA:0|150MA>200MA:1|200MA상승중:0|현재가>50MA:0|52주저점+25%:0|52주고점-30%:1,,0.0,,
357230,에이치피오,KOSDAQ,2140.0,-25.0,0.5,False,False,False,0,D,0.0,0.0,0.0,0.0,트렌드 미통과,현재가>150MA:0|현재가>200MA:0|150MA>200MA:0|200MA상승중:0|현재가>50MA:0|52주저점+25%:0|52주고점-30%:1,,0.0,,
355690,에이텀,KOSDAQ,5390.0,-15.3,4.1,False,False,False,0,D,0.0,0.0,0.0,0.0,트렌드 미통과,현재가>150MA:1|현재가>200MA:1|150MA>200MA:1|200MA상승중:0|현재가>50MA:1|52주저점+25%:1|52주고점-30%:0,,0.0,,
071670,에이테크솔루션,KOSDAQ,5120.0,-39.1,0.6,False,False,False,0,D,0.0,0.0,0.0,0.0,트렌드 미통과,현재가>150MA:0|현재가>200MA:0|150MA>200MA:0|200MA상승중:0|현재가>50MA:1|52주저점+25%:0|52주고점-30%:0,,0.0,,
045660,에이텍,KOSDAQ,8450.0,-28.2,0.9,False,False,False,0,D,0.0,0.0,0.0,0.0,트렌드 미통과,현재가>150MA:0|현재가>200MA:0|150MA>200MA:0|200MA상승중:0|현재가>50MA:0|52주저점+25%:0|52주고점-30%:0,,0.0,,
224110,에이텍모빌리티,KOSDAQ,8180.0,-27.7,0.3,False,False,False,0,D,0.0,0.0,0.0,0.0,트렌드 미통과,현재가>150MA:0|현재가>200MA:0|150MA>200MA:0|200MA상승중:0|현재가>50MA:0|52주저점+25%:0|52주고점-30%:1,,0.0,,
021080,에이티넘인베스트,KOSDAQ,2060.0,-38.4,2.9,False,False,False,0,D,0.0,0.0,0.0,0.0,트렌드 미통과,현재가>150MA:0|현재가>200MA:0|150MA>200MA:0|200MA상승중:0|현재가>50MA:0|52주저점+25%:0|52주고점-30%:0,,0.0,,
200470,에이팩트,KOSDAQ,8190.0,20.0,58.0,False,False,False,0,D,0.0,0.0,0.0,0.0,트렌드 미통과,현재가>150MA:1|현재가>200MA:1|150MA>200MA:1|200MA상승중:1|현재가>50MA:1|52주저점+25%:1|52주고점-30%:0,,0.0,,
262260,에이프로,KOSDAQ,4480.0,-18.1,2.1,False,False,False,0,D,0.0,0.0,0.0,0.0,트렌드 미통과,현재가>150MA:0|현재가>200MA:0|150MA>200MA:0|200MA상승중:0|현재가>50MA:1|52주저점+25%:1|52주고점-30%:0,,0.0,,
397030,에이프릴바이오,KOSDAQ,18690.0,-72.5,32.2,False,False,False,0,D,0.0,0.0,0.0,0.0,트렌드 미통과,현재가>150MA:0|현재가>200MA:0|150MA>200MA:0|200MA상승중:0|현재가>50MA:0|52주저점+25%:0|52주고점-30%:0,,0.0,,
230240,에치에프알,KOSDAQ,13480.0,-41.3,23.8,False,False,False,0,D,0.0,0.0,0.0,0.0,트렌드 미통과,현재가>150MA:0|현재가>200MA:0|150MA>200MA:1|200MA상승중:0|현재가>50MA:0|52주저점+25%:0|52주고점-30%:0,,0.0,,
038870,에코심플렉스,KOSDAQ,2200.0,-19.4,1.1,False,False,False,0,D,0.0,0.0,0.0,0.0,트렌드 미통과,현재가>150MA:0|현재가>200MA:0|150MA>200MA:0|200MA상승중:0|현재가>50MA:1|52주저점+25%:1|52주고점-30%:0,,0.0,,
097780,에코볼트,KOSDAQ,1498.0,25.1,0.4,True,False,False,64,C,0.0,0.0,0.0,0.0,핸들 깊이 깊음(20.5%),현재가>150MA:1|현재가>200MA:1|150MA>200MA:1|200MA상승중:1|현재가>50MA:1|52주저점+25%:1|52주고점-30%:1,,0.0,,
448280,에코아이,KOSDAQ,9360.0,-19.5,0.7,False,False,False,0,D,0.0,0.0,0.0,0.0,트렌드 미통과,현재가>150MA:0|현재가>200MA:0|150MA>200MA:0|200MA상승중:0|현재가>50MA:1|52주저점+25%:1|52주고점-30%:0,,0.0,,
101360,에코앤드림,KOSDAQ,7540.0,-59.8,7.8,False,False,False,0,D,0.0,0.0,0.0,0.0,트렌드 미통과,현재가>150MA:0|현재가>200MA:0|150MA>200MA:0|200MA상승중:0|현재가>50MA:1|52주저점+25%:1|52주고점-30%:0,,0.0,,
128540,에코캡,KOSDAQ,1082.0,-50.1,0.6,False,False,False,0,D,0.0,0.0,0.0,0.0,트렌드 미통과,현재가>150MA:0|현재가>200MA:0|150MA>200MA:0|200MA상승중:0|현재가>50MA:0|52주저점+25%:0|52주고점-30%:0,,0.0,,
086520,에코프로,KOSDAQ,78800.0,-31.9,473.6,False,False,False,0,D,0.0,0.0,0.0,0.0,트렌드 미통과,현재가>150MA:0|현재가>200MA:0|150MA>200MA:1|200MA상승중:0|현재가>50MA:0|52주저점+25%:1|52주고점-30%:0,,0.0,,
247540,에코프로비엠,KOSDAQ,106100.0,-47.8,403.8,False,False,False,0,D,0.0,0.0,0.0,0.0,트렌드 미통과,현재가>150MA:0|현재가>200MA:0|150MA>200MA:0|200MA상승중:0|현재가>50MA:0|52주저점+25%:0|52주고점-30%:0,,0.0,,
383310,에코프로에이치엔,KOSDAQ,21900.0,-41.0,31.4,False,False,False,0,D,0.0,0.0,0.0,0.0,트렌드 미통과,현재가>150MA:0|현재가>200MA:0|150MA>200MA:0|200MA상승중:0|현재가>50MA:0|52주저점+25%:0|52주고점-30%:0,,0.0,,
038110,에코플라스틱,KOSDAQ,1994.0,-44.0,3.0,False,False,False,0,D,0.0,0.0,0.0,0.0,트렌드 미통과,현재가>150MA:0|현재가>200MA:0|150MA>200MA:0|200MA상승중:0|현재가>50MA:1|52주저점+25%:0|52주고점-30%:0,,0.0,,
073540,에프알텍,KOSDAQ,2515.0,-11.4,0.7,False,False,False,0,D,0.0,0.0,0.0,0.0,트렌드 미통과,현재가>150MA:0|현재가>200MA:0|150MA>200MA:1|200MA상승중:1|현재가>50MA:1|52주저점+25%:1|52주고점-30%:0,,0.0,,
064850,에프앤가이드,KOSDAQ,20800.0,26.7,6.3,False,False,False,0,D,0.0,0.0,0.0,0.0,트렌드 미통과,현재가>150MA:0|현재가>200MA:1|150MA>200MA:1|200MA상승중:1|현재가>50MA:1|52주저점+25%:1|52주고점-30%:0,,0.0,,
036810,에프에스티,KOSDAQ,32100.0,-9.1,36.5,False,False,False,0,D,0.0,0.0,0.0,0.0,트렌드 미통과,현재가>150MA:1|현재가>200MA:0|150MA>200MA:0|200MA상승중:0|현재가>50MA:1|52주저점+25%:1|52주고점-30%:0,,0.0,,
173940,에프엔씨엔터,KOSDAQ,1980.0,-50.9,0.2,False,False,False,0,D,0.0,0.0,0.0,0.0,트렌드 미통과,현재가>150MA:0|현재가>200MA:0|150MA>200MA:0|200MA상승중:0|현재가>50MA:0|52주저점+25%:0|52주고점-30%:0,,0.0,,
083500,에프엔에스테크,KOSDAQ,13390.0,-27.4,7.2,False,False,False,0,D,0.0,0.0,0.0,0.0,트렌드 미통과,현재가>150MA:0|현재가>200MA:0|150MA>200MA:1|200MA상승중:0|현재가>50MA:1|52주저점+25%:1|52주고점-30%:0,,0.0,,
054940,엑사이엔씨,KOSDAQ,3480.0,410.5,16.4,True,False,False,64,C,0.0,0.0,0.0,0.0,핸들 깊이 깊음(18.9%),현재가>150MA:1|현재가>200MA:1|150MA>200MA:1|200MA상승중:1|현재가>50MA:1|52주저점+25%:1|52주고점-30%:1,,0.0,,
950130,엑세스바이오,KOSDAQ,2170.0,-44.0,2.2,False,False,False,0,D,0.0,0.0,0.0,0.0,트렌드 미통과,현재가>150MA:0|현재가>200MA:0|150MA>200MA:0|200MA상승중:0|현재가>50MA:0|52주저점+25%:0|52주고점-30%:0,,0.0,,
373110,엑셀세라퓨틱스,KOSDAQ,999.0,-52.5,1.0,False,False,False,0,D,0.0,0.0,0.0,0.0,트렌드 미통과,현재가>150MA:0|현재가>200MA:0|150MA>200MA:0|200MA상승중:0|현재가>50MA:0|52주저점+25%:0|52주고점-30%:0,,0.0,,
205100,엑셈,KOSDAQ,1442.0,-36.6,6.4,False,False,False,0,D,0.0,0.0,0.0,0.0,트렌드 미통과,현재가>150MA:0|현재가>200MA:0|150MA>200MA:0|200MA상승중:0|현재가>50MA:1|52주저점+25%:0|52주고점-30%:0,,0.0,,
356680,엑스게이트,KOSDAQ,17800.0,72.4,884.9,False,False,False,0,D,0.0,0.0,0.0,0.0,트렌드 미통과,현재가>150MA:1|현재가>200MA:1|150MA>200MA:1|200MA상승중:1|현재가>50MA:1|52주저점+25%:1|52주고점-30%:0,,0.0,,
070300,퀀텀레일,KOSDAQ,865.0,-58.5,7.6,False,False,False,0,D,0.0,0.0,0.0,0.0,트렌드 미통과,현재가>150MA:0|현재가>200MA:0|150MA>200MA:1|200MA상승중:1|현재가>50MA:0|52주저점+25%:0|52주고점-30%:0,,0.0,,
317770,엑스페릭스,KOSDAQ,2560.0,-30.8,2.6,False,False,False,0,D,0.0,0.0,0.0,0.0,트렌드 미통과,현재가>150MA:0|현재가>200MA:0|150MA>200MA:1|200MA상승중:0|현재가>50MA:1|52주저점+25%:0|52주고점-30%:0,,0.0,,
373200,엑스플러스,KOSDAQ,1618.0,76.3,1.4,False,False,False,0,D,0.0,0.0,0.0,0.0,트렌드 미통과,현재가>150MA:1|현재가>200MA:1|150MA>200MA:1|200MA상승중:1|현재가>50MA:0|52주저점+25%:1|52주고점-30%:0,,0.0,,
069920,엑시온그룹,KOSDAQ,1160.0,28.4,3.3,False,False,False,0,D,0.0,0.0,0.0,0.0,트렌드 미통과,현재가>150MA:1|현재가>200MA:1|150MA>200MA:1|200MA상승중:1|현재가>50MA:1|52주저점+25%:1|52주고점-30%:0,,0.0,,
092870,엑시콘,KOSDAQ,48000.0,147.5,141.3,False,False,False,0,D,0.0,0.0,0.0,0.0,트렌드 미통과,현재가>150MA:1|현재가>200MA:1|150MA>200MA:1|200MA상승중:1|현재가>50MA:1|52주저점+25%:1|52주고점-30%:1,,0.0,,
317870,엔바이오니아,KOSDAQ,4990.0,-48.8,0.5,False,False,False,0,D,0.0,0.0,0.0,0.0,트렌드 미통과,현재가>150MA:0|현재가>200MA:0|150MA>200MA:0|200MA상승중:0|현재가>50MA:1|52주저점+25%:1|52주고점-30%:0,,0.0,,
067570,엔브이에이치코리아,KOSDAQ,1638.0,-35.4,1.1,False,False,False,0,D,0.0,0.0,0.0,0.0,트렌드 미통과,현재가>150MA:0|현재가>200MA:0|150MA>200MA:0|200MA상승중:0|현재가>50MA:0|52주저점+25%:0|52주고점-30%:0,,0.0,,
236810,엔비티,KOSDAQ,1691.0,-8.5,0.5,False,False,False,0,D,0.0,0.0,0.0,0.0,트렌드 미통과,현재가>150MA:1|현재가>200MA:0|150MA>200MA:0|200MA상승중:0|현재가>50MA:1|52주저점+25%:1|52주고점-30%:0,,0.0,,
333620,엔시스,KOSDAQ,5250.0,-26.9,3.5,False,False,False,0,D,0.0,0.0,0.0,0.0,트렌드 미통과,현재가>150MA:0|현재가>200MA:0|150MA>200MA:0|200MA상승중:0|현재가>50MA:0|52주저점+25%:0|52주고점-30%:1,,0.0,,
101400,엔시트론,KOSDAQ,1616.0,192.9,3.5,False,False,False,0,D,0.0,0.0,0.0,0.0,트렌드 미통과,현재가>150MA:1|현재가>200MA:1|150MA>200MA:1|200MA상승중:1|현재가>50MA:0|52주저점+25%:1|52주고점-30%:1,,0.0,,
078860,아이오케이이엔엠,KOSDAQ,2895.0,142.0,1.9,False,False,False,0,D,0.0,0.0,0.0,0.0,트렌드 미통과,현재가>150MA:1|현재가>200MA:1|150MA>200MA:1|200MA상승중:1|현재가>50MA:1|52주저점+25%:1|52주고점-30%:0,,0.0,,
481890,엔에이치스팩31호,KOSDAQ,2060.0,-18.8,0.3,False,False,False,0,D,0.0,0.0,0.0,0.0,트렌드 미통과,현재가>150MA:0|현재가>200MA:0|150MA>200MA:0|200MA상승중:0|현재가>50MA:0|52주저점+25%:0|52주고점-30%:1,,0.0,,
265740,엔에프씨,KOSDAQ,7600.0,19.1,43.6,False,False,False,0,D,0.0,0.0,0.0,0.0,트렌드 미통과,현재가>150MA:1|현재가>200MA:1|150MA>200MA:1|200MA상승중:1|현재가>50MA:1|52주저점+25%:1|52주고점-30%:1,,0.0,,
354200,엔젠바이오,KOSDAQ,955.0,-32.1,11.0,False,False,False,0,D,0.0,0.0,0.0,0.0,트렌드 미통과,현재가>150MA:0|현재가>200MA:0|150MA>200MA:0|200MA상승중:0|현재가>50MA:0|52주저점+25%:1|52주고점-30%:0,,0.0,,
455900,엔젤로보틱스,KOSDAQ,21400.0,-25.9,9.8,False,False,False,0,D,0.0,0.0,0.0,0.0,트렌드 미통과,현재가>150MA:0|현재가>200MA:0|150MA>200MA:0|200MA상승중:0|현재가>50MA:1|52주저점+25%:1|52주고점-30%:0,,0.0,,
419080,엔젯,KOSDAQ,4850.0,-16.2,1.6,False,False,False,0,D,0.0,0.0,0.0,0.0,트렌드 미통과,현재가>150MA:0|현재가>200MA:0|150MA>200MA:0|200MA상승중:0|현재가>50MA:0|52주저점+25%:1|52주고점-30%:0,,0.0,,
208860,다산디엠씨,KOSDAQ,9760.0,708.7,0.2,False,False,False,0,D,0.0,0.0,0.0,0.0,트렌드 미통과,현재가>150MA:1|현재가>200MA:1|150MA>200MA:0|200MA상승중:1|현재가>50MA:1|52주저점+25%:1|52주고점-30%:1,,0.0,,
183490,엔지켐생명과학,KOSDAQ,990.0,-25.7,0.0,False,False,False,0,D,0.0,0.0,0.0,0.0,트렌드 미통과,현재가>150MA:0|현재가>200MA:0|150MA>200MA:0|200MA상승중:0|현재가>50MA:0|52주저점+25%:0|52주고점-30%:0,,0.0,,
182400,엔케이젠바이오텍코리아,KOSDAQ,3670.0,-17.4,0.0,False,False,False,0,D,0.0,0.0,0.0,0.0,트렌드 미통과,현재가>150MA:0|현재가>200MA:0|150MA>200MA:0|200MA상승중:0|현재가>50MA:0|52주저점+25%:0|52주고점-30%:1,,0.0,,
348370,엔켐,KOSDAQ,20250.0,-70.2,42.6,False,False,False,0,D,0.0,0.0,0.0,0.0,트렌드 미통과,현재가>150MA:0|현재가>200MA:0|150MA>200MA:0|200MA상승중:0|현재가>50MA:0|52주저점+25%:1|52주고점-30%:0,,0.0,,
069410,엔텔스,KOSDAQ,2555.0,-55.9,0.3,False,False,False,0,D,0.0,0.0,0.0,0.0,트렌드 미통과,현재가>150MA:0|현재가>200MA:0|150MA>200MA:0|200MA상승중:0|현재가>50MA:0|52주저점+25%:0|52주고점-30%:0,,0.0,,
227950,엔투텍,KOSDAQ,1211.0,104.9,1.1,False,False,False,0,D,0.0,0.0,0.0,0.0,트렌드 미통과,현재가>150MA:1|현재가>200MA:1|150MA>200MA:1|200MA상승중:1|현재가>50MA:0|52주저점+25%:1|52주고점-30%:0,,0.0,,
291230,컴투스엔,KOSDAQ,2600.0,300.3,0.8,True,False,False,64,C,0.0,0.0,0.0,0.0,컵 깊이 깊음(67.2%),현재가>150MA:1|현재가>200MA:1|150MA>200MA:1|200MA상승중:1|현재가>50MA:1|52주저점+25%:1|52주고점-30%:1,,0.0,,
198080,캐프,KOSDAQ,2095.0,-27.0,0.8,False,False,False,0,D,0.0,0.0,0.0,0.0,트렌드 미통과,현재가>150MA:0|현재가>200MA:0|150MA>200MA:1|200MA상승중:0|현재가>50MA:0|52주저점+25%:0|52주고점-30%:0,,0.0,,
048830,엔피케이,KOSDAQ,1032.0,-8.0,0.4,False,False,False,0,D,0.0,0.0,0.0,0.0,트렌드 미통과,현재가>150MA:1|현재가>200MA:1|150MA>200MA:1|200MA상승중:0|현재가>50MA:1|52주저점+25%:1|52주고점-30%:1,,0.0,,
096870,엘디티,KOSDAQ,2320.0,-20.8,0.9,False,False,False,0,D,0.0,0.0,0.0,0.0,트렌드 미통과,현재가>150MA:1|현재가>200MA:1|150MA>200MA:0|200MA상승중:0|현재가>50MA:0|52주저점+25%:1|52주고점-30%:1,,0.0,,
290650,엘앤씨바이오,KOSDAQ,47300.0,-55.6,90.3,False,False,False,0,D,0.0,0.0,0.0,0.0,트렌드 미통과,현재가>150MA:0|현재가>200MA:0|150MA>200MA:0|200MA상승중:0|현재가>50MA:0|52주저점+25%:0|52주고점-30%:0,,0.0,,
156100,엘앤케이바이오,KOSDAQ,6000.0,-31.3,12.5,False,False,False,0,D,0.0,0.0,0.0,0.0,트렌드 미통과,현재가>150MA:0|현재가>200MA:0|150MA>200MA:0|200MA상승중:0|현재가>50MA:1|52주저점+25%:1|52주고점-30%:0,,0.0,,
073110,엘엠에스,KOSDAQ,5210.0,-20.9,0.2,False,False,False,0,D,0.0,0.0,0.0,0.0,트렌드 미통과,현재가>150MA:0|현재가>200MA:0|150MA>200MA:1|200MA상승중:0|현재가>50MA:1|52주저점+25%:0|52주고점-30%:1,,0.0,,
083310,엘오티베큠,KOSDAQ,11010.0,-22.6,6.2,False,False,False,0,D,0.0,0.0,0.0,0.0,트렌드 미통과,현재가>150MA:0|현재가>200MA:0|150MA>200MA:0|200MA상승중:0|현재가>50MA:1|52주저점+25%:1|52주고점-30%:0,,0.0,,
037950,엘컴텍,KOSDAQ,2690.0,126.7,0.5,False,False,False,0,D,0.0,0.0,0.0,0.0,트렌드 미통과,현재가>150MA:1|현재가>200MA:1|150MA>200MA:1|200MA상승중:1|현재가>50MA:0|52주저점+25%:1|52주고점-30%:1,,0.0,,
170920,엘티씨,KOSDAQ,41950.0,42.3,68.8,False,False,False,0,D,0.0,0.0,0.0,0.0,트렌드 미통과,현재가>150MA:1|현재가>200MA:1|150MA>200MA:1|200MA상승중:1|현재가>50MA:1|52주저점+25%:1|52주고점-30%:1,,0.0,,
058630,엠게임,KOSDAQ,3905.0,-40.2,1.4,False,False,False,0,D,0.0,0.0,0.0,0.0,트렌드 미통과,현재가>150MA:0|현재가>200MA:0|150MA>200MA:0|200MA상승중:0|현재가>50MA:0|52주저점+25%:0|52주고점-30%:0,,0.0,,
058970,엠로,KOSDAQ,16320.0,-52.5,4.6,False,False,False,0,D,0.0,0.0,0.0,0.0,트렌드 미통과,현재가>150MA:0|현재가>200MA:0|150MA>200MA:0|200MA상승중:0|현재가>50MA:1|52주저점+25%:1|52주고점-30%:0,,0.0,,
169330,엠브레인,KOSDAQ,1749.0,-21.6,0.4,False,False,False,0,D,0.0,0.0,0.0,0.0,트렌드 미통과,현재가>150MA:1|현재가>200MA:0|150MA>200MA:0|200MA상승중:0|현재가>50MA:1|52주저점+25%:1|52주고점-30%:1,,0.0,,
373170,엠아이큐브솔루션,KOSDAQ,1772.0,-53.3,9.3,False,False,False,0,D,0.0,0.0,0.0,0.0,트렌드 미통과,현재가>150MA:0|현재가>200MA:0|150MA>200MA:0|200MA상승중:0|현재가>50MA:0|52주저점+25%:1|52주고점-30%:0,,0.0,,
179290,엠아이텍,KOSDAQ,4590.0,-36.2,1.9,False,False,False,0,D,0.0,0.0,0.0,0.0,트렌드 미통과,현재가>150MA:0|현재가>200MA:0|150MA>200MA:0|200MA상승중:0|현재가>50MA:0|52주저점+25%:0|52주고점-30%:0,,0.0,,
009780,엠에스씨,KOSDAQ,6770.0,-28.0,0.5,False,False,False,0,D,0.0,0.0,0.0,0.0,트렌드 미통과,현재가>150MA:1|현재가>200MA:0|150MA>200MA:0|200MA상승중:0|현재가>50MA:1|52주저점+25%:0|52주고점-30%:0,,0.0,,
123040,엠에스오토텍,KOSDAQ,1640.0,-32.8,1.5,False,False,False,0,D,0.0,0.0,0.0,0.0,트렌드 미통과,현재가>150MA:0|현재가>200MA:0|150MA>200MA:0|200MA상승중:0|현재가>50MA:0|52주저점+25%:0|52주고점-30%:0,,0.0,,
432980,엠에프씨,KOSDAQ,2470.0,-42.3,1.1,False,False,False,0,D,0.0,0.0,0.0,0.0,트렌드 미통과,현재가>150MA:0|현재가>200MA:0|150MA>200MA:0|200MA상승중:0|현재가>50MA:0|52주저점+25%:0|52주고점-30%:0,,0.0,,
413390,엠오티,KOSDAQ,6260.0,-24.4,1.4,False,False,False,0,D,0.0,0.0,0.0,0.0,트렌드 미통과,현재가>150MA:0|현재가>200MA:0|150MA>200MA:0|200MA상승중:0|현재가>50MA:0|52주저점+25%:0|52주고점-30%:0,,0.0,,
032790,엠젠솔루션,KOSDAQ,1275.0,12.1,4.6,False,False,False,0,D,0.0,0.0,0.0,0.0,트렌드 미통과,현재가>150MA:1|현재가>200MA:1|150MA>200MA:0|200MA상승중:1|현재가>50MA:1|52주저점+25%:1|52주고점-30%:1,,0.0,,
033160,엠케이전자,KOSDAQ,16830.0,13.0,116.5,False,False,False,0,D,0.0,0.0,0.0,0.0,트렌드 미통과,현재가>150MA:0|현재가>200MA:1|150MA>200MA:1|200MA상승중:1|현재가>50MA:1|52주저점+25%:1|52주고점-30%:0,,0.0,,
347890,엠엑스온,KOSDAQ,4275.0,-35.4,0.6,False,False,False,0,D,0.0,0.0,0.0,0.0,트렌드 미통과,현재가>150MA:0|현재가>200MA:0|150MA>200MA:0|200MA상승중:0|현재가>50MA:0|52주저점+25%:0|52주고점-30%:0,,0.0,,
033310,엠투엔,KOSDAQ,1486.0,-27.5,0.9,False,False,False,0,D,0.0,0.0,0.0,0.0,트렌드 미통과,현재가>150MA:0|현재가>200MA:0|150MA>200MA:0|200MA상승중:0|현재가>50MA:1|52주저점+25%:0|52주고점-30%:0,,0.0,,
259630,엠플러스,KOSDAQ,9070.0,-40.4,4.9,False,False,False,0,D,0.0,0.0,0.0,0.0,트렌드 미통과,현재가>150MA:0|현재가>200MA:0|150MA>200MA:0|200MA상승중:0|현재가>50MA:0|52주저점+25%:0|52주고점-30%:0,,0.0,,
105550,엣지파운드리,KOSDAQ,1609.0,82.9,0.8,False,False,False,0,D,0.0,0.0,0.0,0.0,트렌드 미통과,현재가>150MA:1|현재가>200MA:1|150MA>200MA:0|200MA상승중:1|현재가>50MA:1|52주저점+25%:1|52주고점-30%:0,,0.0,,
060850,영림원소프트랩,KOSDAQ,4340.0,-42.4,0.3,False,False,False,0,D,0.0,0.0,0.0,0.0,트렌드 미통과,현재가>150MA:0|현재가>200MA:0|150MA>200MA:0|200MA상승중:0|현재가>50MA:0|52주저점+25%:0|52주고점-30%:0,,0.0,,
143540,영우디에스피,KOSDAQ,1005.0,-9.5,0.8,False,False,False,0,D,0.0,0.0,0.0,0.0,트렌드 미통과,현재가>150MA:0|현재가>200MA:0|150MA>200MA:1|200MA상승중:1|현재가>50MA:0|52주저점+25%:1|52주고점-30%:0,,0.0,,
036560,KZ정밀,KOSDAQ,12010.0,-27.5,0.5,False,False,False,0,D,0.0,0.0,0.0,0.0,트렌드 미통과,현재가>150MA:0|현재가>200MA:0|150MA>200MA:0|200MA상승중:0|현재가>50MA:0|52주저점+25%:0|52주고점-30%:1,,0.0,,
265560,영화테크,KOSDAQ,6260.0,-31.0,0.7,False,False,False,0,D,0.0,0.0,0.0,0.0,트렌드 미통과,현재가>150MA:0|현재가>200MA:0|150MA>200MA:1|200MA상승중:0|현재가>50MA:0|52주저점+25%:0|52주고점-30%:0,,0.0,,
036000,예림당,KOSDAQ,2695.0,-32.1,0.5,False,False,False,0,D,0.0,0.0,0.0,0.0,트렌드 미통과,현재가>150MA:0|현재가>200MA:0|150MA>200MA:0|200MA상승중:0|현재가>50MA:0|52주저점+25%:0|52주고점-30%:1,,0.0,,
250930,예선테크,KOSDAQ,524.0,6.4,0.5,False,False,False,0,D,0.0,0.0,0.0,0.0,트렌드 미통과,현재가>150MA:0|현재가>200MA:0|150MA>200MA:1|200MA상승중:1|현재가>50MA:0|52주저점+25%:1|52주고점-30%:0,,0.0,,
053280,예스24,KOSDAQ,2845.0,-34.5,1.5,False,False,False,0,D,0.0,0.0,0.0,0.0,트렌드 미통과,현재가>150MA:0|현재가>200MA:0|150MA>200MA:0|200MA상승중:0|현재가>50MA:0|52주저점+25%:0|52주고점-30%:1,,0.0,,
122640,예스티,KOSDAQ,32550.0,24.2,109.5,False,False,False,0,D,0.0,0.0,0.0,0.0,트렌드 미통과,현재가>150MA:1|현재가>200MA:1|150MA>200MA:1|200MA상승중:1|현재가>50MA:1|52주저점+25%:1|52주고점-30%:1,,0.0,,
900300,오가닉티코스메틱,KOSDAQ,2800.0,757.6,12.2,False,False,False,0,D,0.0,0.0,0.0,0.0,트렌드 미통과,현재가>150MA:1|현재가>200MA:1|150MA>200MA:1|200MA상승중:1|현재가>50MA:1|52주저점+25%:1|52주고점-30%:0,,0.0,,
045060,오공,KOSDAQ,2085.0,-26.4,0.5,False,False,False,0,D,0.0,0.0,0.0,0.0,트렌드 미통과,현재가>150MA:0|현재가>200MA:0|150MA>200MA:0|200MA상승중:0|현재가>50MA:0|52주저점+25%:0|52주고점-30%:1,,0.0,,
080520,오디텍,KOSDAQ,2900.0,-27.6,0.2,False,False,False,0,D,0.0,0.0,0.0,0.0,트렌드 미통과,현재가>150MA:0|현재가>200MA:0|150MA>200MA:1|200MA상승중:0|현재가>50MA:1|52주저점+25%:0|52주고점-30%:0,,0.0,,
039830,오로라,KOSDAQ,15860.0,-12.4,8.2,False,False,False,0,D,0.0,0.0,0.0,0.0,트렌드 미통과,현재가>150MA:1|현재가>200MA:1|150MA>200MA:1|200MA상승중:0|현재가>50MA:0|52주저점+25%:1|52주고점-30%:0,,0.0,,
322310,오로스테크놀로지,KOSDAQ,14860.0,-55.9,11.0,False,False,False,0,D,0.0,0.0,0.0,0.0,트렌드 미통과,현재가>150MA:0|현재가>200MA:0|150MA>200MA:0|200MA상승중:0|현재가>50MA:1|52주저점+25%:1|52주고점-30%:0,,0.0,,
046120,오르비텍,KOSDAQ,5090.0,-17.8,84.9,False,False,False,0,D,0.0,0.0,0.0,0.0,트렌드 미통과,현재가>150MA:0|현재가>200MA:0|150MA>200MA:1|200MA상승중:1|현재가>50MA:1|52주저점+25%:1|52주고점-30%:0,,0.0,,
475830,오름테라퓨틱,KOSDAQ,22500.0,-80.2,142.1,False,False,False,0,D,0.0,0.0,0.0,0.0,트렌드 미통과,현재가>150MA:0|현재가>200MA:0|150MA>200MA:0|200MA상승중:0|현재가>50MA:0|52주저점+25%:0|52주고점-30%:0,,0.0,,
014940,오리엔탈정공,KOSDAQ,4380.0,-50.1,5.4,False,False,False,0,D,0.0,0.0,0.0,0.0,트렌드 미통과,현재가>150MA:0|현재가>200MA:0|150MA>200MA:0|200MA상승중:0|현재가>50MA:0|52주저점+25%:0|52주고점-30%:0,,0.0,,
065500,오리엔트정공,KOSDAQ,1017.0,-59.0,0.7,False,False,False,0,D,0.0,0.0,0.0,0.0,트렌드 미통과,현재가>150MA:0|현재가>200MA:0|150MA>200MA:0|200MA상승중:0|현재가>50MA:0|52주저점+25%:0|52주고점-30%:0,,0.0,,
010470,오리콤,KOSDAQ,5030.0,-24.0,0.2,False,False,False,0,D,0.0,0.0,0.0,0.0,트렌드 미통과,현재가>150MA:0|현재가>200MA:0|150MA>200MA:0|200MA상승중:0|현재가>50MA:1|52주저점+25%:0|52주고점-30%:1,,0.0,,
417860,오브젠,KOSDAQ,6750.0,-45.0,3.2,False,False,False,0,D,0.0,0.0,0.0,0.0,트렌드 미통과,현재가>150MA:0|현재가>200MA:0|150MA>200MA:0|200MA상승중:0|현재가>50MA:0|52주저점+25%:0|52주고점-30%:0,,0.0,,
352910,오비고,KOSDAQ,4895.0,0.5,0.5,False,False,False,0,D,0.0,0.0,0.0,0.0,트렌드 미통과,현재가>150MA:1|현재가>200MA:1|150MA>200MA:0|200MA상승중:1|현재가>50MA:1|52주저점+25%:1|52주고점-30%:1,,0.0,,
053980,오상자이엘,KOSDAQ,2405.0,-36.3,1.2,False,False,False,0,D,0.0,0.0,0.0,0.0,트렌드 미통과,현재가>150MA:0|현재가>200MA:0|150MA>200MA:0|200MA상승중:0|현재가>50MA:0|52주저점+25%:0|52주고점-30%:0,,0.0,,
036220,오상헬스케어,KOSDAQ,6440.0,-42.6,22.9,False,False,False,0,D,0.0,0.0,0.0,0.0,트렌드 미통과,현재가>150MA:0|현재가>200MA:0|150MA>200MA:0|200MA상승중:0|현재가>50MA:0|52주저점+25%:0|52주고점-30%:0,,0.0,,
052420,오성첨단소재,KOSDAQ,9580.0,293.2,4.2,True,False,False,64,C,0.0,0.0,0.0,0.0,핸들 기간 김(84일),현재가>150MA:1|현재가>200MA:1|150MA>200MA:1|200MA상승중:1|현재가>50MA:1|52주저점+25%:1|52주고점-30%:1,,0.0,,
052300,오션인더블유,KOSDAQ,1585.0,-26.6,3.8,False,False,False,0,D,0.0,0.0,0.0,0.0,트렌드 미통과,현재가>150MA:0|현재가>200MA:0|150MA>200MA:0|200MA상승중:0|현재가>50MA:1|52주저점+25%:1|52주고점-30%:0,,0.0,,
039200,오스코텍,KOSDAQ,35650.0,-36.5,37.7,False,False,False,0,D,0.0,0.0,0.0,0.0,트렌드 미통과,현재가>150MA:0|현재가>200MA:0|150MA>200MA:0|200MA상승중:0|현재가>50MA:1|52주저점+25%:1|52주고점-30%:0,,0.0,,
226400,오스테오닉,KOSDAQ,3900.0,-46.0,3.9,False,False,False,0,D,0.0,0.0,0.0,0.0,트렌드 미통과,현재가>150MA:0|현재가>200MA:0|150MA>200MA:0|200MA상승중:0|현재가>50MA:0|52주저점+25%:0|52주고점-30%:0,,0.0,,
031510,오스템,KOSDAQ,1148.0,-8.8,0.7,False,False,False,0,D,0.0,0.0,0.0,0.0,트렌드 미통과,현재가>150MA:1|현재가>200MA:1|150MA>200MA:1|200MA상승중:1|현재가>50MA:1|52주저점+25%:0|52주고점-30%:1,,0.0,,
368970,오에스피,KOSDAQ,2665.0,16.6,0.7,True,False,False,56,D,0.0,0.0,0.0,0.0,핸들 기간 김(84일),현재가>150MA:1|현재가>200MA:1|150MA>200MA:1|200MA상승중:1|현재가>50MA:1|52주저점+25%:1|52주고점-30%:1,,0.0,,
138080,오이솔루션,KOSDAQ,28100.0,34.1,101.9,False,False,False,0,D,0.0,0.0,0.0,0.0,트렌드 미통과,현재가>150MA:0|현재가>200MA:1|150MA>200MA:1|200MA상승중:1|현재가>50MA:1|52주저점+25%:1|52주고점-30%:0,,0.0,,
080580,오킨스전자,KOSDAQ,25150.0,85.2,79.8,False,False,False,0,D,0.0,0.0,0.0,0.0,트렌드 미통과,현재가>150MA:1|현재가>200MA:1|150MA>200MA:1|200MA상승중:1|현재가>50MA:1|52주저점+25%:1|52주고점-30%:1,,0.0,,
067170,오텍,KOSDAQ,2545.0,-2.9,8.5,False,False,False,0,D,0.0,0.0,0.0,0.0,트렌드 미통과,현재가>150MA:1|현재가>200MA:1|150MA>200MA:1|200MA상승중:1|현재가>50MA:1|52주저점+25%:1|52주고점-30%:0,,0.0,,
353590,오토앤,KOSDAQ,1429.0,-56.0,0.1,False,False,False,0,D,0.0,0.0,0.0,0.0,트렌드 미통과,현재가>150MA:0|현재가>200MA:0|150MA>200MA:0|200MA상승중:0|현재가>50MA:0|52주저점+25%:0|52주고점-30%:0,,0.0,,
173130,오파스넷,KOSDAQ,7730.0,-2.1,6.4,False,False,False,0,D,0.0,0.0,0.0,0.0,트렌드 미통과,현재가>150MA:1|현재가>200MA:1|150MA>200MA:1|200MA상승중:1|현재가>50MA:1|52주저점+25%:1|52주고점-30%:1,,0.0,,
440320,오픈놀,KOSDAQ,2115.0,-48.0,0.3,False,False,False,0,D,0.0,0.0,0.0,0.0,트렌드 미통과,현재가>150MA:0|현재가>200MA:0|150MA>200MA:0|200MA상승중:0|현재가>50MA:0|52주저점+25%:0|52주고점-30%:0,,0.0,,
049480,오픈베이스,KOSDAQ,1916.0,-28.4,3.9,False,False,False,0,D,0.0,0.0,0.0,0.0,트렌드 미통과,현재가>150MA:0|현재가>200MA:0|150MA>200MA:0|200MA상승중:0|현재가>50MA:1|52주저점+25%:0|52주고점-30%:0,,0.0,,
394280,오픈엣지테크놀로지,KOSDAQ,9880.0,-39.2,7.8,False,False,False,0,D,0.0,0.0,0.0,0.0,트렌드 미통과,현재가>150MA:0|현재가>200MA:0|150MA>200MA:0|200MA상승중:0|현재가>50MA:1|52주저점+25%:0|52주고점-30%:0,,0.0,,
309930,조이웍스앤코,KOSDAQ,823.0,-31.2,0.8,False,False,False,0,D,0.0,0.0,0.0,0.0,트렌드 미통과,현재가>150MA:0|현재가>200MA:0|150MA>200MA:0|200MA상승중:0|현재가>50MA:0|52주저점+25%:1|52주고점-30%:0,,0.0,,
476060,온코닉테라퓨틱스,KOSDAQ,15330.0,-35.1,130.0,False,False,False,0,D,0.0,0.0,0.0,0.0,트렌드 미통과,현재가>150MA:0|현재가>200MA:0|150MA>200MA:0|200MA상승중:0|현재가>50MA:1|52주저점+25%:1|52주고점-30%:0,,0.0,,
382150,온코크로스,KOSDAQ,3760.0,-52.6,6.6,False,False,False,0,D,0.0,0.0,0.0,0.0,트렌드 미통과,현재가>150MA:0|현재가>200MA:0|150MA>200MA:0|200MA상승중:0|현재가>50MA:1|52주저점+25%:1|52주고점-30%:0,,0.0,,
244460,올리패스,KOSDAQ,1651.0,-17.3,0.0,False,False,False,0,D,0.0,0.0,0.0,0.0,트렌드 미통과,현재가>150MA:0|현재가>200MA:0|150MA>200MA:0|200MA상승중:0|현재가>50MA:0|52주저점+25%:0|52주고점-30%:1,,0.0,,
226950,올릭스,KOSDAQ,102800.0,-44.0,242.4,False,False,False,0,D,0.0,0.0,0.0,0.0,트렌드 미통과,현재가>150MA:0|현재가>200MA:0|150MA>200MA:1|200MA상승중:0|현재가>50MA:0|52주저점+25%:1|52주고점-30%:0,,0.0,,
057540,옴니시스템,KOSDAQ,602.0,-43.6,0.5,False,False,False,0,D,0.0,0.0,0.0,0.0,트렌드 미통과,현재가>150MA:0|현재가>200MA:0|150MA>200MA:0|200MA상승중:0|현재가>50MA:0|52주저점+25%:0|52주고점-30%:0,,0.0,,
131030,옵투스제약,KOSDAQ,5900.0,-39.8,1.1,False,False,False,0,D,0.0,0.0,0.0,0.0,트렌드 미통과,현재가>150MA:0|현재가>200MA:0|150MA>200MA:1|200MA상승중:0|현재가>50MA:1|52주저점+25%:0|52주고점-30%:0,,0.0,,
082210,옵트론텍,KOSDAQ,1701.0,-23.7,1.0,False,False,False,0,D,0.0,0.0,0.0,0.0,트렌드 미통과,현재가>150MA:0|현재가>200MA:0|150MA>200MA:1|200MA상승중:1|현재가>50MA:0|52주저점+25%:1|52주고점-30%:1,,0.0,,
109080,옵티시스,KOSDAQ,9110.0,-17.8,3.1,False,False,False,0,D,0.0,0.0,0.0,0.0,트렌드 미통과,현재가>150MA:0|현재가>200MA:0|150MA>200MA:1|200MA상승중:1|현재가>50MA:1|52주저점+25%:1|52주고점-30%:0,,0.0,,
380540,옵티코어,KOSDAQ,8450.0,147.1,0.0,False,False,False,0,D,0.0,0.0,0.0,0.0,트렌드 미통과,현재가>150MA:1|현재가>200MA:1|150MA>200MA:1|200MA상승중:1|현재가>50MA:0|52주저점+25%:1|52주고점-30%:1,,0.0,,
153710,옵티팜,KOSDAQ,4690.0,-18.9,0.2,False,False,False,0,D,0.0,0.0,0.0,0.0,트렌드 미통과,현재가>150MA:0|현재가>200MA:0|150MA>200MA:0|200MA상승중:0|현재가>50MA:0|52주저점+25%:0|52주고점-30%:1,,0.0,,
432430,와이랩,KOSDAQ,2040.0,-47.4,0.2,False,False,False,0,D,0.0,0.0,0.0,0.0,트렌드 미통과,현재가>150MA:0|현재가>200MA:0|150MA>200MA:0|200MA상승중:0|현재가>50MA:0|52주저점+25%:0|52주고점-30%:0,,0.0,,
338840,와이바이오로직스,KOSDAQ,8030.0,-68.0,2.5,False,False,False,0,D,0.0,0.0,0.0,0.0,트렌드 미통과,현재가>150MA:0|현재가>200MA:0|150MA>200MA:0|200MA상승중:0|현재가>50MA:0|52주저점+25%:0|52주고점-30%:0,,0.0,,
122990,와이솔,KOSDAQ,6720.0,-10.9,4.6,False,False,False,0,D,0.0,0.0,0.0,0.0,트렌드 미통과,현재가>150MA:0|현재가>200MA:1|150MA>200MA:1|200MA상승중:1|현재가>50MA:1|52주저점+25%:0|52주고점-30%:1,,0.0,,
232140,와이씨,KOSDAQ,14230.0,-14.3,338.2,False,False,False,0,D,0.0,0.0,0.0,0.0,트렌드 미통과,현재가>150MA:0|현재가>200MA:0|150MA>200MA:0|200MA상승중:0|현재가>50MA:1|52주저점+25%:1|52주고점-30%:0,,0.0,,
112290,와이씨켐,KOSDAQ,10780.0,-48.4,10.0,False,False,False,0,D,0.0,0.0,0.0,0.0,트렌드 미통과,현재가>150MA:0|현재가>200MA:0|150MA>200MA:0|200MA상승중:0|현재가>50MA:1|52주저점+25%:1|52주고점-30%:0,,0.0,,
065530,와이어블,KOSDAQ,1273.0,-22.5,2.3,False,False,False,0,D,0.0,0.0,0.0,0.0,트렌드 미통과,현재가>150MA:0|현재가>200MA:0|150MA>200MA:1|200MA상승중:0|현재가>50MA:1|52주저점+25%:0|52주고점-30%:0,,0.0,,
067900,와이엔텍,KOSDAQ,5920.0,-28.2,1.1,False,False,False,0,D,0.0,0.0,0.0,0.0,트렌드 미통과,현재가>150MA:0|현재가>200MA:0|150MA>200MA:0|200MA상승중:0|현재가>50MA:0|52주저점+25%:0|52주고점-30%:1,,0.0,,
007530,와이엠,KOSDAQ,1775.0,-41.1,0.9,False,False,False,0,D,0.0,0.0,0.0,0.0,트렌드 미통과,현재가>150MA:0|현재가>200MA:0|150MA>200MA:0|200MA상승중:0|현재가>50MA:1|52주저점+25%:0|52주고점-30%:0,,0.0,,
155650,와이엠씨,KOSDAQ,3435.0,-15.7,1.8,False,False,False,0,D,0.0,0.0,0.0,0.0,트렌드 미통과,현재가>150MA:1|현재가>200MA:0|150MA>200MA:0|200MA상승중:0|현재가>50MA:1|52주저점+25%:1|52주고점-30%:1,,0.0,,
273640,와이엠텍,KOSDAQ,5140.0,-42.4,0.7,False,False,False,0,D,0.0,0.0,0.0,0.0,트렌드 미통과,현재가>150MA:0|현재가>200MA:0|150MA>200MA:0|200MA상승중:0|현재가>50MA:1|52주저점+25%:0|52주고점-30%:0,,0.0,,
251370,와이엠티,KOSDAQ,8400.0,-46.2,7.0,False,False,False,0,D,0.0,0.0,0.0,0.0,트렌드 미통과,현재가>150MA:0|현재가>200MA:0|150MA>200MA:1|200MA상승중:0|현재가>50MA:1|52주저점+25%:1|52주고점-30%:0,,0.0,,
066430,아이로보틱스,KOSDAQ,2055.0,-7.7,10.6,False,False,False,0,D,0.0,0.0,0.0,0.0,트렌드 미통과,현재가>150MA:0|현재가>200MA:0|150MA>200MA:1|200MA상승중:1|현재가>50MA:0|52주저점+25%:1|52주고점-30%:0,,0.0,,
209640,와이제이링크,KOSDAQ,3650.0,-30.3,39.3,False,False,False,0,D,0.0,0.0,0.0,0.0,트렌드 미통과,현재가>150MA:0|현재가>200MA:0|150MA>200MA:1|200MA상승중:1|현재가>50MA:1|52주저점+25%:1|52주고점-30%:0,,0.0,,
096250,와이즈넛,KOSDAQ,5550.0,-63.0,1.0,False,False,False,0,D,0.0,0.0,0.0,0.0,트렌드 미통과,현재가>150MA:0|현재가>200MA:0|150MA>200MA:0|200MA상승중:0|현재가>50MA:0|52주저점+25%:0|52주고점-30%:0,,0.0,,
273060,와이즈버즈,KOSDAQ,3860.0,281.9,0.8,True,False,False,64,C,0.0,0.0,0.0,0.0,현재가 피벗 미달(-6.9%),현재가>150MA:1|현재가>200MA:1|150MA>200MA:1|200MA상승중:1|현재가>50MA:1|52주저점+25%:1|52주고점-30%:1,,0.0,,
019210,와이지-원,KOSDAQ,12280.0,14.8,68.2,False,False,False,0,D,0.0,0.0,0.0,0.0,트렌드 미통과,현재가>150MA:0|현재가>200MA:0|150MA>200MA:1|200MA상승중:1|현재가>50MA:0|52주저점+25%:1|52주고점-30%:0,,0.0,,
122870,와이지엔터테인먼트,KOSDAQ,43000.0,-40.6,54.8,False,False,False,0,D,0.0,0.0,0.0,0.0,트렌드 미통과,현재가>150MA:0|현재가>200MA:0|150MA>200MA:0|200MA상승중:0|현재가>50MA:1|52주저점+25%:0|52주고점-30%:0,,0.0,,
332570,PS일렉트로닉스,KOSDAQ,8910.0,44.5,223.6,False,False,False,0,D,0.0,0.0,0.0,0.0,트렌드 미통과,현재가>150MA:1|현재가>200MA:1|150MA>200MA:1|200MA상승중:1|현재가>50MA:1|52주저점+25%:1|52주고점-30%:0,,0.0,,
079000,와토스코리아,KOSDAQ,3660.0,-52.4,0.7,False,False,False,0,D,0.0,0.0,0.0,0.0,트렌드 미통과,현재가>150MA:0|현재가>200MA:0|150MA>200MA:0|200MA상승중:0|현재가>50MA:0|52주저점+25%:0|52주고점-30%:0,,0.0,,
403490,우듬지팜,KOSDAQ,1956.0,102.0,0.5,False,False,False,0,D,0.0,0.0,0.0,0.0,트렌드 미통과,현재가>150MA:1|현재가>200MA:1|150MA>200MA:0|200MA상승중:1|현재가>50MA:1|52주저점+25%:1|52주고점-30%:1,,0.0,,
032820,우리기술,KOSDAQ,12190.0,62.3,920.7,False,False,False,0,D,0.0,0.0,0.0,0.0,트렌드 미통과,현재가>150MA:0|현재가>200MA:0|150MA>200MA:1|200MA상승중:1|현재가>50MA:1|52주저점+25%:1|52주고점-30%:0,,0.0,,
041190,우리기술투자,KOSDAQ,5750.0,-26.2,225.2,False,False,False,0,D,0.0,0.0,0.0,0.0,트렌드 미통과,현재가>150MA:0|현재가>200MA:0|150MA>200MA:0|200MA상승중:0|현재가>50MA:1|52주저점+25%:1|52주고점-30%:0,,0.0,,
115440,우리넷,KOSDAQ,11450.0,22.6,247.6,False,False,False,0,D,0.0,0.0,0.0,0.0,트렌드 미통과,현재가>150MA:1|현재가>200MA:1|150MA>200MA:1|200MA상승중:1|현재가>50MA:1|52주저점+25%:1|52주고점-30%:0,,0.0,,
046970,우리로,KOSDAQ,7260.0,185.8,433.9,False,False,False,0,D,0.0,0.0,0.0,0.0,트렌드 미통과,현재가>150MA:1|현재가>200MA:1|150MA>200MA:1|200MA상승중:1|현재가>50MA:1|52주저점+25%:1|52주고점-30%:0,,0.0,,
082850,우리바이오,KOSDAQ,4375.0,156.2,5.8,False,False,False,0,D,0.0,0.0,0.0,0.0,트렌드 미통과,현재가>150MA:1|현재가>200MA:1|150MA>200MA:0|200MA상승중:1|현재가>50MA:1|52주저점+25%:1|52주고점-30%:1,,0.0,,
215360,우리산업,KOSDAQ,6180.0,-33.4,0.5,False,False,False,0,D,0.0,0.0,0.0,0.0,트렌드 미통과,현재가>150MA:0|현재가>200MA:0|150MA>200MA:0|200MA상승중:0|현재가>50MA:0|52주저점+25%:0|52주고점-30%:0,,0.0,,
072470,우리산업홀딩스,KOSDAQ,2395.0,-36.0,0.2,False,False,False,0,D,0.0,0.0,0.0,0.0,트렌드 미통과,현재가>150MA:0|현재가>200MA:0|150MA>200MA:0|200MA상승중:0|현재가>50MA:0|52주저점+25%:0|52주고점-30%:0,,0.0,,
073560,우리손에프앤지,KOSDAQ,1520.0,-21.0,0.9,False,False,False,0,D,0.0,0.0,0.0,0.0,트렌드 미통과,현재가>150MA:0|현재가>200MA:0|150MA>200MA:1|200MA상승중:1|현재가>50MA:1|52주저점+25%:0|52주고점-30%:1,,0.0,,
037400,우리엔터프라이즈,KOSDAQ,3355.0,290.5,1.0,True,False,False,64,C,0.0,0.0,0.0,0.0,현재가 피벗 미달(-14.0%),현재가>150MA:1|현재가>200MA:1|150MA>200MA:1|200MA상승중:1|현재가>50MA:1|52주저점+25%:1|52주고점-30%:1,,0.0,,
153490,우리이앤엘하루틴,KOSDAQ,3125.0,391.1,1.5,True,False,False,64,C,0.0,0.0,0.0,0.0,컵 깊이 깊음(55.8%),현재가>150MA:1|현재가>200MA:1|150MA>200MA:1|200MA상승중:1|현재가>50MA:1|52주저점+25%:1|52주고점-30%:1,,0.0,,
101170,우림피티에스,KOSDAQ,8150.0,-18.2,4.4,False,False,False,0,D,0.0,0.0,0.0,0.0,트렌드 미통과,현재가>150MA:0|현재가>200MA:0|150MA>200MA:0|200MA상승중:1|현재가>50MA:1|52주저점+25%:1|52주고점-30%:0,,0.0,,
066590,스모트로닉,KOSDAQ,2295.0,-22.0,1.8,False,False,False,0,D,0.0,0.0,0.0,0.0,트렌드 미통과,현재가>150MA:0|현재가>200MA:0|150MA>200MA:0|200MA상승중:0|현재가>50MA:0|52주저점+25%:1|52주고점-30%:0,,0.0,,
103840,우양,KOSDAQ,1576.0,-56.8,0.4,False,False,False,0,D,0.0,0.0,0.0,0.0,트렌드 미통과,현재가>150MA:0|현재가>200MA:0|150MA>200MA:0|200MA상승중:0|현재가>50MA:0|52주저점+25%:0|52주고점-30%:0,,0.0,,
046940,우원개발,KOSDAQ,2695.0,-38.4,2.0,False,False,False,0,D,0.0,0.0,0.0,0.0,트렌드 미통과,현재가>150MA:0|현재가>200MA:0|150MA>200MA:1|200MA상승중:0|현재가>50MA:0|52주저점+25%:0|52주고점-30%:0,,0.0,,
215380,콜마바이오텍,KOSDAQ,2220.0,-16.2,0.5,False,False,False,0,D,0.0,0.0,0.0,0.0,트렌드 미통과,현재가>150MA:0|현재가>200MA:0|150MA>200MA:1|200MA상승중:1|현재가>50MA:0|52주저점+25%:1|52주고점-30%:0,,0.0,,
065680,우주일렉트로,KOSDAQ,25350.0,-41.4,5.5,False,False,False,0,D,0.0,0.0,0.0,0.0,트렌드 미통과,현재가>150MA:0|현재가>200MA:0|150MA>200MA:0|200MA상승중:0|현재가>50MA:1|52주저점+25%:1|52주고점-30%:0,,0.0,,
018620,우진비앤지,KOSDAQ,2700.0,130.5,0.4,True,False,False,64,C,0.0,0.0,0.0,0.0,핸들 기간 김(88일),현재가>150MA:1|현재가>200MA:1|150MA>200MA:1|200MA상승중:1|현재가>50MA:1|52주저점+25%:1|52주고점-30%:1,,0.0,,
457550,우진엔텍,KOSDAQ,13510.0,-50.7,12.7,False,False,False,0,D,0.0,0.0,0.0,0.0,트렌드 미통과,현재가>150MA:0|현재가>200MA:0|150MA>200MA:0|200MA상승중:0|현재가>50MA:0|52주저점+25%:0|52주고점-30%:0,,0.0,,
396470,워트,KOSDAQ,6890.0,-13.1,6.9,False,False,False,0,D,0.0,0.0,0.0,0.0,트렌드 미통과,현재가>150MA:1|현재가>200MA:1|150MA>200MA:0|200MA상승중:0|현재가>50MA:1|52주저점+25%:1|52주고점-30%:0,,0.0,,
307280,원바이오젠,KOSDAQ,5900.0,-19.2,1.2,False,False,False,0,D,0.0,0.0,0.0,0.0,트렌드 미통과,현재가>150MA:0|현재가>200MA:0|150MA>200MA:0|200MA상승중:1|현재가>50MA:1|52주저점+25%:0|52주고점-30%:1,,0.0,,
032940,원익,KOSDAQ,8850.0,6.3,357.4,False,False,False,0,D,0.0,0.0,0.0,0.0,트렌드 미통과,현재가>150MA:1|현재가>200MA:0|150MA>200MA:0|200MA상승중:1|현재가>50MA:1|52주저점+25%:1|52주고점-30%:0,,0.0,,
240810,원익IPS,KOSDAQ,130300.0,40.5,1207.0,False,False,False,0,D,0.0,0.0,0.0,0.0,트렌드 미통과,현재가>150MA:1|현재가>200MA:1|150MA>200MA:1|200MA상승중:1|현재가>50MA:1|52주저점+25%:1|52주고점-30%:1,,0.0,,
074600,원익QnC,KOSDAQ,29800.0,-8.2,46.1,False,False,False,0,D,0.0,0.0,0.0,0.0,트렌드 미통과,현재가>150MA:0|현재가>200MA:1|150MA>200MA:1|200MA상승중:1|현재가>50MA:1|52주저점+25%:1|52주고점-30%:1,,0.0,,
104830,원익머트리얼즈,KOSDAQ,38000.0,-8.5,17.7,False,False,False,0,D,0.0,0.0,0.0,0.0,트렌드 미통과,현재가>150MA:0|현재가>200MA:0|150MA>200MA:1|200MA상승중:1|현재가>50MA:1|52주저점+25%:1|52주고점-30%:0,,0.0,,
014190,원익큐브,KOSDAQ,1365.0,-20.9,1.5,False,False,False,0,D,0.0,0.0,0.0,0.0,트렌드 미통과,현재가>150MA:0|현재가>200MA:0|150MA>200MA:0|200MA상승중:0|현재가>50MA:1|52주저점+25%:1|52주고점-30%:0,,0.0,,
217820,원익피앤이,KOSDAQ,2305.0,-28.1,28.8,False,False,False,0,D,0.0,0.0,0.0,0.0,트렌드 미통과,현재가>150MA:0|현재가>200MA:0|150MA>200MA:0|200MA상승중:0|현재가>50MA:1|52주저점+25%:1|52주고점-30%:0,,0.0,,
030530,원익홀딩스,KOSDAQ,26600.0,11.6,719.9,False,False,False,0,D,0.0,0.0,0.0,0.0,트렌드 미통과,현재가>150MA:1|현재가>200MA:0|150MA>200MA:0|200MA상승중:0|현재가>50MA:1|52주저점+25%:1|52주고점-30%:0,,0.0,,
012620,원일특강,KOSDAQ,7120.0,-26.3,0.3,False,False,False,0,D,0.0,0.0,0.0,0.0,트렌드 미통과,현재가>150MA:0|현재가>200MA:0|150MA>200MA:0|200MA상승중:0|현재가>50MA:1|52주저점+25%:0|52주고점-30%:1,,0.0,,
382840,원준,KOSDAQ,4980.0,-48.2,4.1,False,False,False,0,D,0.0,0.0,0.0,0.0,트렌드 미통과,현재가>150MA:0|현재가>200MA:0|150MA>200MA:0|200MA상승중:0|현재가>50MA:1|52주저점+25%:1|52주고점-30%:0,,0.0,,
336570,원텍,KOSDAQ,4810.0,-49.8,17.3,False,False,False,0,D,0.0,0.0,0.0,0.0,트렌드 미통과,현재가>150MA:0|현재가>200MA:0|150MA>200MA:0|200MA상승중:0|현재가>50MA:0|52주저점+25%:0|52주고점-30%:0,,0.0,,
376980,원티드랩,KOSDAQ,3070.0,-13.7,0.2,False,False,False,0,D,0.0,0.0,0.0,0.0,트렌드 미통과,현재가>150MA:0|현재가>200MA:0|150MA>200MA:0|200MA상승중:0|현재가>50MA:1|52주저점+25%:1|52주고점-30%:1,,0.0,,
008370,원풍,KOSDAQ,5100.0,-12.6,0.4,False,False,False,0,D,0.0,0.0,0.0,0.0,트렌드 미통과,현재가>150MA:1|현재가>200MA:1|150MA>200MA:1|200MA상승중:0|현재가>50MA:1|52주저점+25%:0|52주고점-30%:1,,0.0,,
101160,월덱스,KOSDAQ,32250.0,3.8,13.1,False,False,False,0,D,0.0,0.0,0.0,0.0,트렌드 미통과,현재가>150MA:1|현재가>200MA:1|150MA>200MA:1|200MA상승중:1|현재가>50MA:1|52주저점+25%:1|52주고점-30%:1,,0.0,,
336060,웨이버스,KOSDAQ,3095.0,282.2,0.3,True,False,False,64,C,0.0,0.0,0.0,0.0,컵 깊이 깊음(50.1%),현재가>150MA:1|현재가>200MA:1|150MA>200MA:1|200MA상승중:1|현재가>50MA:1|52주저점+25%:1|52주고점-30%:1,,0.0,,
095270,웨이브일렉트로,KOSDAQ,4310.0,-19.3,1.4,False,False,False,0,D,0.0,0.0,0.0,0.0,트렌드 미통과,현재가>150MA:0|현재가>200MA:0|150MA>200MA:1|200MA상승중:0|현재가>50MA:1|52주저점+25%:1|52주고점-30%:0,,0.0,,
289930,웨이비스,KOSDAQ,8000.0,-35.3,7.6,False,False,False,0,D,0.0,0.0,0.0,0.0,트렌드 미통과,현재가>150MA:0|현재가>200MA:0|150MA>200MA:1|200MA상승중:0|현재가>50MA:1|52주저점+25%:1|52주고점-30%:0,,0.0,,
065950,웰크론,KOSDAQ,1125.0,-36.4,0.5,False,False,False,0,D,0.0,0.0,0.0,0.0,트렌드 미통과,현재가>150MA:0|현재가>200MA:0|150MA>200MA:0|200MA상승중:0|현재가>50MA:1|52주저점+25%:0|52주고점-30%:0,,0.0,,
076080,웰크론한텍,KOSDAQ,1070.0,-14.7,0.4,False,False,False,0,D,0.0,0.0,0.0,0.0,트렌드 미통과,현재가>150MA:1|현재가>200MA:0|150MA>200MA:0|200MA상승중:0|현재가>50MA:1|52주저점+25%:1|52주고점-30%:0,,0.0,,
043590,웰킵스하이텍,KOSDAQ,1710.0,122.7,0.3,True,False,False,64,C,0.0,0.0,0.0,0.0,컵 깊이 깊음(54.6%),현재가>150MA:1|현재가>200MA:1|150MA>200MA:1|200MA상승중:1|현재가>50MA:1|52주저점+25%:1|52주고점-30%:1,,0.0,,
196700,웹스,KOSDAQ,1267.0,-22.7,0.5,False,False,False,0,D,0.0,0.0,0.0,0.0,트렌드 미통과,현재가>150MA:0|현재가>200MA:0|150MA>200MA:0|200MA상승중:0|현재가>50MA:0|52주저점+25%:1|52주고점-30%:0,,0.0,,
069080,웹젠,KOSDAQ,11660.0,-25.4,8.7,False,False,False,0,D,0.0,0.0,0.0,0.0,트렌드 미통과,현재가>150MA:0|현재가>200MA:0|150MA>200MA:0|200MA상승중:0|현재가>50MA:1|52주저점+25%:0|52주고점-30%:0,,0.0,,
053580,웹케시,KOSDAQ,7130.0,-31.9,0.8,False,False,False,0,D,0.0,0.0,0.0,0.0,트렌드 미통과,현재가>150MA:0|현재가>200MA:0|150MA>200MA:0|200MA상승중:0|현재가>50MA:1|52주저점+25%:0|52주고점-30%:0,,0.0,,
377460,큐에이드,KOSDAQ,4080.0,-17.3,0.0,False,False,False,0,D,0.0,0.0,0.0,0.0,트렌드 미통과,현재가>150MA:0|현재가>200MA:0|150MA>200MA:0|200MA상승중:0|현재가>50MA:0|52주저점+25%:0|52주고점-30%:1,,0.0,,
044340,위닉스,KOSDAQ,2715.0,-56.5,2.1,False,False,False,0,D,0.0,0.0,0.0,0.0,트렌드 미통과,현재가>150MA:0|현재가>200MA:0|150MA>200MA:0|200MA상승중:0|현재가>50MA:0|52주저점+25%:0|52주고점-30%:0,,0.0,,
330350,위더스제약,KOSDAQ,7160.0,-22.7,85.3,False,False,False,0,D,0.0,0.0,0.0,0.0,트렌드 미통과,현재가>150MA:0|현재가>200MA:0|150MA>200MA:0|200MA상승중:1|현재가>50MA:0|52주저점+25%:0|52주고점-30%:0,,0.0,,
348350,위드텍,KOSDAQ,9200.0,-8.6,1.7,False,False,False,0,D,0.0,0.0,0.0,0.0,트렌드 미통과,현재가>150MA:0|현재가>200MA:0|150MA>200MA:1|200MA상승중:1|현재가>50MA:0|52주저점+25%:1|52주고점-30%:1,,0.0,,
112040,위메이드,KOSDAQ,15220.0,-44.9,34.8,False,False,False,0,D,0.0,0.0,0.0,0.0,트렌드 미통과,현재가>150MA:0|현재가>200MA:0|150MA>200MA:0|200MA상승중:0|현재가>50MA:0|52주저점+25%:0|52주고점-30%:0,,0.0,,
101730,위메이드맥스,KOSDAQ,4460.0,-14.1,28.4,False,False,False,0,D,0.0,0.0,0.0,0.0,트렌드 미통과,현재가>150MA:0|현재가>200MA:0|150MA>200MA:0|200MA상승중:0|현재가>50MA:1|52주저점+25%:1|52주고점-30%:0,,0.0,,
123420,위메이드플레이,KOSDAQ,6380.0,-25.4,1.7,False,False,False,0,D,0.0,0.0,0.0,0.0,트렌드 미통과,현재가>150MA:0|현재가>200MA:0|150MA>200MA:0|200MA상승중:0|현재가>50MA:1|52주저점+25%:0|52주고점-30%:0,,0.0,,
065370,위세아이텍,KOSDAQ,2875.0,-47.1,0.2,False,False,False,0,D,0.0,0.0,0.0,0.0,트렌드 미통과,현재가>150MA:0|현재가>200MA:0|150MA>200MA:0|200MA상승중:0|현재가>50MA:0|52주저점+25%:0|52주고점-30%:0,,0.0,,
038620,위즈코프,KOSDAQ,2000.0,124.8,0.6,True,False,False,64,C,0.0,0.0,0.0,0.0,컵 기간 짧음(21일),현재가>150MA:1|현재가>200MA:1|150MA>200MA:1|200MA상승중:1|현재가>50MA:1|52주저점+25%:1|52주고점-30%:1,,0.0,,
036090,위지트,KOSDAQ,1385.0,46.8,12.5,True,False,False,64,C,0.0,0.0,0.0,0.0,컵 기간 짧음(10일),현재가>150MA:1|현재가>200MA:1|150MA>200MA:1|200MA상승중:1|현재가>50MA:1|52주저점+25%:1|52주고점-30%:1,,0.0,,
459100,위츠,KOSDAQ,3980.0,-45.2,0.3,False,False,False,0,D,0.0,0.0,0.0,0.0,트렌드 미통과,현재가>150MA:0|현재가>200MA:0|150MA>200MA:0|200MA상승중:0|현재가>50MA:0|52주저점+25%:0|52주고점-30%:0,,0.0,,
136540,윈스테크넷,KOSDAQ,10840.0,-21.9,1.3,False,False,False,0,D,0.0,0.0,0.0,0.0,트렌드 미통과,현재가>150MA:0|현재가>200MA:0|150MA>200MA:0|200MA상승중:0|현재가>50MA:1|52주저점+25%:0|52주고점-30%:1,,0.0,,
097800,윈팩,KOSDAQ,2335.0,221.3,3.0,True,False,False,64,C,0.0,0.0,0.0,0.0,컵 기간 짧음(19일),현재가>150MA:1|현재가>200MA:1|150MA>200MA:1|200MA상승중:1|현재가>50MA:1|52주저점+25%:1|52주고점-30%:1,,0.0,,
192390,윈하이텍,KOSDAQ,1839.0,-23.7,0.6,False,False,False,0,D,0.0,0.0,0.0,0.0,트렌드 미통과,현재가>150MA:0|현재가>200MA:0|150MA>200MA:0|200MA상승중:0|현재가>50MA:1|52주저점+25%:1|52주고점-30%:0,,0.0,,
335870,윙스풋,KOSDAQ,4350.0,186.9,0.3,True,False,False,64,C,0.0,0.0,0.0,0.0,컵 깊이 깊음(59.6%),현재가>150MA:1|현재가>200MA:1|150MA>200MA:1|200MA상승중:1|현재가>50MA:1|52주저점+25%:1|52주고점-30%:1,,0.0,,
900340,윙입푸드,KOSDAQ,1230.0,9.6,3.2,False,False,False,0,D,0.0,0.0,0.0,0.0,트렌드 미통과,현재가>150MA:1|현재가>200MA:1|150MA>200MA:1|200MA상승중:1|현재가>50MA:0|52주저점+25%:1|52주고점-30%:0,,0.0,,
036200,유니셈,KOSDAQ,10440.0,-11.7,22.4,False,False,False,0,D,0.0,0.0,0.0,0.0,트렌드 미통과,현재가>150MA:1|현재가>200MA:1|150MA>200MA:0|200MA상승중:0|현재가>50MA:1|52주저점+25%:1|52주고점-30%:1,,0.0,,
018000,유니슨,KOSDAQ,1137.0,-19.4,22.2,False,False,False,0,D,0.0,0.0,0.0,0.0,트렌드 미통과,현재가>150MA:1|현재가>200MA:1|150MA>200MA:0|200MA상승중:1|현재가>50MA:1|52주저점+25%:1|52주고점-30%:0,,0.0,,
203450,유니온바이오메트릭스,KOSDAQ,2795.0,-22.8,0.3,False,False,False,0,D,0.0,0.0,0.0,0.0,트렌드 미통과,현재가>150MA:0|현재가>200MA:0|150MA>200MA:0|200MA상승중:0|현재가>50MA:1|52주저점+25%:0|52주고점-30%:1,,0.0,,
011320,유니크,KOSDAQ,3860.0,-21.1,0.6,False,False,False,0,D,0.0,0.0,0.0,0.0,트렌드 미통과,현재가>150MA:0|현재가>200MA:0|150MA>200MA:0|200MA상승중:0|현재가>50MA:1|52주저점+25%:0|52주고점-30%:1,,0.0,,
086390,유니테스트,KOSDAQ,13130.0,-28.8,21.7,False,False,False,0,D,0.0,0.0,0.0,0.0,트렌드 미통과,현재가>150MA:0|현재가>200MA:0|150MA>200MA:0|200MA상승중:0|현재가>50MA:1|52주저점+25%:1|52주고점-30%:0,,0.0,,
241690,유니테크노,KOSDAQ,2515.0,-37.6,0.7,False,False,False,0,D,0.0,0.0,0.0,0.0,트렌드 미통과,현재가>150MA:0|현재가>200MA:0|150MA>200MA:0|200MA상승중:0|현재가>50MA:0|52주저점+25%:0|52주고점-30%:0,,0.0,,
142210,유니트론텍,KOSDAQ,6430.0,-6.8,7.6,False,False,False,0,D,0.0,0.0,0.0,0.0,트렌드 미통과,현재가>150MA:1|현재가>200MA:1|150MA>200MA:0|200MA상승중:1|현재가>50MA:1|52주저점+25%:1|52주고점-30%:1,,0.0,,
389680,유디엠텍,KOSDAQ,2940.0,253.3,4.1,False,False,False,0,D,0.0,0.0,0.0,0.0,트렌드 미통과,현재가>150MA:1|현재가>200MA:1|150MA>200MA:1|200MA상승중:1|현재가>50MA:1|52주저점+25%:1|52주고점-30%:0,,0.0,,
088340,유라클,KOSDAQ,6520.0,-52.3,1.4,False,False,False,0,D,0.0,0.0,0.0,0.0,트렌드 미통과,현재가>150MA:0|현재가>200MA:0|150MA>200MA:0|200MA상승중:0|현재가>50MA:0|52주저점+25%:0|52주고점-30%:0,,0.0,,
048430,유라테크,KOSDAQ,6050.0,-29.8,11.1,False,False,False,0,D,0.0,0.0,0.0,0.0,트렌드 미통과,현재가>150MA:0|현재가>200MA:0|150MA>200MA:0|200MA상승중:0|현재가>50MA:1|52주저점+25%:0|52주고점-30%:0,,0.0,,
206650,유바이오로직스,KOSDAQ,8230.0,-43.3,8.2,False,False,False,0,D,0.0,0.0,0.0,0.0,트렌드 미통과,현재가>150MA:0|현재가>200MA:0|150MA>200MA:0|200MA상승중:0|현재가>50MA:0|52주저점+25%:0|52주고점-30%:0,,0.0,,
089850,유비벨록스,KOSDAQ,4155.0,-30.2,0.3,False,False,False,0,D,0.0,0.0,0.0,0.0,트렌드 미통과,현재가>150MA:0|현재가>200MA:0|150MA>200MA:0|200MA상승중:0|현재가>50MA:0|52주저점+25%:0|52주고점-30%:0,,0.0,,
084440,유비온,KOSDAQ,4980.0,408.3,0.1,True,False,False,64,C,0.0,0.0,0.0,0.0,현재가 피벗 미달(-9.8%),현재가>150MA:1|현재가>200MA:1|150MA>200MA:1|200MA상승중:1|현재가>50MA:1|52주저점+25%:1|52주고점-30%:1,,0.0,,
032620,GC메디아이,KOSDAQ,3180.0,-27.3,1.2,False,False,False,0,D,0.0,0.0,0.0,0.0,트렌드 미통과,현재가>150MA:0|현재가>200MA:0|150MA>200MA:0|200MA상승중:0|현재가>50MA:1|52주저점+25%:0|52주고점-30%:1,,0.0,,
264450,유비쿼스,KOSDAQ,11370.0,-10.6,6.9,False,False,False,0,D,0.0,0.0,0.0,0.0,트렌드 미통과,현재가>150MA:0|현재가>200MA:0|150MA>200MA:1|200MA상승중:1|현재가>50MA:1|52주저점+25%:1|52주고점-30%:0,,0.0,,
078070,유비쿼스홀딩스,KOSDAQ,8850.0,-28.6,1.6,False,False,False,0,D,0.0,0.0,0.0,0.0,트렌드 미통과,현재가>150MA:0|현재가>200MA:0|150MA>200MA:1|200MA상승중:0|현재가>50MA:1|52주저점+25%:0|52주고점-30%:0,,0.0,,
024800,유성티엔에스,KOSDAQ,4440.0,16.9,1.4,True,False,False,56,D,0.0,0.0,0.0,0.0,컵 깊이 얕음(12.4%),현재가>150MA:1|현재가>200MA:1|150MA>200MA:1|200MA상승중:1|현재가>50MA:1|52주저점+25%:1|52주고점-30%:1,,0.0,,
054930,유신,KOSDAQ,17510.0,-30.1,3.7,False,False,False,0,D,0.0,0.0,0.0,0.0,트렌드 미통과,현재가>150MA:0|현재가>200MA:0|150MA>200MA:0|200MA상승중:0|현재가>50MA:0|52주저점+25%:0|52주고점-30%:0,,0.0,,
069330,유아이디,KOSDAQ,1170.0,-5.5,0.6,False,False,False,0,D,0.0,0.0,0.0,0.0,트렌드 미통과,현재가>150MA:1|현재가>200MA:1|150MA>200MA:0|200MA상승중:1|현재가>50MA:1|52주저점+25%:1|52주고점-30%:1,,0.0,,
049520,유아이엘,KOSDAQ,3730.0,-9.6,2.5,False,False,False,0,D,0.0,0.0,0.0,0.0,트렌드 미통과,현재가>150MA:0|현재가>200MA:1|150MA>200MA:1|200MA상승중:1|현재가>50MA:0|52주저점+25%:1|52주고점-30%:1,,0.0,,
473050,유안타제15호스팩,KOSDAQ,2105.0,-14.9,2.1,False,False,False,0,D,0.0,0.0,0.0,0.0,트렌드 미통과,현재가>150MA:1|현재가>200MA:1|150MA>200MA:1|200MA상승중:1|현재가>50MA:1|52주저점+25%:0|52주고점-30%:1,,0.0,,
474490,유안타제16호스팩,KOSDAQ,2080.0,-15.2,0.3,False,False,False,0,D,0.0,0.0,0.0,0.0,트렌드 미통과,현재가>150MA:1|현재가>200MA:1|150MA>200MA:1|200MA상승중:1|현재가>50MA:1|52주저점+25%:0|52주고점-30%:1,,0.0,,
493790,유안타제17호스팩,KOSDAQ,2015.0,-16.9,0.2,False,False,False,0,D,0.0,0.0,0.0,0.0,트렌드 미통과,현재가>150MA:1|현재가>200MA:1|150MA>200MA:1|200MA상승중:1|현재가>50MA:0|52주저점+25%:0|52주고점-30%:1,,0.0,,
263770,유에스티,KOSDAQ,1651.0,-25.5,0.1,False,False,False,0,D,0.0,0.0,0.0,0.0,트렌드 미통과,현재가>150MA:0|현재가>200MA:0|150MA>200MA:0|200MA상승중:0|현재가>50MA:1|52주저점+25%:0|52주고점-30%:1,,0.0,,
388720,유일로보틱스,KOSDAQ,67100.0,-33.4,21.9,False,False,False,0,D,0.0,0.0,0.0,0.0,트렌드 미통과,현재가>150MA:0|현재가>200MA:0|150MA>200MA:0|200MA상승중:0|현재가>50MA:1|52주저점+25%:0|52주고점-30%:0,,0.0,,
340930,성원에너텍,KOSDAQ,806.0,-40.9,0.0,False,False,False,0,D,0.0,0.0,0.0,0.0,트렌드 미통과,현재가>150MA:0|현재가>200MA:0|150MA>200MA:0|200MA상승중:0|현재가>50MA:0|52주저점+25%:0|52주고점-30%:0,,0.0,,
023410,유진기업,KOSDAQ,3215.0,-32.2,8.4,False,False,False,0,D,0.0,0.0,0.0,0.0,트렌드 미통과,현재가>150MA:0|현재가>200MA:0|150MA>200MA:0|200MA상승중:0|현재가>50MA:0|52주저점+25%:0|52주고점-30%:0,,0.0,,
056080,유진로봇,KOSDAQ,11600.0,-41.9,43.0,False,False,False,0,D,0.0,0.0,0.0,0.0,트렌드 미통과,현재가>150MA:0|현재가>200MA:0|150MA>200MA:0|200MA상승중:1|현재가>50MA:0|52주저점+25%:0|52주고점-30%:0,,0.0,,
468760,유진스팩10호,KOSDAQ,2080.0,-17.9,0.0,False,False,False,0,D,0.0,0.0,0.0,0.0,트렌드 미통과,현재가>150MA:0|현재가>200MA:0|150MA>200MA:0|200MA상승중:0|현재가>50MA:0|52주저점+25%:0|52주고점-30%:1,,0.0,,
488060,유진스팩11호,KOSDAQ,2035.0,-16.8,0.3,False,False,False,0,D,0.0,0.0,0.0,0.0,트렌드 미통과,현재가>150MA:0|현재가>200MA:0|150MA>200MA:0|200MA상승중:1|현재가>50MA:1|52주저점+25%:0|52주고점-30%:1,,0.0,,
084370,유진테크,KOSDAQ,167100.0,54.6,222.1,False,False,False,0,D,0.0,0.0,0.0,0.0,트렌드 미통과,현재가>150MA:1|현재가>200MA:1|150MA>200MA:1|200MA상승중:1|현재가>50MA:1|52주저점+25%:1|52주고점-30%:1,,0.0,,
240600,유진테크놀로지,KOSDAQ,892.0,-85.9,0.8,False,False,False,0,D,0.0,0.0,0.0,0.0,트렌드 미통과,현재가>150MA:0|현재가>200MA:0|150MA>200MA:0|200MA상승중:0|현재가>50MA:0|52주저점+25%:0|52주고점-30%:0,,0.0,,
221800,지구홀딩스,KOSDAQ,3710.0,-50.8,3.7,False,False,False,0,D,0.0,0.0,0.0,0.0,트렌드 미통과,현재가>150MA:0|현재가>200MA:0|150MA>200MA:1|200MA상승중:0|현재가>50MA:0|52주저점+25%:0|52주고점-30%:0,,0.0,,
179900,유티아이,KOSDAQ,2305.0,-91.5,9.6,False,False,False,0,D,0.0,0.0,0.0,0.0,트렌드 미통과,현재가>150MA:0|현재가>200MA:0|150MA>200MA:0|200MA상승중:0|현재가>50MA:0|52주저점+25%:1|52주고점-30%:0,,0.0,,
263050,유틸렉스,KOSDAQ,959.0,-26.3,0.0,False,False,False,0,D,0.0,0.0,0.0,0.0,트렌드 미통과,현재가>150MA:0|현재가>200MA:1|150MA>200MA:1|200MA상승중:0|현재가>50MA:0|52주저점+25%:1|52주고점-30%:0,,0.0,,
191410,육일씨엔에쓰,KOSDAQ,1399.0,-31.3,3.8,False,False,False,0,D,0.0,0.0,0.0,0.0,트렌드 미통과,현재가>150MA:0|현재가>200MA:0|150MA>200MA:0|200MA상승중:1|현재가>50MA:0|52주저점+25%:1|52주고점-30%:0,,0.0,,
372170,윤성에프앤씨,KOSDAQ,19550.0,-37.8,2.4,False,False,False,0,D,0.0,0.0,0.0,0.0,트렌드 미통과,현재가>150MA:0|현재가>200MA:0|150MA>200MA:0|200MA상승중:0|현재가>50MA:1|52주저점+25%:1|52주고점-30%:0,,0.0,,
146060,율촌,KOSDAQ,1037.0,-26.8,0.3,False,False,False,0,D,0.0,0.0,0.0,0.0,트렌드 미통과,현재가>150MA:0|현재가>200MA:0|150MA>200MA:0|200MA상승중:0|현재가>50MA:0|52주저점+25%:0|52주고점-30%:0,,0.0,,
072770,멤레이비티,KOSDAQ,704.0,-37.5,3.2,False,False,False,0,D,0.0,0.0,0.0,0.0,트렌드 미통과,현재가>150MA:0|현재가>200MA:0|150MA>200MA:0|200MA상승중:0|현재가>50MA:0|52주저점+25%:0|52주고점-30%:0,,0.0,,
039020,이건홀딩스,KOSDAQ,2660.0,-36.6,2.1,False,False,False,0,D,0.0,0.0,0.0,0.0,트렌드 미통과,현재가>150MA:0|현재가>200MA:0|150MA>200MA:0|200MA상승중:0|현재가>50MA:1|52주저점+25%:0|52주고점-30%:0,,0.0,,
067920,이글루,KOSDAQ,5770.0,-9.7,4.6,False,False,False,0,D,0.0,0.0,0.0,0.0,트렌드 미통과,현재가>150MA:1|현재가>200MA:1|150MA>200MA:1|200MA상승중:1|현재가>50MA:1|52주저점+25%:0|52주고점-30%:1,,0.0,,
044960,이글벳,KOSDAQ,3080.0,-31.6,0.6,False,False,False,0,D,0.0,0.0,0.0,0.0,트렌드 미통과,현재가>150MA:0|현재가>200MA:0|150MA>200MA:0|200MA상승중:0|현재가>50MA:0|52주저점+25%:0|52주고점-30%:0,,0.0,,
303530,이노뎁,KOSDAQ,3030.0,-37.6,0.3,False,False,False,0,D,0.0,0.0,0.0,0.0,트렌드 미통과,현재가>150MA:0|현재가>200MA:0|150MA>200MA:0|200MA상승중:0|현재가>50MA:1|52주저점+25%:1|52주고점-30%:0,,0.0,,
296640,이노에이엑스,KOSDAQ,6280.0,-13.8,0.4,False,False,False,0,D,0.0,0.0,0.0,0.0,트렌드 미통과,현재가>150MA:0|현재가>200MA:1|150MA>200MA:1|200MA상승중:1|현재가>50MA:1|52주저점+25%:1|52주고점-30%:0,,0.0,,
302430,이노메트리,KOSDAQ,7400.0,-9.2,51.5,False,False,False,0,D,0.0,0.0,0.0,0.0,트렌드 미통과,현재가>150MA:1|현재가>200MA:1|150MA>200MA:0|200MA상승중:1|현재가>50MA:1|52주저점+25%:1|52주고점-30%:0,,0.0,,
462350,이노스페이스,KOSDAQ,6450.0,-60.8,12.0,False,False,False,0,D,0.0,0.0,0.0,0.0,트렌드 미통과,현재가>150MA:0|현재가>200MA:0|150MA>200MA:0|200MA상승중:0|현재가>50MA:1|52주저점+25%:1|52주고점-30%:0,,0.0,,
274400,이노시뮬레이션,KOSDAQ,2050.0,-50.9,0.2,False,False,False,0,D,0.0,0.0,0.0,0.0,트렌드 미통과,현재가>150MA:0|현재가>200MA:0|150MA>200MA:0|200MA상승중:0|현재가>50MA:0|52주저점+25%:0|52주고점-30%:0,,0.0,,
073490,LIG아큐버,KOSDAQ,32200.0,3.8,12.7,False,False,False,0,D,0.0,0.0,0.0,0.0,트렌드 미통과,현재가>150MA:0|현재가>200MA:0|150MA>200MA:1|200MA상승중:1|현재가>50MA:1|52주저점+25%:1|52주고점-30%:0,,0.0,,
215790,이노인스트루먼트,KOSDAQ,663.0,-22.6,18.2,False,False,False,0,D,0.0,0.0,0.0,0.0,트렌드 미통과,현재가>150MA:0|현재가>200MA:0|150MA>200MA:1|200MA상승중:1|현재가>50MA:0|52주저점+25%:1|52주고점-30%:0,,0.0,,
344860,이노진,KOSDAQ,1380.0,-27.1,1.6,False,False,False,0,D,0.0,0.0,0.0,0.0,트렌드 미통과,현재가>150MA:0|현재가>200MA:0|150MA>200MA:0|200MA상승중:0|현재가>50MA:1|52주저점+25%:0|52주고점-30%:0,,0.0,,
088390,이녹스,KOSDAQ,8140.0,-28.2,0.5,False,False,False,0,D,0.0,0.0,0.0,0.0,트렌드 미통과,현재가>150MA:0|현재가>200MA:0|150MA>200MA:0|200MA상승중:0|현재가>50MA:1|52주저점+25%:1|52주고점-30%:0,,0.0,,
272290,이녹스첨단소재,KOSDAQ,21550.0,-34.0,16.8,False,False,False,0,D,0.0,0.0,0.0,0.0,트렌드 미통과,현재가>150MA:0|현재가>200MA:0|150MA>200MA:0|200MA상승중:0|현재가>50MA:1|52주저점+25%:0|52주고점-30%:0,,0.0,,
053350,이니텍,KOSDAQ,4725.0,6.9,4.7,False,False,False,0,D,0.0,0.0,0.0,0.0,트렌드 미통과,현재가>150MA:1|현재가>200MA:1|150MA>200MA:0|200MA상승중:0|현재가>50MA:1|52주저점+25%:1|52주고점-30%:0,,0.0,,
452400,이닉스,KOSDAQ,5400.0,-47.3,0.7,False,False,False,0,D,0.0,0.0,0.0,0.0,트렌드 미통과,현재가>150MA:0|현재가>200MA:0|150MA>200MA:0|200MA상승중:0|현재가>50MA:0|52주저점+25%:0|52주고점-30%:0,,0.0,,
264850,이랜시스,KOSDAQ,5480.0,-11.8,31.1,False,False,False,0,D,0.0,0.0,0.0,0.0,트렌드 미통과,현재가>150MA:0|현재가>200MA:0|150MA>200MA:0|200MA상승중:1|현재가>50MA:0|52주저점+25%:1|52주고점-30%:0,,0.0,,
054210,이랜텍,KOSDAQ,6670.0,-37.2,5.4,False,False,False,0,D,0.0,0.0,0.0,0.0,트렌드 미통과,현재가>150MA:0|현재가>200MA:0|150MA>200MA:0|200MA상승중:0|현재가>50MA:0|52주저점+25%:0|52주고점-30%:0,,0.0,,
009730,이렘,KOSDAQ,2030.0,506.3,1.0,True,False,False,64,C,0.0,0.0,0.0,0.0,컵 깊이 깊음(76.6%),현재가>150MA:1|현재가>200MA:1|150MA>200MA:1|200MA상승중:1|현재가>50MA:1|52주저점+25%:1|52주고점-30%:1,,0.0,,
065440,이루온,KOSDAQ,1398.0,-34.4,3.1,False,False,False,0,D,0.0,0.0,0.0,0.0,트렌드 미통과,현재가>150MA:0|현재가>200MA:0|150MA>200MA:1|200MA상승중:0|현재가>50MA:0|52주저점+25%:0|52주고점-30%:0,,0.0,,
115610,이미지스,KOSDAQ,1634.0,21.5,0.8,False,False,False,0,D,0.0,0.0,0.0,0.0,트렌드 미통과,현재가>150MA:1|현재가>200MA:1|150MA>200MA:1|200MA상승중:1|현재가>50MA:1|52주저점+25%:1|52주고점-30%:0,,0.0,,
478110,이베스트스팩6호,KOSDAQ,2055.0,-16.0,0.2,False,False,False,0,D,0.0,0.0,0.0,0.0,트렌드 미통과,현재가>150MA:1|현재가>200MA:1|150MA>200MA:1|200MA상승중:1|현재가>50MA:1|52주저점+25%:0|52주고점-30%:1,,0.0,,
131400,이브이첨단소재,KOSDAQ,766.0,-65.4,4.2,False,False,False,0,D,0.0,0.0,0.0,0.0,트렌드 미통과,현재가>150MA:0|현재가>200MA:0|150MA>200MA:0|200MA상승중:0|현재가>50MA:1|52주저점+25%:1|52주고점-30%:0,,0.0,,
351330,이삭엔지니어링,KOSDAQ,3340.0,-61.3,1.4,False,False,False,0,D,0.0,0.0,0.0,0.0,트렌드 미통과,현재가>150MA:0|현재가>200MA:0|150MA>200MA:0|200MA상승중:0|현재가>50MA:0|52주저점+25%:0|52주고점-30%:0,,0.0,,
080010,이상네트웍스,KOSDAQ,7590.0,-5.3,0.2,False,False,False,0,D,0.0,0.0,0.0,0.0,트렌드 미통과,현재가>150MA:1|현재가>200MA:1|150MA>200MA:1|200MA상승중:1|현재가>50MA:0|52주저점+25%:0|52주고점-30%:1,,0.0,,
086890,이수앱지스,KOSDAQ,3850.0,-29.6,3.2,False,False,False,0,D,0.0,0.0,0.0,0.0,트렌드 미통과,현재가>150MA:0|현재가>200MA:0|150MA>200MA:0|200MA상승중:0|현재가>50MA:1|52주저점+25%:1|52주고점-30%:0,,0.0,,
047560,이스트소프트,KOSDAQ,7600.0,-52.8,2.7,False,False,False,0,D,0.0,0.0,0.0,0.0,트렌드 미통과,현재가>150MA:0|현재가>200MA:0|150MA>200MA:0|200MA상승중:0|현재가>50MA:0|52주저점+25%:0|52주고점-30%:0,,0.0,,
900110,딥커머스,KOSDAQ,5480.0,1739.4,0.2,True,False,False,64,C,0.0,0.0,0.0,0.0,현재가 피벗 미달(-4.5%),현재가>150MA:1|현재가>200MA:1|150MA>200MA:1|200MA상승중:1|현재가>50MA:1|52주저점+25%:1|52주고점-30%:1,,0.0,,
239340,이스트에이드,KOSDAQ,2600.0,145.2,0.3,False,False,False,0,D,0.0,0.0,0.0,0.0,트렌드 미통과,현재가>150MA:1|현재가>200MA:1|150MA>200MA:0|200MA상승중:0|현재가>50MA:1|52주저점+25%:1|52주고점-30%:1,,0.0,,
067010,이씨에스,KOSDAQ,2520.0,-6.6,1.4,False,False,False,0,D,0.0,0.0,0.0,0.0,트렌드 미통과,현재가>150MA:1|현재가>200MA:1|150MA>200MA:0|200MA상승중:1|현재가>50MA:1|52주저점+25%:1|52주고점-30%:1,,0.0,,
418620,E8,KOSDAQ,621.0,-66.4,12.5,False,False,False,0,D,0.0,0.0,0.0,0.0,트렌드 미통과,현재가>150MA:0|현재가>200MA:0|150MA>200MA:0|200MA상승중:0|현재가>50MA:0|52주저점+25%:1|52주고점-30%:0,,0.0,,
456070,이엔셀,KOSDAQ,5810.0,-64.2,15.1,False,False,False,0,D,0.0,0.0,0.0,0.0,트렌드 미통과,현재가>150MA:0|현재가>200MA:0|150MA>200MA:0|200MA상승중:0|현재가>50MA:0|52주저점+25%:0|52주고점-30%:0,,0.0,,
102710,이엔에프테크놀로지,KOSDAQ,47100.0,-16.8,27.8,False,False,False,0,D,0.0,0.0,0.0,0.0,트렌드 미통과,현재가>150MA:0|현재가>200MA:0|150MA>200MA:0|200MA상승중:0|현재가>50MA:1|52주저점+25%:1|52주고점-30%:1,,0.0,,
041520,이엘씨,KOSDAQ,12590.0,37.1,1.9,True,False,False,64,C,0.0,0.0,0.0,0.0,핸들 기간 김(30일),현재가>150MA:1|현재가>200MA:1|150MA>200MA:1|200MA상승중:1|현재가>50MA:1|52주저점+25%:1|52주고점-30%:1,,0.0,,
063760,이엘피,KOSDAQ,2195.0,-25.1,0.5,False,False,False,0,D,0.0,0.0,0.0,0.0,트렌드 미통과,현재가>150MA:0|현재가>200MA:0|150MA>200MA:1|200MA상승중:1|현재가>50MA:0|52주저점+25%:0|52주고점-30%:0,,0.0,,
123570,이엠넷,KOSDAQ,1629.0,-32.2,0.0,False,False,False,0,D,0.0,0.0,0.0,0.0,트렌드 미통과,현재가>150MA:0|현재가>200MA:0|150MA>200MA:0|200MA상승중:0|현재가>50MA:0|52주저점+25%:0|52주고점-30%:0,,0.0,,
083470,이엠앤아이,KOSDAQ,884.0,-19.5,0.8,False,False,False,0,D,0.0,0.0,0.0,0.0,트렌드 미통과,현재가>150MA:0|현재가>200MA:0|150MA>200MA:1|200MA상승중:1|현재가>50MA:1|52주저점+25%:1|52주고점-30%:0,,0.0,,
095190,신화프리텍,KOSDAQ,1848.0,-23.3,2.0,False,False,False,0,D,0.0,0.0,0.0,0.0,트렌드 미통과,현재가>150MA:0|현재가>200MA:0|150MA>200MA:0|200MA상승중:0|현재가>50MA:0|52주저점+25%:0|52주고점-30%:0,,0.0,,
091120,이엠텍,KOSDAQ,5550.0,-20.8,1.6,False,False,False,0,D,0.0,0.0,0.0,0.0,트렌드 미통과,현재가>150MA:1|현재가>200MA:0|150MA>200MA:0|200MA상승중:0|현재가>50MA:1|52주저점+25%:1|52주고점-30%:0,,0.0,,
039030,이오테크닉스,KOSDAQ,495500.0,34.8,551.1,False,False,False,0,D,0.0,0.0,0.0,0.0,트렌드 미통과,현재가>150MA:1|현재가>200MA:1|150MA>200MA:1|200MA상승중:1|현재가>50MA:1|52주저점+25%:1|52주고점-30%:1,,0.0,,
294090,이오플로우,KOSDAQ,1490.0,-17.3,0.0,False,False,False,0,D,0.0,0.0,0.0,0.0,트렌드 미통과,현재가>150MA:0|현재가>200MA:0|150MA>200MA:0|200MA상승중:0|현재가>50MA:0|52주저점+25%:0|52주고점-30%:1,,0.0,,
088290,이원컴포텍,KOSDAQ,2320.0,138.4,0.1,False,False,False,0,D,0.0,0.0,0.0,0.0,트렌드 미통과,현재가>150MA:1|현재가>200MA:1|150MA>200MA:1|200MA상승중:1|현재가>50MA:0|52주저점+25%:1|52주고점-30%:1,,0.0,,
353810,이지바이오,KOSDAQ,6120.0,-20.3,4.8,False,False,False,0,D,0.0,0.0,0.0,0.0,트렌드 미통과,현재가>150MA:0|현재가>200MA:0|150MA>200MA:1|200MA상승중:1|현재가>50MA:0|52주저점+25%:0|52주고점-30%:1,,0.0,,
099750,이지케어텍,KOSDAQ,7470.0,-31.1,13.2,False,False,False,0,D,0.0,0.0,0.0,0.0,트렌드 미통과,현재가>150MA:0|현재가>200MA:0|150MA>200MA:0|200MA상승중:0|현재가>50MA:1|52주저점+25%:1|52주고점-30%:0,,0.0,,
377330,이지트로닉스,KOSDAQ,2710.0,-27.0,0.1,False,False,False,0,D,0.0,0.0,0.0,0.0,트렌드 미통과,현재가>150MA:0|현재가>200MA:0|150MA>200MA:0|200MA상승중:0|현재가>50MA:1|52주저점+25%:0|52주고점-30%:0,,0.0,,
035810,이지홀딩스,KOSDAQ,4515.0,-16.7,6.3,False,False,False,0,D,0.0,0.0,0.0,0.0,트렌드 미통과,현재가>150MA:0|현재가>200MA:0|150MA>200MA:1|200MA상승중:1|현재가>50MA:1|52주저점+25%:0|52주고점-30%:0,,0.0,,
092130,이크레더블,KOSDAQ,14210.0,-25.9,0.4,False,False,False,0,D,0.0,0.0,0.0,0.0,트렌드 미통과,현재가>150MA:0|현재가>200MA:0|150MA>200MA:0|200MA상승중:0|현재가>50MA:0|52주저점+25%:0|52주고점-30%:1,,0.0,,
134060,이퓨쳐,KOSDAQ,5450.0,8.4,0.1,True,False,False,40,D,0.0,0.0,0.0,0.0,컵 기간 짧음(23일),현재가>150MA:1|현재가>200MA:1|150MA>200MA:1|200MA상승중:1|현재가>50MA:1|52주저점+25%:1|52주고점-30%:1,,0.0,,
001840,이화공영,KOSDAQ,2215.0,-2.5,0.0,False,False,False,0,D,0.0,0.0,0.0,0.0,트렌드 미통과,현재가>150MA:0|현재가>200MA:1|150MA>200MA:1|200MA상승중:1|현재가>50MA:0|52주저점+25%:1|52주고점-30%:1,,0.0,,
041830,인바디,KOSDAQ,53800.0,33.0,45.9,False,False,False,0,D,0.0,0.0,0.0,0.0,트렌드 미통과,현재가>150MA:1|현재가>200MA:1|150MA>200MA:1|200MA상승중:1|현재가>50MA:0|52주저점+25%:1|52주고점-30%:1,,0.0,,
352940,인바이오,KOSDAQ,2060.0,-20.4,0.9,False,False,False,0,D,0.0,0.0,0.0,0.0,트렌드 미통과,현재가>150MA:0|현재가>200MA:0|150MA>200MA:0|200MA상승중:0|현재가>50MA:1|52주저점+25%:0|52주고점-30%:1,,0.0,,
079950,인베니아,KOSDAQ,1352.0,14.5,2.7,False,False,False,0,D,0.0,0.0,0.0,0.0,트렌드 미통과,현재가>150MA:1|현재가>200MA:0|150MA>200MA:0|200MA상승중:1|현재가>50MA:1|52주저점+25%:1|52주고점-30%:0,,0.0,,
389470,인벤티지랩,KOSDAQ,23750.0,-71.3,20.2,False,False,False,0,D,0.0,0.0,0.0,0.0,트렌드 미통과,현재가>150MA:0|현재가>200MA:0|150MA>200MA:0|200MA상승중:0|현재가>50MA:0|52주저점+25%:0|52주고점-30%:0,,0.0,,
277410,인산가,KOSDAQ,5520.0,434.2,0.2,False,False,False,0,D,0.0,0.0,0.0,0.0,트렌드 미통과,현재가>150MA:1|현재가>200MA:1|150MA>200MA:1|200MA상승중:1|현재가>50MA:0|52주저점+25%:1|52주고점-30%:1,,0.0,,
060150,인선이엔티,KOSDAQ,2950.0,-39.7,1.0,False,False,False,0,D,0.0,0.0,0.0,0.0,트렌드 미통과,현재가>150MA:0|현재가>200MA:0|150MA>200MA:0|200MA상승중:0|현재가>50MA:0|52주저점+25%:0|52주고점-30%:0,,0.0,,
033230,인성정보,KOSDAQ,1076.0,-43.5,2.1,False,False,False,0,D,0.0,0.0,0.0,0.0,트렌드 미통과,현재가>150MA:0|현재가>200MA:0|150MA>200MA:0|200MA상승중:0|현재가>50MA:1|52주저점+25%:1|52주고점-30%:0,,0.0,,
450520,인스웨이브,KOSDAQ,1878.0,-45.0,0.1,False,False,False,0,D,0.0,0.0,0.0,0.0,트렌드 미통과,현재가>150MA:0|현재가>200MA:0|150MA>200MA:0|200MA상승중:0|현재가>50MA:1|52주저점+25%:0|52주고점-30%:0,,0.0,,
465480,인스피언,KOSDAQ,3975.0,-29.5,0.4,False,False,False,0,D,0.0,0.0,0.0,0.0,트렌드 미통과,현재가>150MA:0|현재가>200MA:0|150MA>200MA:0|200MA상승중:0|현재가>50MA:1|52주저점+25%:1|52주고점-30%:0,,0.0,,
037330,인지디스플레,KOSDAQ,693.0,-58.9,0.3,False,False,False,0,D,0.0,0.0,0.0,0.0,트렌드 미통과,현재가>150MA:0|현재가>200MA:0|150MA>200MA:0|200MA상승중:0|현재가>50MA:0|52주저점+25%:0|52주고점-30%:0,,0.0,,
100030,인지소프트,KOSDAQ,20150.0,-3.9,1.6,False,False,False,0,D,0.0,0.0,0.0,0.0,트렌드 미통과,현재가>150MA:1|현재가>200MA:1|150MA>200MA:0|200MA상승중:0|현재가>50MA:1|52주저점+25%:1|52주고점-30%:1,,0.0,,
211050,인카금융서비스,KOSDAQ,9760.0,-33.3,8.1,False,False,False,0,D,0.0,0.0,0.0,0.0,트렌드 미통과,현재가>150MA:0|현재가>200MA:0|150MA>200MA:0|200MA상승중:0|현재가>50MA:0|52주저점+25%:0|52주고점-30%:0,,0.0,,
083640,인콘,KOSDAQ,5330.0,1071.4,0.3,True,False,False,64,C,0.0,0.0,0.0,0.0,현재가 피벗 미달(-6.5%),현재가>150MA:1|현재가>200MA:1|150MA>200MA:1|200MA상승중:1|현재가>50MA:1|52주저점+25%:1|52주고점-30%:1,,0.0,,
064090,인크레더블버즈,KOSDAQ,798.0,-38.5,0.0,False,False,False,0,D,0.0,0.0,0.0,0.0,트렌드 미통과,현재가>150MA:0|현재가>200MA:0|150MA>200MA:0|200MA상승중:0|현재가>50MA:0|52주저점+25%:0|52주고점-30%:0,,0.0,,
216050,인크로스,KOSDAQ,4890.0,-37.6,0.6,False,False,False,0,D,0.0,0.0,0.0,0.0,트렌드 미통과,현재가>150MA:0|현재가>200MA:0|150MA>200MA:0|200MA상승중:0|현재가>50MA:0|52주저점+25%:0|52주고점-30%:0,,0.0,,
049070,인탑스,KOSDAQ,18280.0,-8.7,15.2,False,False,False,0,D,0.0,0.0,0.0,0.0,트렌드 미통과,현재가>150MA:1|현재가>200MA:0|150MA>200MA:0|200MA상승중:1|현재가>50MA:1|52주저점+25%:1|52주고점-30%:1,,0.0,,
119610,인터로조,KOSDAQ,14590.0,-34.6,3.7,False,False,False,0,D,0.0,0.0,0.0,0.0,트렌드 미통과,현재가>150MA:0|현재가>200MA:0|150MA>200MA:1|200MA상승중:0|현재가>50MA:1|52주저점+25%:0|52주고점-30%:0,,0.0,,
017250,인터엠,KOSDAQ,1055.0,-14.4,0.3,False,False,False,0,D,0.0,0.0,0.0,0.0,트렌드 미통과,현재가>150MA:1|현재가>200MA:1|150MA>200MA:1|200MA상승중:1|현재가>50MA:1|52주저점+25%:0|52주고점-30%:1,,0.0,,
051370,인터플렉스,KOSDAQ,6890.0,-43.9,16.4,False,False,False,0,D,0.0,0.0,0.0,0.0,트렌드 미통과,현재가>150MA:0|현재가>200MA:0|150MA>200MA:0|200MA상승중:0|현재가>50MA:1|52주저점+25%:0|52주고점-30%:0,,0.0,,
064290,인텍플러스,KOSDAQ,56300.0,153.8,190.1,True,False,False,64,C,0.0,0.0,0.0,0.0,핸들 기간 짧음,현재가>150MA:1|현재가>200MA:1|150MA>200MA:1|200MA상승중:1|현재가>50MA:1|52주저점+25%:1|52주고점-30%:1,,0.0,,
189300,인텔리안테크,KOSDAQ,67000.0,-15.9,39.4,False,False,False,0,D,0.0,0.0,0.0,0.0,트렌드 미통과,현재가>150MA:0|현재가>200MA:0|150MA>200MA:1|200MA상승중:1|현재가>50MA:1|52주저점+25%:1|52주고점-30%:0,,0.0,,
048530,인트론바이오,KOSDAQ,2830.0,-31.2,1.7,False,False,False,0,D,0.0,0.0,0.0,0.0,트렌드 미통과,현재가>150MA:0|현재가>200MA:0|150MA>200MA:0|200MA상승중:0|현재가>50MA:1|52주저점+25%:0|52주고점-30%:0,,0.0,,
115310,인포바인,KOSDAQ,9400.0,-54.0,0.5,False,False,False,0,D,0.0,0.0,0.0,0.0,트렌드 미통과,현재가>150MA:0|현재가>200MA:0|150MA>200MA:0|200MA상승중:0|현재가>50MA:1|52주저점+25%:1|52주고점-30%:0,,0.0,,
039290,인포뱅크,KOSDAQ,4075.0,-27.0,0.2,False,False,False,0,D,0.0,0.0,0.0,0.0,트렌드 미통과,현재가>150MA:0|현재가>200MA:0|150MA>200MA:0|200MA상승중:0|현재가>50MA:1|52주저점+25%:1|52주고점-30%:0,,0.0,,
071200,인피니트헬스케어,KOSDAQ,11950.0,73.7,24.0,True,False,False,64,C,0.0,0.0,0.0,0.0,현재가 피벗 미달(-10.8%),현재가>150MA:1|현재가>200MA:1|150MA>200MA:1|200MA상승중:1|현재가>50MA:1|52주저점+25%:1|52주고점-30%:1,,0.0,,
101930,인화정공,KOSDAQ,6130.0,-77.5,0.8,False,False,False,0,D,0.0,0.0,0.0,0.0,트렌드 미통과,현재가>150MA:0|현재가>200MA:0|150MA>200MA:0|200MA상승중:0|현재가>50MA:0|52주저점+25%:0|52주고점-30%:0,,0.0,,
333430,일승,KOSDAQ,3640.0,-43.0,10.0,False,False,False,0,D,0.0,0.0,0.0,0.0,트렌드 미통과,현재가>150MA:0|현재가>200MA:0|150MA>200MA:0|200MA상승중:0|현재가>50MA:0|52주저점+25%:0|52주고점-30%:0,,0.0,,
068330,일신바이오,KOSDAQ,1004.0,-39.3,0.8,False,False,False,0,D,0.0,0.0,0.0,0.0,트렌드 미통과,현재가>150MA:0|현재가>200MA:0|150MA>200MA:0|200MA상승중:0|현재가>50MA:0|52주저점+25%:0|52주고점-30%:0,,0.0,,
178780,일월지엠엘,KOSDAQ,2455.0,-26.1,0.5,False,False,False,0,D,0.0,0.0,0.0,0.0,트렌드 미통과,현재가>150MA:1|현재가>200MA:0|150MA>200MA:0|200MA상승중:0|현재가>50MA:1|52주저점+25%:0|52주고점-30%:1,,0.0,,
019540,일지테크,KOSDAQ,5000.0,-17.7,1.5,False,False,False,0,D,0.0,0.0,0.0,0.0,트렌드 미통과,현재가>150MA:0|현재가>200MA:0|150MA>200MA:1|200MA상승중:1|현재가>50MA:0|52주저점+25%:1|52주고점-30%:0,,0.0,,
094820,일진파워,KOSDAQ,11530.0,-23.4,11.6,False,False,False,0,D,0.0,0.0,0.0,0.0,트렌드 미통과,현재가>150MA:0|현재가>200MA:0|150MA>200MA:1|200MA상승중:1|현재가>50MA:0|52주저점+25%:0|52주고점-30%:0,,0.0,,
950140,잉글우드랩,KOSDAQ,8170.0,-39.4,1.4,False,False,False,0,D,0.0,0.0,0.0,0.0,트렌드 미통과,현재가>150MA:0|현재가>200MA:0|150MA>200MA:0|200MA상승중:0|현재가>50MA:0|52주저점+25%:0|52주고점-30%:0,,0.0,,
049550,잉크테크,KOSDAQ,3460.0,-6.8,0.2,False,False,False,0,D,0.0,0.0,0.0,0.0,트렌드 미통과,현재가>150MA:1|현재가>200MA:1|150MA>200MA:1|200MA상승중:1|현재가>50MA:1|52주저점+25%:0|52주고점-30%:1,,0.0,,
389020,자람테크놀로지,KOSDAQ,15900.0,-68.2,16.5,False,False,False,0,D,0.0,0.0,0.0,0.0,트렌드 미통과,현재가>150MA:0|현재가>200MA:0|150MA>200MA:0|200MA상승중:0|현재가>50MA:0|52주저점+25%:0|52주고점-30%:0,,0.0,,
254120,자비스,KOSDAQ,910.0,-30.5,0.5,False,False,False,0,D,0.0,0.0,0.0,0.0,트렌드 미통과,현재가>150MA:0|현재가>200MA:0|150MA>200MA:0|200MA상승중:0|현재가>50MA:0|52주저점+25%:1|52주고점-30%:0,,0.0,,
043910,자연과환경,KOSDAQ,3185.0,241.5,2.4,False,False,False,0,D,0.0,0.0,0.0,0.0,트렌드 미통과,현재가>150MA:1|현재가>200MA:1|150MA>200MA:1|200MA상승중:1|현재가>50MA:0|52주저점+25%:1|52주고점-30%:1,,0.0,,
234920,자이글,KOSDAQ,5310.0,-18.2,0.0,False,False,False,0,D,0.0,0.0,0.0,0.0,트렌드 미통과,현재가>150MA:0|현재가>200MA:0|150MA>200MA:0|200MA상승중:0|현재가>50MA:0|52주저점+25%:0|52주고점-30%:1,,0.0,,
289220,자이언트스텝,KOSDAQ,892.0,-78.2,0.4,False,False,False,0,D,0.0,0.0,0.0,0.0,트렌드 미통과,현재가>150MA:0|현재가>200MA:0|150MA>200MA:0|200MA상승중:0|현재가>50MA:0|52주저점+25%:0|52주고점-30%:0,,0.0,,
049630,재영솔루텍,KOSDAQ,6950.0,203.9,17.0,False,False,False,0,D,0.0,0.0,0.0,0.0,트렌드 미통과,현재가>150MA:1|현재가>200MA:1|150MA>200MA:1|200MA상승중:1|현재가>50MA:1|52주저점+25%:1|52주고점-30%:0,,0.0,,
417840,저스템,KOSDAQ,17480.0,38.6,157.0,True,False,False,64,C,0.0,0.0,0.0,0.0,컵 깊이 깊음(69.1%),현재가>150MA:1|현재가>200MA:1|150MA>200MA:1|200MA상승중:1|현재가>50MA:1|52주저점+25%:1|52주고점-30%:1,,0.0,,
110020,전진바이오팜,KOSDAQ,1996.0,-23.9,0.3,False,False,False,0,D,0.0,0.0,0.0,0.0,트렌드 미통과,현재가>150MA:0|현재가>200MA:0|150MA>200MA:0|200MA상승중:0|현재가>50MA:1|52주저점+25%:0|52주고점-30%:0,,0.0,,
208140,정다운,KOSDAQ,2260.0,-23.8,0.3,False,False,False,0,D,0.0,0.0,0.0,0.0,트렌드 미통과,현재가>150MA:0|현재가>200MA:0|150MA>200MA:0|200MA상승중:0|현재가>50MA:1|52주저점+25%:0|52주고점-30%:1,,0.0,,
040420,정상제이엘에스,KOSDAQ,5830.0,-19.5,0.6,False,False,False,0,D,0.0,0.0,0.0,0.0,트렌드 미통과,현재가>150MA:1|현재가>200MA:0|150MA>200MA:0|200MA상승중:0|현재가>50MA:1|52주저점+25%:0|52주고점-30%:1,,0.0,,
045510,정원엔시스,KOSDAQ,1211.0,26.8,0.8,True,False,False,64,C,0.0,0.0,0.0,0.0,컵 깊이 깊음(60.0%),현재가>150MA:1|현재가>200MA:1|150MA>200MA:1|200MA상승중:1|현재가>50MA:1|52주저점+25%:1|52주고점-30%:1,,0.0,,
217190,제너셈,KOSDAQ,7820.0,14.0,16.4,False,False,False,0,D,0.0,0.0,0.0,0.0,트렌드 미통과,현재가>150MA:1|현재가>200MA:1|150MA>200MA:1|200MA상승중:0|현재가>50MA:1|52주저점+25%:1|52주고점-30%:1,,0.0,,
095700,제넥신,KOSDAQ,2675.0,-45.0,13.1,False,False,False,0,D,0.0,0.0,0.0,0.0,트렌드 미통과,현재가>150MA:0|현재가>200MA:0|150MA>200MA:0|200MA상승중:0|현재가>50MA:0|52주저점+25%:0|52주고점-30%:0,,0.0,,
122310,제노레이,KOSDAQ,3305.0,-35.6,0.2,False,False,False,0,D,0.0,0.0,0.0,0.0,트렌드 미통과,현재가>150MA:0|현재가>200MA:0|150MA>200MA:0|200MA상승중:0|현재가>50MA:0|52주저점+25%:0|52주고점-30%:0,,0.0,,
361390,제노코,KOSDAQ,12800.0,-41.2,2.9,False,False,False,0,D,0.0,0.0,0.0,0.0,트렌드 미통과,현재가>150MA:0|현재가>200MA:0|150MA>200MA:0|200MA상승중:0|현재가>50MA:1|52주저점+25%:1|52주고점-30%:0,,0.0,,
225220,제놀루션,KOSDAQ,1452.0,-25.0,0.3,False,False,False,0,D,0.0,0.0,0.0,0.0,트렌드 미통과,현재가>150MA:0|현재가>200MA:0|150MA>200MA:0|200MA상승중:0|현재가>50MA:1|52주저점+25%:1|52주고점-30%:0,,0.0,,
123330,제닉,KOSDAQ,23400.0,-19.0,83.4,False,False,False,0,D,0.0,0.0,0.0,0.0,트렌드 미통과,현재가>150MA:0|현재가>200MA:0|150MA>200MA:1|200MA상승중:1|현재가>50MA:0|52주저점+25%:1|52주고점-30%:0,,0.0,,
381620,제닉스로보틱스,KOSDAQ,5880.0,-49.4,2.7,False,False,False,0,D,0.0,0.0,0.0,0.0,트렌드 미통과,현재가>150MA:0|현재가>200MA:0|150MA>200MA:0|200MA상승중:0|현재가>50MA:0|52주저점+25%:0|52주고점-30%:0,,0.0,,
159580,제로투세븐,KOSDAQ,2080.0,-47.5,0.6,False,False,False,0,D,0.0,0.0,0.0,0.0,트렌드 미통과,현재가>150MA:0|현재가>200MA:0|150MA>200MA:0|200MA상승중:0|현재가>50MA:0|52주저점+25%:0|52주고점-30%:0,,0.0,,
147830,제룡산업,KOSDAQ,6990.0,-13.6,6.6,False,False,False,0,D,0.0,0.0,0.0,0.0,트렌드 미통과,현재가>150MA:0|현재가>200MA:0|150MA>200MA:1|200MA상승중:1|현재가>50MA:1|52주저점+25%:1|52주고점-30%:0,,0.0,,
033100,제룡전기,KOSDAQ,47100.0,-4.3,30.6,False,False,False,0,D,0.0,0.0,0.0,0.0,트렌드 미통과,현재가>150MA:0|현재가>200MA:0|150MA>200MA:1|200MA상승중:1|현재가>50MA:1|52주저점+25%:1|52주고점-30%:0,,0.0,,
079370,제우스,KOSDAQ,13300.0,-9.4,42.9,False,False,False,0,D,0.0,0.0,0.0,0.0,트렌드 미통과,현재가>150MA:1|현재가>200MA:0|150MA>200MA:0|200MA상승중:0|현재가>50MA:1|52주저점+25%:1|52주고점-30%:0,,0.0,,
054950,제이브이엠,KOSDAQ,23950.0,-20.2,3.4,False,False,False,0,D,0.0,0.0,0.0,0.0,트렌드 미통과,현재가>150MA:1|현재가>200MA:0|150MA>200MA:0|200MA상승중:0|현재가>50MA:1|52주저점+25%:0|52주고점-30%:1,,0.0,,
023440,제이스코홀딩스,KOSDAQ,521.0,-35.5,0.0,False,False,False,0,D,0.0,0.0,0.0,0.0,트렌드 미통과,현재가>150MA:0|현재가>200MA:0|150MA>200MA:0|200MA상승중:0|현재가>50MA:0|52주저점+25%:0|52주고점-30%:0,,0.0,,
090470,제이스로보틱스,KOSDAQ,4045.0,-36.4,6.8,False,False,False,0,D,0.0,0.0,0.0,0.0,트렌드 미통과,현재가>150MA:0|현재가>200MA:0|150MA>200MA:1|200MA상승중:1|현재가>50MA:0|52주저점+25%:1|52주고점-30%:0,,0.0,,
137950,제이씨케미칼,KOSDAQ,3645.0,-5.2,3.0,False,False,False,0,D,0.0,0.0,0.0,0.0,트렌드 미통과,현재가>150MA:0|현재가>200MA:1|150MA>200MA:1|200MA상승중:1|현재가>50MA:1|52주저점+25%:1|52주고점-30%:0,,0.0,,
033320,제이씨현시스템,KOSDAQ,3065.0,-35.9,4.8,False,False,False,0,D,0.0,0.0,0.0,0.0,트렌드 미통과,현재가>150MA:0|현재가>200MA:0|150MA>200MA:0|200MA상승중:0|현재가>50MA:1|52주저점+25%:0|52주고점-30%:0,,0.0,,
417500,제이아이테크,KOSDAQ,4030.0,-4.1,9.4,False,False,False,0,D,0.0,0.0,0.0,0.0,트렌드 미통과,현재가>150MA:1|현재가>200MA:1|150MA>200MA:1|200MA상승중:1|현재가>50MA:1|52주저점+25%:1|52주고점-30%:0,,0.0,,
204270,제이앤티씨,KOSDAQ,23050.0,5.8,236.0,False,False,False,0,D,0.0,0.0,0.0,0.0,트렌드 미통과,현재가>150MA:1|현재가>200MA:1|150MA>200MA:0|200MA상승중:0|현재가>50MA:1|52주저점+25%:1|52주고점-30%:1,,0.0,,
026040,제이에스티나,KOSDAQ,2050.0,-32.4,12.8,False,False,False,0,D,0.0,0.0,0.0,0.0,트렌드 미통과,현재가>150MA:0|현재가>200MA:0|150MA>200MA:0|200MA상승중:0|현재가>50MA:1|52주저점+25%:1|52주고점-30%:0,,0.0,,
452160,제이엔비,KOSDAQ,2975.0,-53.4,0.2,False,False,False,0,D,0.0,0.0,0.0,0.0,트렌드 미통과,현재가>150MA:0|현재가>200MA:0|150MA>200MA:0|200MA상승중:0|현재가>50MA:0|52주저점+25%:0|52주고점-30%:0,,0.0,,
126880,제이엔케이글로벌,KOSDAQ,2590.0,-42.5,0.9,False,False,False,0,D,0.0,0.0,0.0,0.0,트렌드 미통과,현재가>150MA:0|현재가>200MA:0|150MA>200MA:0|200MA상승중:0|현재가>50MA:0|52주저점+25%:0|52주고점-30%:0,,0.0,,
322510,제이엘케이,KOSDAQ,5100.0,-25.7,7.8,False,False,False,0,D,0.0,0.0,0.0,0.0,트렌드 미통과,현재가>150MA:0|현재가>200MA:0|150MA>200MA:0|200MA상승중:1|현재가>50MA:1|52주저점+25%:1|52주고점-30%:0,,0.0,,
033050,제이엠아이,KOSDAQ,804.0,-12.8,0.2,False,False,False,0,D,0.0,0.0,0.0,0.0,트렌드 미통과,현재가>150MA:0|현재가>200MA:0|150MA>200MA:1|200MA상승중:1|현재가>50MA:0|52주저점+25%:0|52주고점-30%:1,,0.0,,
094970,제이엠티,KOSDAQ,2670.0,-19.8,1.6,False,False,False,0,D,0.0,0.0,0.0,0.0,트렌드 미통과,현재가>150MA:0|현재가>200MA:0|150MA>200MA:1|200MA상승중:0|현재가>50MA:0|52주저점+25%:0|52주고점-30%:0,,0.0,,
418550,제이오,KOSDAQ,4775.0,-42.3,2.6,False,False,False,0,D,0.0,0.0,0.0,0.0,트렌드 미통과,현재가>150MA:0|현재가>200MA:0|150MA>200MA:0|200MA상승중:0|현재가>50MA:1|52주저점+25%:1|52주고점-30%:0,,0.0,,
420570,제이투케이바이오,KOSDAQ,9500.0,-0.6,6.6,True,False,False,32,D,0.0,0.0,0.0,0.0,핸들 기간 김(32일),현재가>150MA:1|현재가>200MA:1|150MA>200MA:1|200MA상승중:1|현재가>50MA:1|52주저점+25%:1|52주고점-30%:1,,0.0,,
089790,제이티,KOSDAQ,6010.0,12.0,11.8,False,False,False,0,D,0.0,0.0,0.0,0.0,트렌드 미통과,현재가>150MA:1|현재가>200MA:1|150MA>200MA:1|200MA상승중:1|현재가>50MA:1|52주저점+25%:1|52주고점-30%:1,,0.0,,
412540,제일엠앤에스,KOSDAQ,3935.0,-17.3,0.0,False,False,False,0,D,0.0,0.0,0.0,0.0,트렌드 미통과,현재가>150MA:0|현재가>200MA:0|150MA>200MA:0|200MA상승중:0|현재가>50MA:0|52주저점+25%:0|52주고점-30%:1,,0.0,,
199820,제일일렉트릭,KOSDAQ,7490.0,-35.5,11.7,False,False,False,0,D,0.0,0.0,0.0,0.0,트렌드 미통과,현재가>150MA:0|현재가>200MA:0|150MA>200MA:1|200MA상승중:0|현재가>50MA:1|52주저점+25%:1|52주고점-30%:0,,0.0,,
038010,제일테크노스,KOSDAQ,5260.0,-32.3,0.6,False,False,False,0,D,0.0,0.0,0.0,0.0,트렌드 미통과,현재가>150MA:0|현재가>200MA:0|150MA>200MA:0|200MA상승중:0|현재가>50MA:0|52주저점+25%:0|52주고점-30%:1,,0.0,,
276730,한울앤제주,KOSDAQ,940.0,-68.0,1.5,False,False,False,0,D,0.0,0.0,0.0,0.0,트렌드 미통과,현재가>150MA:0|현재가>200MA:0|150MA>200MA:1|200MA상승중:0|현재가>50MA:0|52주저점+25%:1|52주고점-30%:0,,0.0,,
080220,제주반도체,KOSDAQ,77000.0,118.5,807.5,False,False,False,0,D,0.0,0.0,0.0,0.0,트렌드 미통과,현재가>150MA:1|현재가>200MA:1|150MA>200MA:1|200MA상승중:1|현재가>50MA:1|52주저점+25%:1|52주고점-30%:0,,0.0,,
216080,제테마,KOSDAQ,6730.0,0.6,19.0,False,False,False,0,D,0.0,0.0,0.0,0.0,트렌드 미통과,현재가>150MA:1|현재가>200MA:1|150MA>200MA:0|200MA상승중:1|현재가>50MA:1|52주저점+25%:1|52주고점-30%:0,,0.0,,
229000,젠큐릭스,KOSDAQ,1957.0,-16.4,4.4,False,False,False,0,D,0.0,0.0,0.0,0.0,트렌드 미통과,현재가>150MA:0|현재가>200MA:0|150MA>200MA:1|200MA상승중:1|현재가>50MA:1|52주저점+25%:1|52주고점-30%:0,,0.0,,
082270,젬백스,KOSDAQ,10220.0,-69.1,15.8,False,False,False,0,D,0.0,0.0,0.0,0.0,트렌드 미통과,현재가>150MA:0|현재가>200MA:0|150MA>200MA:0|200MA상승중:0|현재가>50MA:0|52주저점+25%:0|52주고점-30%:0,,0.0,,
034940,조아제약,KOSDAQ,2620.0,185.2,4.0,True,False,False,64,C,0.0,0.0,0.0,0.0,컵 깊이 깊음(51.5%),현재가>150MA:1|현재가>200MA:1|150MA>200MA:1|200MA상승중:1|현재가>50MA:1|52주저점+25%:1|52주고점-30%:1,,0.0,,
067000,조이시티,KOSDAQ,1148.0,-40.8,2.0,False,False,False,0,D,0.0,0.0,0.0,0.0,트렌드 미통과,현재가>150MA:0|현재가>200MA:0|150MA>200MA:0|200MA상승중:0|현재가>50MA:1|52주저점+25%:0|52주고점-30%:0,,0.0,,
033340,좋은사람들,KOSDAQ,460.0,-73.8,55.9,False,False,False,0,D,0.0,0.0,0.0,0.0,트렌드 미통과,현재가>150MA:0|현재가>200MA:0|150MA>200MA:0|200MA상승중:0|현재가>50MA:1|52주저점+25%:1|52주고점-30%:0,,0.0,,
036930,주성엔지니어링,KOSDAQ,222000.0,308.7,2574.7,True,False,False,64,C,0.0,0.0,0.0,0.0,핸들 기간 짧음,현재가>150MA:1|현재가>200MA:1|150MA>200MA:1|200MA상승중:1|현재가>50MA:1|52주저점+25%:1|52주고점-30%:1,,0.0,,
072020,중앙백신,KOSDAQ,9100.0,-22.1,0.6,False,False,False,0,D,0.0,0.0,0.0,0.0,트렌드 미통과,현재가>150MA:0|현재가>200MA:0|150MA>200MA:0|200MA상승중:0|현재가>50MA:0|52주저점+25%:0|52주고점-30%:1,,0.0,,
000440,중앙에너비스,KOSDAQ,12440.0,-38.3,15.7,False,False,False,0,D,0.0,0.0,0.0,0.0,트렌드 미통과,현재가>150MA:0|현재가>200MA:0|150MA>200MA:1|200MA상승중:0|현재가>50MA:0|52주저점+25%:0|52주고점-30%:0,,0.0,,
051980,중앙첨단소재,KOSDAQ,1035.0,-51.5,15.0,False,False,False,0,D,0.0,0.0,0.0,0.0,트렌드 미통과,현재가>150MA:0|현재가>200MA:0|150MA>200MA:0|200MA상승중:0|현재가>50MA:1|52주저점+25%:0|52주고점-30%:0,,0.0,,
228760,지노믹트리,KOSDAQ,10950.0,-48.5,13.2,False,False,False,0,D,0.0,0.0,0.0,0.0,트렌드 미통과,현재가>150MA:0|현재가>200MA:0|150MA>200MA:0|200MA상승중:0|현재가>50MA:0|52주저점+25%:0|52주고점-30%:0,,0.0,,
314130,지놈앤컴퍼니,KOSDAQ,4490.0,-13.9,19.6,False,False,False,0,D,0.0,0.0,0.0,0.0,트렌드 미통과,현재가>150MA:0|현재가>200MA:0|150MA>200MA:0|200MA상승중:1|현재가>50MA:1|52주저점+25%:1|52주고점-30%:0,,0.0,,
389030,지니너스,KOSDAQ,2230.0,-32.4,10.2,False,False,False,0,D,0.0,0.0,0.0,0.0,트렌드 미통과,현재가>150MA:0|현재가>200MA:0|150MA>200MA:1|200MA상승중:1|현재가>50MA:1|52주저점+25%:1|52주고점-30%:0,,0.0,,
043610,KT지니뮤직,KOSDAQ,1118.0,-48.7,0.7,False,False,False,0,D,0.0,0.0,0.0,0.0,트렌드 미통과,현재가>150MA:0|현재가>200MA:0|150MA>200MA:0|200MA상승중:0|현재가>50MA:0|52주저점+25%:0|52주고점-30%:0,,0.0,,
263860,지니언스,KOSDAQ,18920.0,8.6,81.6,False,False,False,0,D,0.0,0.0,0.0,0.0,트렌드 미통과,현재가>150MA:1|현재가>200MA:1|150MA>200MA:0|200MA상승중:0|현재가>50MA:1|52주저점+25%:1|52주고점-30%:0,,0.0,,
303030,지니틱스,KOSDAQ,1340.0,22.4,1.2,False,False,False,0,D,0.0,0.0,0.0,0.0,트렌드 미통과,현재가>150MA:0|현재가>200MA:1|150MA>200MA:1|200MA상승중:1|현재가>50MA:0|52주저점+25%:1|52주고점-30%:0,,0.0,,
208350,지란지교시큐리티,KOSDAQ,2945.0,-16.2,0.3,False,False,False,0,D,0.0,0.0,0.0,0.0,트렌드 미통과,현재가>150MA:0|현재가>200MA:0|150MA>200MA:1|200MA상승중:0|현재가>50MA:1|52주저점+25%:0|52주고점-30%:1,,0.0,,
144510,지씨셀,KOSDAQ,14330.0,-43.7,7.0,False,False,False,0,D,0.0,0.0,0.0,0.0,트렌드 미통과,현재가>150MA:0|현재가>200MA:0|150MA>200MA:0|200MA상승중:0|현재가>50MA:1|52주저점+25%:0|52주고점-30%:0,,0.0,,
358570,지아이이노베이션,KOSDAQ,7970.0,-60.6,32.4,False,False,False,0,D,0.0,0.0,0.0,0.0,트렌드 미통과,현재가>150MA:0|현재가>200MA:0|150MA>200MA:0|200MA상승중:0|현재가>50MA:0|52주저점+25%:0|52주고점-30%:0,,0.0,,
382480,지아이텍,KOSDAQ,1620.0,-37.1,1.1,False,False,False,0,D,0.0,0.0,0.0,0.0,트렌드 미통과,현재가>150MA:0|현재가>200MA:0|150MA>200MA:0|200MA상승중:0|현재가>50MA:0|52주저점+25%:0|52주고점-30%:0,,0.0,,
382800,지앤비에스 에코,KOSDAQ,5340.0,20.3,33.6,False,False,False,0,D,0.0,0.0,0.0,0.0,트렌드 미통과,현재가>150MA:0|현재가>200MA:1|150MA>200MA:1|200MA상승중:1|현재가>50MA:1|52주저점+25%:1|52주고점-30%:0,,0.0,,
051160,지어소프트,KOSDAQ,12480.0,44.0,46.9,True,False,False,64,C,0.0,0.0,0.0,0.0,핸들 기간 짧음,현재가>150MA:1|현재가>200MA:1|150MA>200MA:1|200MA상승중:1|현재가>50MA:1|52주저점+25%:1|52주고점-30%:1,,0.0,,
053050,지에스이,KOSDAQ,1890.0,-33.2,8.1,False,False,False,0,D,0.0,0.0,0.0,0.0,트렌드 미통과,현재가>150MA:0|현재가>200MA:0|150MA>200MA:0|200MA상승중:0|현재가>50MA:1|52주저점+25%:0|52주고점-30%:0,,0.0,,
119850,지엔씨에너지,KOSDAQ,55500.0,82.4,336.2,True,False,False,64,C,0.0,0.0,0.0,0.0,컵 깊이 깊음(54.6%),현재가>150MA:1|현재가>200MA:1|150MA>200MA:1|200MA상승중:1|현재가>50MA:1|52주저점+25%:1|52주고점-30%:1,,0.0,,
065060,지엔코,KOSDAQ,3060.0,186.8,0.3,False,False,False,0,D,0.0,0.0,0.0,0.0,트렌드 미통과,현재가>150MA:1|현재가>200MA:1|150MA>200MA:1|200MA상승중:1|현재가>50MA:0|52주저점+25%:1|52주고점-30%:1,,0.0,,
204840,지엘팜텍,KOSDAQ,4215.0,314.5,4.6,True,False,False,64,C,0.0,0.0,0.0,0.0,핸들 깊이 깊음(27.1%),현재가>150MA:1|현재가>200MA:1|150MA>200MA:1|200MA상승중:1|현재가>50MA:1|52주저점+25%:1|52주고점-30%:1,,0.0,,
311320,지오엘리먼트,KOSDAQ,8440.0,-9.9,3.3,False,False,False,0,D,0.0,0.0,0.0,0.0,트렌드 미통과,현재가>150MA:1|현재가>200MA:1|150MA>200MA:1|200MA상승중:1|현재가>50MA:1|52주저점+25%:1|52주고점-30%:1,,0.0,,
388050,지투파워,KOSDAQ,9760.0,-3.3,197.3,False,False,False,0,D,0.0,0.0,0.0,0.0,트렌드 미통과,현재가>150MA:0|현재가>200MA:0|150MA>200MA:1|200MA상승중:1|현재가>50MA:1|52주저점+25%:1|52주고점-30%:0,,0.0,,
018120,진로발효,KOSDAQ,16840.0,-21.6,0.2,False,False,False,0,D,0.0,0.0,0.0,0.0,트렌드 미통과,현재가>150MA:0|현재가>200MA:0|150MA>200MA:0|200MA상승중:0|현재가>50MA:1|52주저점+25%:0|52주고점-30%:1,,0.0,,
109820,진매트릭스,KOSDAQ,1534.0,-35.4,1.5,False,False,False,0,D,0.0,0.0,0.0,0.0,트렌드 미통과,현재가>150MA:0|현재가>200MA:0|150MA>200MA:0|200MA상승중:0|현재가>50MA:1|52주저점+25%:0|52주고점-30%:0,,0.0,,
086060,진바이오텍,KOSDAQ,4870.0,-6.4,0.6,True,False,False,32,D,0.0,0.0,0.0,0.0,핸들 기간 김(47일),현재가>150MA:1|현재가>200MA:1|150MA>200MA:1|200MA상승중:1|현재가>50MA:1|52주저점+25%:1|52주고점-30%:1,,0.0,,
036890,진성티이씨,KOSDAQ,11550.0,-34.7,7.2,False,False,False,0,D,0.0,0.0,0.0,0.0,트렌드 미통과,현재가>150MA:0|현재가>200MA:0|150MA>200MA:1|200MA상승중:1|현재가>50MA:0|52주저점+25%:0|52주고점-30%:0,,0.0,,
363250,진시스템,KOSDAQ,4145.0,-18.3,0.4,False,False,False,0,D,0.0,0.0,0.0,0.0,트렌드 미통과,현재가>150MA:0|현재가>200MA:0|150MA>200MA:1|200MA상승중:0|현재가>50MA:1|52주저점+25%:1|52주고점-30%:0,,0.0,,
007370,진양제약,KOSDAQ,3995.0,-27.8,0.3,False,False,False,0,D,0.0,0.0,0.0,0.0,트렌드 미통과,현재가>150MA:0|현재가>200MA:0|150MA>200MA:0|200MA상승중:0|현재가>50MA:1|52주저점+25%:0|52주고점-30%:0,,0.0,,
285800,진영,KOSDAQ,4580.0,260.4,15.0,False,False,False,0,D,0.0,0.0,0.0,0.0,트렌드 미통과,현재가>150MA:1|현재가>200MA:1|150MA>200MA:0|200MA상승중:1|현재가>50MA:1|52주저점+25%:1|52주고점-30%:1,,0.0,,
085660,차바이오텍,KOSDAQ,8180.0,-54.9,23.0,False,False,False,0,D,0.0,0.0,0.0,0.0,트렌드 미통과,현재가>150MA:0|현재가>200MA:0|150MA>200MA:0|200MA상승중:0|현재가>50MA:0|52주저점+25%:0|52주고점-30%:0,,0.0,,
261780,아리바이오랩,KOSDAQ,3755.0,9.9,43.4,False,False,False,0,D,0.0,0.0,0.0,0.0,트렌드 미통과,현재가>150MA:1|현재가>200MA:1|150MA>200MA:1|200MA상승중:1|현재가>50MA:1|52주저점+25%:1|52주고점-30%:0,,0.0,,
351870,차이커뮤니케이션,KOSDAQ,2340.0,-38.0,0.4,False,False,False,0,D,0.0,0.0,0.0,0.0,트렌드 미통과,현재가>150MA:0|현재가>200MA:0|150MA>200MA:0|200MA상승중:0|현재가>50MA:1|52주저점+25%:1|52주고점-30%:0,,0.0,,
094850,참좋은여행,KOSDAQ,4360.0,-34.1,1.1,False,False,False,0,D,0.0,0.0,0.0,0.0,트렌드 미통과,현재가>150MA:0|현재가>200MA:0|150MA>200MA:0|200MA상승중:0|현재가>50MA:1|52주저점+25%:0|52주고점-30%:0,,0.0,,
004650,창해에탄올,KOSDAQ,9290.0,-21.7,0.8,False,False,False,0,D,0.0,0.0,0.0,0.0,트렌드 미통과,현재가>150MA:0|현재가>200MA:0|150MA>200MA:0|200MA상승중:0|현재가>50MA:0|52주저점+25%:0|52주고점-30%:1,,0.0,,
278280,천보,KOSDAQ,35100.0,-38.0,11.5,False,False,False,0,D,0.0,0.0,0.0,0.0,트렌드 미통과,현재가>150MA:0|현재가>200MA:0|150MA>200MA:0|200MA상승중:0|현재가>50MA:0|52주저점+25%:0|52주고점-30%:0,,0.0,,
362320,청담글로벌,KOSDAQ,4300.0,-34.9,4.2,False,False,False,0,D,0.0,0.0,0.0,0.0,트렌드 미통과,현재가>150MA:0|현재가>200MA:0|150MA>200MA:0|200MA상승중:0|현재가>50MA:0|52주저점+25%:0|52주고점-30%:0,,0.0,,
066360,체리부로,KOSDAQ,1487.0,73.7,0.5,True,False,False,64,C,0.0,0.0,0.0,0.0,컵 깊이 깊음(55.3%),현재가>150MA:1|현재가>200MA:1|150MA>200MA:1|200MA상승중:1|현재가>50MA:1|52주저점+25%:1|52주고점-30%:1,,0.0,,
047820,초록뱀미디어,KOSDAQ,3210.0,-44.7,0.4,False,False,False,0,D,0.0,0.0,0.0,0.0,트렌드 미통과,현재가>150MA:0|현재가>200MA:0|150MA>200MA:0|200MA상승중:0|현재가>50MA:1|52주저점+25%:0|52주고점-30%:0,,0.0,,
094360,칩스앤미디어,KOSDAQ,12410.0,-32.4,13.6,False,False,False,0,D,0.0,0.0,0.0,0.0,트렌드 미통과,현재가>150MA:0|현재가>200MA:0|150MA>200MA:0|200MA상승중:0|현재가>50MA:1|52주저점+25%:1|52주고점-30%:0,,0.0,,
016920,카스,KOSDAQ,1058.0,-13.1,1.2,False,False,False,0,D,0.0,0.0,0.0,0.0,트렌드 미통과,현재가>150MA:1|현재가>200MA:1|150MA>200MA:0|200MA상승중:1|현재가>50MA:0|52주저점+25%:1|52주고점-30%:1,,0.0,,
284620,카이노스메드,KOSDAQ,1087.0,-17.3,0.0,False,False,False,0,D,0.0,0.0,0.0,0.0,트렌드 미통과,현재가>150MA:0|현재가>200MA:0|150MA>200MA:0|200MA상승중:0|현재가>50MA:0|52주저점+25%:0|52주고점-30%:1,,0.0,,
293490,카카오게임즈,KOSDAQ,9520.0,-30.0,48.3,False,False,False,0,D,0.0,0.0,0.0,0.0,트렌드 미통과,현재가>150MA:0|현재가>200MA:0|150MA>200MA:0|200MA상승중:0|현재가>50MA:1|52주저점+25%:1|52주고점-30%:0,,0.0,,
140430,카티스,KOSDAQ,2495.0,90.4,26.1,False,False,False,0,D,0.0,0.0,0.0,0.0,트렌드 미통과,현재가>150MA:1|현재가>200MA:1|150MA>200MA:1|200MA상승중:0|현재가>50MA:1|52주저점+25%:1|52주고점-30%:0,,0.0,,
042000,카페24,KOSDAQ,18750.0,-44.1,23.7,False,False,False,0,D,0.0,0.0,0.0,0.0,트렌드 미통과,현재가>150MA:0|현재가>200MA:0|150MA>200MA:0|200MA상승중:0|현재가>50MA:1|52주저점+25%:1|52주고점-30%:0,,0.0,,
313760,캐리,KOSDAQ,468.0,-50.8,0.0,False,False,False,0,D,0.0,0.0,0.0,0.0,트렌드 미통과,현재가>150MA:0|현재가>200MA:0|150MA>200MA:0|200MA상승중:0|현재가>50MA:0|52주저점+25%:0|52주고점-30%:0,,0.0,,
317530,에피소드컴퍼니,KOSDAQ,3250.0,-23.6,0.4,False,False,False,0,D,0.0,0.0,0.0,0.0,트렌드 미통과,현재가>150MA:0|현재가>200MA:0|150MA>200MA:0|200MA상승중:0|현재가>50MA:1|52주저점+25%:1|52주고점-30%:0,,0.0,,
071850,캐스텍코리아,KOSDAQ,1239.0,-35.7,0.1,False,False,False,0,D,0.0,0.0,0.0,0.0,트렌드 미통과,현재가>150MA:0|현재가>200MA:0|150MA>200MA:0|200MA상승중:0|현재가>50MA:0|52주저점+25%:0|52주고점-30%:1,,0.0,,
210120,캔버스엔,KOSDAQ,1857.0,40.0,5.9,False,False,False,0,D,0.0,0.0,0.0,0.0,트렌드 미통과,현재가>150MA:1|현재가>200MA:1|150MA>200MA:0|200MA상승중:1|현재가>50MA:1|52주저점+25%:1|52주고점-30%:1,,0.0,,
050110,캠시스,KOSDAQ,1079.0,14.8,1.0,False,False,False,0,D,0.0,0.0,0.0,0.0,트렌드 미통과,현재가>150MA:0|현재가>200MA:0|150MA>200MA:1|200MA상승중:1|현재가>50MA:1|52주저점+25%:1|52주고점-30%:0,,0.0,,
452300,캡스톤파트너스,KOSDAQ,2405.0,-28.7,1.8,False,False,False,0,D,0.0,0.0,0.0,0.0,트렌드 미통과,현재가>150MA:0|현재가>200MA:0|150MA>200MA:1|200MA상승중:0|현재가>50MA:1|52주저점+25%:1|52주고점-30%:0,,0.0,,
451760,컨텍,KOSDAQ,8010.0,-40.8,7.7,False,False,False,0,D,0.0,0.0,0.0,0.0,트렌드 미통과,현재가>150MA:0|현재가>200MA:0|150MA>200MA:0|200MA상승중:0|현재가>50MA:1|52주저점+25%:1|52주고점-30%:0,,0.0,,
900310,컬러레이,KOSDAQ,2055.0,140.7,0.1,False,False,False,0,D,0.0,0.0,0.0,0.0,트렌드 미통과,현재가>150MA:1|현재가>200MA:1|150MA>200MA:1|200MA상승중:1|현재가>50MA:0|52주저점+25%:1|52주고점-30%:1,,0.0,,
078340,컴투스,KOSDAQ,37400.0,7.6,48.4,False,False,False,0,D,0.0,0.0,0.0,0.0,트렌드 미통과,현재가>150MA:1|현재가>200MA:1|150MA>200MA:0|200MA상승중:1|현재가>50MA:1|52주저점+25%:1|52주고점-30%:1,,0.0,,
063080,컴투스홀딩스,KOSDAQ,12470.0,-36.6,3.0,False,False,False,0,D,0.0,0.0,0.0,0.0,트렌드 미통과,현재가>150MA:0|현재가>200MA:0|150MA>200MA:0|200MA상승중:0|현재가>50MA:1|52주저점+25%:0|52주고점-30%:0,,0.0,,
307930,컴퍼니케이,KOSDAQ,6310.0,-20.1,3.1,False,False,False,0,D,0.0,0.0,0.0,0.0,트렌드 미통과,현재가>150MA:0|현재가>200MA:0|150MA>200MA:1|200MA상승중:1|현재가>50MA:1|52주저점+25%:0|52주고점-30%:0,,0.0,,
079190,케스피온,KOSDAQ,1336.0,159.2,1.7,False,False,False,0,D,0.0,0.0,0.0,0.0,트렌드 미통과,현재가>150MA:1|현재가>200MA:1|150MA>200MA:1|200MA상승중:1|현재가>50MA:1|52주저점+25%:1|52주고점-30%:0,,0.0,,
263700,케어랩스,KOSDAQ,2305.0,-30.0,0.5,False,False,False,0,D,0.0,0.0,0.0,0.0,트렌드 미통과,현재가>150MA:1|현재가>200MA:0|150MA>200MA:0|200MA상승중:0|현재가>50MA:1|52주저점+25%:1|52주고점-30%:0,,0.0,,
214370,케어젠,KOSDAQ,41700.0,-60.1,27.4,False,False,False,0,D,0.0,0.0,0.0,0.0,트렌드 미통과,현재가>150MA:0|현재가>200MA:0|150MA>200MA:0|200MA상승중:0|현재가>50MA:0|52주저점+25%:0|52주고점-30%:0,,0.0,,
221980,케이디켐,KOSDAQ,9610.0,-24.0,0.1,False,False,False,0,D,0.0,0.0,0.0,0.0,트렌드 미통과,현재가>150MA:0|현재가>200MA:0|150MA>200MA:0|200MA상승중:0|현재가>50MA:1|52주저점+25%:0|52주고점-30%:1,,0.0,,
038530,케이바이오랩스,KOSDAQ,3705.0,859.3,0.2,True,False,False,64,C,0.0,0.0,0.0,0.0,핸들 기간 짧음,현재가>150MA:1|현재가>200MA:1|150MA>200MA:1|200MA상승중:1|현재가>50MA:1|52주저점+25%:1|52주고점-30%:1,,0.0,,
192250,케이사인,KOSDAQ,8080.0,-27.6,7.1,False,False,False,0,D,0.0,0.0,0.0,0.0,트렌드 미통과,현재가>150MA:0|현재가>200MA:0|150MA>200MA:0|200MA상승중:0|현재가>50MA:1|52주저점+25%:0|52주고점-30%:0,,0.0,,
431190,케이쓰리아이,KOSDAQ,4200.0,14.5,7.5,False,False,False,0,D,0.0,0.0,0.0,0.0,트렌드 미통과,현재가>150MA:1|현재가>200MA:1|150MA>200MA:0|200MA상승중:0|현재가>50MA:1|52주저점+25%:1|52주고점-30%:0,,0.0,,
115500,케이씨에스,KOSDAQ,10670.0,-4.9,47.1,False,False,False,0,D,0.0,0.0,0.0,0.0,트렌드 미통과,현재가>150MA:0|현재가>200MA:1|150MA>200MA:1|200MA상승중:0|현재가>50MA:1|52주저점+25%:1|52주고점-30%:0,,0.0,,
089150,케이씨티,KOSDAQ,1612.0,-56.1,0.4,False,False,False,0,D,0.0,0.0,0.0,0.0,트렌드 미통과,현재가>150MA:0|현재가>200MA:0|150MA>200MA:0|200MA상승중:0|현재가>50MA:0|52주저점+25%:0|52주고점-30%:0,,0.0,,
025880,케이씨피드,KOSDAQ,2300.0,-31.6,0.9,False,False,False,0,D,0.0,0.0,0.0,0.0,트렌드 미통과,현재가>150MA:0|현재가>200MA:0|150MA>200MA:0|200MA상승중:0|현재가>50MA:0|52주저점+25%:0|52주고점-30%:1,,0.0,,
093320,케이아이엔엑스,KOSDAQ,132900.0,9.0,15.2,False,False,False,0,D,0.0,0.0,0.0,0.0,트렌드 미통과,현재가>150MA:1|현재가>200MA:1|150MA>200MA:0|200MA상승중:1|현재가>50MA:0|52주저점+25%:1|52주고점-30%:1,,0.0,,
093640,케이알엠,KOSDAQ,4585.0,-0.9,1.4,False,False,False,0,D,0.0,0.0,0.0,0.0,트렌드 미통과,현재가>150MA:1|현재가>200MA:1|150MA>200MA:1|200MA상승중:1|현재가>50MA:1|52주저점+25%:1|52주고점-30%:1,,0.0,,
073010,케이에스피,KOSDAQ,3260.0,-32.9,22.8,False,False,False,0,D,0.0,0.0,0.0,0.0,트렌드 미통과,현재가>150MA:0|현재가>200MA:0|150MA>200MA:0|200MA상승중:0|현재가>50MA:1|52주저점+25%:1|52주고점-30%:0,,0.0,,
105330,케이엔더블유,KOSDAQ,8290.0,19.9,2.4,False,False,False,0,D,0.0,0.0,0.0,0.0,트렌드 미통과,현재가>150MA:1|현재가>200MA:1|150MA>200MA:1|200MA상승중:1|현재가>50MA:1|52주저점+25%:1|52주고점-30%:1,,0.0,,
053080,케이엔솔,KOSDAQ,8730.0,-35.7,2.8,False,False,False,0,D,0.0,0.0,0.0,0.0,트렌드 미통과,현재가>150MA:0|현재가>200MA:0|150MA>200MA:0|200MA상승중:0|현재가>50MA:1|52주저점+25%:1|52주고점-30%:0,,0.0,,
199430,케이엔알시스템,KOSDAQ,17720.0,-6.3,43.6,False,False,False,0,D,0.0,0.0,0.0,0.0,트렌드 미통과,현재가>150MA:0|현재가>200MA:0|150MA>200MA:0|200MA상승중:0|현재가>50MA:1|52주저점+25%:1|52주고점-30%:0,,0.0,,
432470,케이엔에스,KOSDAQ,10060.0,-15.2,36.8,False,False,False,0,D,0.0,0.0,0.0,0.0,트렌드 미통과,현재가>150MA:0|현재가>200MA:0|150MA>200MA:0|200MA상승중:0|현재가>50MA:1|52주저점+25%:1|52주고점-30%:0,,0.0,,
272110,케이엔제이,KOSDAQ,29900.0,-7.4,18.9,False,False,False,0,D,0.0,0.0,0.0,0.0,트렌드 미통과,현재가>150MA:0|현재가>200MA:0|150MA>200MA:1|200MA상승중:1|현재가>50MA:1|52주저점+25%:1|52주고점-30%:0,,0.0,,
039420,케이엘넷,KOSDAQ,2640.0,-21.8,0.4,False,False,False,0,D,0.0,0.0,0.0,0.0,트렌드 미통과,현재가>150MA:0|현재가>200MA:0|150MA>200MA:0|200MA상승중:0|현재가>50MA:0|52주저점+25%:0|52주고점-30%:1,,0.0,,
083550,케이엠,KOSDAQ,3260.0,-8.2,0.4,False,False,False,0,D,0.0,0.0,0.0,0.0,트렌드 미통과,현재가>150MA:1|현재가>200MA:1|150MA>200MA:0|200MA상승중:0|현재가>50MA:1|52주저점+25%:1|52주고점-30%:1,,0.0,,
032500,케이엠더블유,KOSDAQ,18800.0,-14.0,51.3,False,False,False,0,D,0.0,0.0,0.0,0.0,트렌드 미통과,현재가>150MA:0|현재가>200MA:0|150MA>200MA:1|200MA상승중:1|현재가>50MA:1|52주저점+25%:1|52주고점-30%:0,,0.0,,
225430,케이엠제약,KOSDAQ,698.0,-33.0,4.7,False,False,False,0,D,0.0,0.0,0.0,0.0,트렌드 미통과,현재가>150MA:0|현재가>200MA:0|150MA>200MA:1|200MA상승중:1|현재가>50MA:0|52주저점+25%:1|52주고점-30%:0,,0.0,,
102370,케이옥션,KOSDAQ,2990.0,-30.3,1.0,False,False,False,0,D,0.0,0.0,0.0,0.0,트렌드 미통과,현재가>150MA:0|현재가>200MA:0|150MA>200MA:0|200MA상승중:0|현재가>50MA:0|52주저점+25%:0|52주고점-30%:0,,0.0,,
068100,케이웨더,KOSDAQ,2365.0,-27.4,0.2,False,False,False,0,D,0.0,0.0,0.0,0.0,트렌드 미통과,현재가>150MA:0|현재가>200MA:0|150MA>200MA:0|200MA상승중:0|현재가>50MA:1|52주저점+25%:0|52주고점-30%:0,,0.0,,
036030,케이티알파,KOSDAQ,4930.0,-17.0,1.4,False,False,False,0,D,0.0,0.0,0.0,0.0,트렌드 미통과,현재가>150MA:1|현재가>200MA:1|150MA>200MA:0|200MA상승중:0|현재가>50MA:1|52주저점+25%:0|52주고점-30%:1,,0.0,,
064820,케이프,KOSDAQ,7500.0,-43.8,3.1,False,False,False,0,D,0.0,0.0,0.0,0.0,트렌드 미통과,현재가>150MA:0|현재가>200MA:0|150MA>200MA:0|200MA상승중:0|현재가>50MA:0|52주저점+25%:0|52주고점-30%:0,,0.0,,
256940,킵스파마,KOSDAQ,6060.0,-40.4,2.1,False,False,False,0,D,0.0,0.0,0.0,0.0,트렌드 미통과,현재가>150MA:0|현재가>200MA:0|150MA>200MA:0|200MA상승중:0|현재가>50MA:1|52주저점+25%:0|52주고점-30%:0,,0.0,,
024880,케이피에프,KOSDAQ,3865.0,-38.6,1.5,False,False,False,0,D,0.0,0.0,0.0,0.0,트렌드 미통과,현재가>150MA:0|현재가>200MA:0|150MA>200MA:0|200MA상승중:0|현재가>50MA:1|52주저점+25%:0|52주고점-30%:0,,0.0,,
042040,케이피엠테크,KOSDAQ,5010.0,1384.4,0.4,True,False,False,64,C,0.0,0.0,0.0,0.0,컵 기간 짧음(17일),현재가>150MA:1|현재가>200MA:1|150MA>200MA:1|200MA상승중:1|현재가>50MA:1|52주저점+25%:1|52주고점-30%:1,,0.0,,
054410,케이피티유,KOSDAQ,3265.0,-15.6,0.1,False,False,False,0,D,0.0,0.0,0.0,0.0,트렌드 미통과,현재가>150MA:0|현재가>200MA:0|150MA>200MA:0|200MA상승중:0|현재가>50MA:0|52주저점+25%:0|52주고점-30%:1,,0.0,,
258610,케일럼,KOSDAQ,1164.0,-31.9,0.2,False,False,False,0,D,0.0,0.0,0.0,0.0,트렌드 미통과,현재가>150MA:0|현재가>200MA:0|150MA>200MA:0|200MA상승중:0|현재가>50MA:1|52주저점+25%:0|52주고점-30%:0,,0.0,,
274090,켄코아에어로스페이스,KOSDAQ,12720.0,-21.3,114.3,False,False,False,0,D,0.0,0.0,0.0,0.0,트렌드 미통과,현재가>150MA:0|현재가>200MA:0|150MA>200MA:0|200MA상승중:1|현재가>50MA:1|52주저점+25%:1|52주고점-30%:0,,0.0,,
089010,켐트로닉스,KOSDAQ,25850.0,-23.9,24.7,False,False,False,0,D,0.0,0.0,0.0,0.0,트렌드 미통과,현재가>150MA:0|현재가>200MA:0|150MA>200MA:0|200MA상승중:0|현재가>50MA:1|52주저점+25%:1|52주고점-30%:0,,0.0,,
220260,켐트로스,KOSDAQ,4365.0,-21.4,4.3,False,False,False,0,D,0.0,0.0,0.0,0.0,트렌드 미통과,현재가>150MA:0|현재가>200MA:0|150MA>200MA:0|200MA상승중:0|현재가>50MA:1|52주저점+25%:1|52주고점-30%:0,,0.0,,
052400,코나아이,KOSDAQ,38250.0,-37.6,24.4,False,False,False,0,D,0.0,0.0,0.0,0.0,트렌드 미통과,현재가>150MA:0|현재가>200MA:0|150MA>200MA:0|200MA상승중:0|현재가>50MA:0|52주저점+25%:0|52주고점-30%:0,,0.0,,
402030,코난테크놀로지,KOSDAQ,12610.0,-41.4,2.3,False,False,False,0,D,0.0,0.0,0.0,0.0,트렌드 미통과,현재가>150MA:0|현재가>200MA:0|150MA>200MA:0|200MA상승중:0|현재가>50MA:0|52주저점+25%:0|52주고점-30%:0,,0.0,,
391710,코닉오토메이션,KOSDAQ,1274.0,-45.4,10.9,False,False,False,0,D,0.0,0.0,0.0,0.0,트렌드 미통과,현재가>150MA:0|현재가>200MA:0|150MA>200MA:0|200MA상승중:0|현재가>50MA:1|52주저점+25%:0|52주고점-30%:0,,0.0,,
047770,코데즈컴바인,KOSDAQ,3320.0,2.2,109.6,False,False,False,0,D,0.0,0.0,0.0,0.0,트렌드 미통과,현재가>150MA:0|현재가>200MA:0|150MA>200MA:1|200MA상승중:1|현재가>50MA:1|52주저점+25%:1|52주고점-30%:0,,0.0,,
080530,코디,KOSDAQ,2410.0,71.3,0.2,False,False,False,0,D,0.0,0.0,0.0,0.0,트렌드 미통과,현재가>150MA:1|현재가>200MA:1|150MA>200MA:1|200MA상승중:1|현재가>50MA:0|52주저점+25%:1|52주고점-30%:1,,0.0,,
104540,코렌텍,KOSDAQ,4315.0,-29.2,5.7,False,False,False,0,D,0.0,0.0,0.0,0.0,트렌드 미통과,현재가>150MA:0|현재가>200MA:0|150MA>200MA:0|200MA상승중:0|현재가>50MA:1|52주저점+25%:0|52주고점-30%:0,,0.0,,
027050,코리아나,KOSDAQ,1278.0,-44.6,3.2,False,False,False,0,D,0.0,0.0,0.0,0.0,트렌드 미통과,현재가>150MA:0|현재가>200MA:0|150MA>200MA:0|200MA상승중:0|현재가>50MA:0|52주저점+25%:0|52주고점-30%:0,,0.0,,
190650,코리아에셋투자증권,KOSDAQ,6490.0,-31.0,0.2,False,False,False,0,D,0.0,0.0,0.0,0.0,트렌드 미통과,현재가>150MA:0|현재가>200MA:0|150MA>200MA:1|200MA상승중:0|현재가>50MA:0|52주저점+25%:0|52주고점-30%:0,,0.0,,
123410,코리아에프티,KOSDAQ,5900.0,-26.4,3.6,False,False,False,0,D,0.0,0.0,0.0,0.0,트렌드 미통과,현재가>150MA:0|현재가>200MA:0|150MA>200MA:0|200MA상승중:0|현재가>50MA:1|52주저점+25%:0|52주고점-30%:0,,0.0,,
036690,코맥스,KOSDAQ,2885.0,-17.3,0.0,False,False,False,0,D,0.0,0.0,0.0,0.0,트렌드 미통과,현재가>150MA:0|현재가>200MA:0|150MA>200MA:0|200MA상승중:0|현재가>50MA:0|52주저점+25%:0|52주고점-30%:1,,0.0,,
049430,코메론,KOSDAQ,21950.0,20.1,7.1,True,False,False,56,D,0.0,0.0,0.0,0.0,현재가 피벗 미달(-6.0%),현재가>150MA:1|현재가>200MA:1|150MA>200MA:1|200MA상승중:1|현재가>50MA:1|52주저점+25%:1|52주고점-30%:1,,0.0,,
183300,코미코,KOSDAQ,33600.0,-81.2,161.5,False,False,False,0,D,0.0,0.0,0.0,0.0,트렌드 미통과,현재가>150MA:0|현재가>200MA:0|150MA>200MA:0|200MA상승중:0|현재가>50MA:0|52주저점+25%:1|52주고점-30%:0,,0.0,,
041960,코미팜,KOSDAQ,9700.0,12.5,26.5,True,True,False,59,D,9920.0,35.2,6.7,0.86,거래량 미충족,현재가>150MA:1|현재가>200MA:1|150MA>200MA:1|200MA상승중:1|현재가>50MA:1|52주저점+25%:1|52주고점-30%:1,safe,-2.2,95.0,15.0
089890,코세스,KOSDAQ,32500.0,38.6,41.6,False,False,False,0,D,0.0,0.0,0.0,0.0,트렌드 미통과,현재가>150MA:1|현재가>200MA:1|150MA>200MA:1|200MA상승중:0|현재가>50MA:1|52주저점+25%:1|52주고점-30%:0,,0.0,,
360350,코셈,KOSDAQ,9100.0,-6.0,2.9,False,False,False,0,D,0.0,0.0,0.0,0.0,트렌드 미통과,현재가>150MA:0|현재가>200MA:1|150MA>200MA:1|200MA상승중:0|현재가>50MA:1|52주저점+25%:1|52주고점-30%:0,,0.0,,
222040,코스맥스엔비티,KOSDAQ,7270.0,48.9,19.2,False,False,False,0,D,0.0,0.0,0.0,0.0,트렌드 미통과,현재가>150MA:1|현재가>200MA:1|150MA>200MA:1|200MA상승중:1|현재가>50MA:0|52주저점+25%:1|52주고점-30%:0,,0.0,,
241710,코스메카코리아,KOSDAQ,129600.0,64.9,144.3,True,False,False,64,C,0.0,0.0,0.0,0.0,핸들 기간 김(21일),현재가>150MA:1|현재가>200MA:1|150MA>200MA:1|200MA상승중:1|현재가>50MA:1|52주저점+25%:1|52주고점-30%:1,,0.0,,
355150,코스텍시스,KOSDAQ,21050.0,4.8,20.0,False,False,False,0,D,0.0,0.0,0.0,0.0,트렌드 미통과,현재가>150MA:0|현재가>200MA:0|150MA>200MA:1|200MA상승중:1|현재가>50MA:1|52주저점+25%:1|52주고점-30%:0,,0.0,,
166480,코아스템켐온,KOSDAQ,2180.0,-16.9,2.6,False,False,False,0,D,0.0,0.0,0.0,0.0,트렌드 미통과,현재가>150MA:0|현재가>200MA:0|150MA>200MA:1|200MA상승중:1|현재가>50MA:1|52주저점+25%:1|52주고점-30%:0,,0.0,,
045970,코아시아,KOSDAQ,3595.0,-26.1,2.0,False,False,False,0,D,0.0,0.0,0.0,0.0,트렌드 미통과,현재가>150MA:0|현재가>200MA:0|150MA>200MA:0|200MA상승중:0|현재가>50MA:1|52주저점+25%:1|52주고점-30%:0,,0.0,,
196450,코아시아씨엠,KOSDAQ,3900.0,335.5,0.4,True,False,False,64,C,0.0,0.0,0.0,0.0,컵 깊이 깊음(61.5%),현재가>150MA:1|현재가>200MA:1|150MA>200MA:1|200MA상승중:1|현재가>50MA:1|52주저점+25%:1|52주고점-30%:1,,0.0,,
384470,코어라인소프트,KOSDAQ,2610.0,-43.7,1.4,False,False,False,0,D,0.0,0.0,0.0,0.0,트렌드 미통과,현재가>150MA:0|현재가>200MA:0|150MA>200MA:0|200MA상승중:0|현재가>50MA:0|52주저점+25%:0|52주고점-30%:0,,0.0,,
102940,코오롱생명과학,KOSDAQ,13850.0,-86.8,6.6,False,False,False,0,D,0.0,0.0,0.0,0.0,트렌드 미통과,현재가>150MA:0|현재가>200MA:0|150MA>200MA:0|200MA상승중:0|현재가>50MA:0|52주저점+25%:0|52주고점-30%:0,,0.0,,
950160,코오롱티슈진,KOSDAQ,15060.0,-98.3,123.0,False,False,False,0,D,0.0,0.0,0.0,0.0,트렌드 미통과,현재가>150MA:0|현재가>200MA:0|150MA>200MA:0|200MA상승중:0|현재가>50MA:0|52주저점+25%:1|52주고점-30%:0,,0.0,,
033290,로젠,KOSDAQ,1515.0,-35.2,0.2,False,False,False,0,D,0.0,0.0,0.0,0.0,트렌드 미통과,현재가>150MA:0|현재가>200MA:0|150MA>200MA:0|200MA상승중:0|현재가>50MA:0|52주저점+25%:0|52주고점-30%:0,,0.0,,
056360,코위버,KOSDAQ,6020.0,-9.5,10.3,False,False,False,0,D,0.0,0.0,0.0,0.0,트렌드 미통과,현재가>150MA:0|현재가>200MA:0|150MA>200MA:1|200MA상승중:1|현재가>50MA:1|52주저점+25%:1|52주고점-30%:0,,0.0,,
282880,코윈로보틱스,KOSDAQ,10610.0,-36.2,4.5,False,False,False,0,D,0.0,0.0,0.0,0.0,트렌드 미통과,현재가>150MA:0|현재가>200MA:0|150MA>200MA:0|200MA상승중:0|현재가>50MA:1|52주저점+25%:1|52주고점-30%:0,,0.0,,
448710,코츠테크놀로지,KOSDAQ,10960.0,-41.8,1.8,False,False,False,0,D,0.0,0.0,0.0,0.0,트렌드 미통과,현재가>150MA:0|현재가>200MA:0|150MA>200MA:0|200MA상승중:0|현재가>50MA:0|52주저점+25%:0|52주고점-30%:0,,0.0,,
126730,코칩,KOSDAQ,23500.0,25.5,185.3,False,False,False,0,D,0.0,0.0,0.0,0.0,트렌드 미통과,현재가>150MA:1|현재가>200MA:1|150MA>200MA:1|200MA상승중:1|현재가>50MA:1|52주저점+25%:1|52주고점-30%:1,,0.0,,
015710,코콤,KOSDAQ,2910.0,-29.2,0.3,False,False,False,0,D,0.0,0.0,0.0,0.0,트렌드 미통과,현재가>150MA:0|현재가>200MA:0|150MA>200MA:0|200MA상승중:0|현재가>50MA:1|52주저점+25%:0|52주고점-30%:1,,0.0,,
052330,코텍,KOSDAQ,10500.0,-11.3,1.6,False,False,False,0,D,0.0,0.0,0.0,0.0,트렌드 미통과,현재가>150MA:0|현재가>200MA:0|150MA>200MA:1|200MA상승중:1|현재가>50MA:0|52주저점+25%:0|52주고점-30%:1,,0.0,,
322780,코퍼스코리아,KOSDAQ,1687.0,51.3,0.6,False,False,False,0,D,0.0,0.0,0.0,0.0,트렌드 미통과,현재가>150MA:1|현재가>200MA:1|150MA>200MA:1|200MA상승중:1|현재가>50MA:0|52주저점+25%:1|52주고점-30%:0,,0.0,,
200130,콜마비앤에이치,KOSDAQ,7830.0,-44.4,5.9,False,False,False,0,D,0.0,0.0,0.0,0.0,트렌드 미통과,현재가>150MA:0|현재가>200MA:0|150MA>200MA:0|200MA상승중:0|현재가>50MA:0|52주저점+25%:0|52주고점-30%:0,,0.0,,
294570,쿠콘,KOSDAQ,26300.0,-14.0,61.7,False,False,False,0,D,0.0,0.0,0.0,0.0,트렌드 미통과,현재가>150MA:1|현재가>200MA:0|150MA>200MA:0|200MA상승중:0|현재가>50MA:1|52주저점+25%:1|52주고점-30%:0,,0.0,,
317690,퀀타매트릭스,KOSDAQ,2235.0,-52.6,1.1,False,False,False,0,D,0.0,0.0,0.0,0.0,트렌드 미통과,현재가>150MA:0|현재가>200MA:0|150MA>200MA:0|200MA상승중:0|현재가>50MA:0|52주저점+25%:0|52주고점-30%:0,,0.0,,
432720,퀄리타스반도체,KOSDAQ,10760.0,-33.1,19.7,False,False,False,0,D,0.0,0.0,0.0,0.0,트렌드 미통과,현재가>150MA:0|현재가>200MA:0|150MA>200MA:0|200MA상승중:0|현재가>50MA:1|52주저점+25%:1|52주고점-30%:0,,0.0,,
365270,큐라클,KOSDAQ,9840.0,-11.9,5.5,False,False,False,0,D,0.0,0.0,0.0,0.0,트렌드 미통과,현재가>150MA:0|현재가>200MA:0|150MA>200MA:1|200MA상승중:1|현재가>50MA:1|52주저점+25%:1|52주고점-30%:0,,0.0,,
348080,큐라티스,KOSDAQ,3855.0,570.9,13.2,True,False,False,64,C,0.0,0.0,0.0,0.0,컵 깊이 깊음(78.2%),현재가>150MA:1|현재가>200MA:1|150MA>200MA:1|200MA상승중:1|현재가>50MA:1|52주저점+25%:1|52주고점-30%:1,,0.0,,
060280,큐렉소,KOSDAQ,8130.0,-41.4,13.6,False,False,False,0,D,0.0,0.0,0.0,0.0,트렌드 미통과,현재가>150MA:0|현재가>200MA:0|150MA>200MA:0|200MA상승중:0|현재가>50MA:0|52주저점+25%:0|52주고점-30%:0,,0.0,,
372320,큐로셀,KOSDAQ,21650.0,-61.6,4.7,False,False,False,0,D,0.0,0.0,0.0,0.0,트렌드 미통과,현재가>150MA:0|현재가>200MA:0|150MA>200MA:0|200MA상승중:0|현재가>50MA:0|52주저점+25%:0|52주고점-30%:0,,0.0,,
051780,큐로홀딩스,KOSDAQ,2100.0,58.9,0.6,False,False,False,0,D,0.0,0.0,0.0,0.0,트렌드 미통과,현재가>150MA:0|현재가>200MA:1|150MA>200MA:1|200MA상승중:1|현재가>50MA:0|52주저점+25%:1|52주고점-30%:0,,0.0,,
115180,큐리언트,KOSDAQ,21500.0,-20.1,36.1,False,False,False,0,D,0.0,0.0,0.0,0.0,트렌드 미통과,현재가>150MA:0|현재가>200MA:0|150MA>200MA:0|200MA상승중:0|현재가>50MA:0|52주저점+25%:1|52주고점-30%:0,,0.0,,
445680,큐리옥스바이오시스템즈,KOSDAQ,53600.0,-29.6,41.2,False,False,False,0,D,0.0,0.0,0.0,0.0,트렌드 미통과,현재가>150MA:0|현재가>200MA:0|150MA>200MA:0|200MA상승중:0|현재가>50MA:1|52주저점+25%:1|52주고점-30%:0,,0.0,,
182360,큐브엔터,KOSDAQ,6800.0,-40.3,1.1,False,False,False,0,D,0.0,0.0,0.0,0.0,트렌드 미통과,현재가>150MA:0|현재가>200MA:0|150MA>200MA:0|200MA상승중:0|현재가>50MA:1|52주저점+25%:1|52주고점-30%:0,,0.0,,
405100,큐알티,KOSDAQ,14160.0,-18.8,5.9,False,False,False,0,D,0.0,0.0,0.0,0.0,트렌드 미통과,현재가>150MA:0|현재가>200MA:0|150MA>200MA:0|200MA상승중:0|현재가>50MA:1|52주저점+25%:1|52주고점-30%:0,,0.0,,
066310,큐에스아이,KOSDAQ,8180.0,-18.4,6.7,False,False,False,0,D,0.0,0.0,0.0,0.0,트렌드 미통과,현재가>150MA:0|현재가>200MA:0|150MA>200MA:1|200MA상승중:0|현재가>50MA:1|52주저점+25%:1|52주고점-30%:0,,0.0,,
016600,큐캐피탈,KOSDAQ,2270.0,423.4,0.6,False,False,False,0,D,0.0,0.0,0.0,0.0,트렌드 미통과,현재가>150MA:1|현재가>200MA:1|150MA>200MA:1|200MA상승중:1|현재가>50MA:0|52주저점+25%:1|52주고점-30%:0,,0.0,,
355390,크라우드웍스,KOSDAQ,1541.0,-57.7,7.6,False,False,False,0,D,0.0,0.0,0.0,0.0,트렌드 미통과,현재가>150MA:0|현재가>200MA:0|150MA>200MA:0|200MA상승중:0|현재가>50MA:0|52주저점+25%:1|52주고점-30%:0,,0.0,,
096240,크레버스,KOSDAQ,8420.0,-38.2,0.6,False,False,False,0,D,0.0,0.0,0.0,0.0,트렌드 미통과,현재가>150MA:0|현재가>200MA:0|150MA>200MA:0|200MA상승중:0|현재가>50MA:0|52주저점+25%:0|52주고점-30%:0,,0.0,,
040350,크레오에스지,KOSDAQ,3385.0,249.4,6.5,False,False,False,0,D,0.0,0.0,0.0,0.0,트렌드 미통과,현재가>150MA:0|현재가>200MA:0|150MA>200MA:1|200MA상승중:1|현재가>50MA:0|52주저점+25%:1|52주고점-30%:0,,0.0,,
110790,크리스에프앤씨,KOSDAQ,2950.0,-35.5,0.1,False,False,False,0,D,0.0,0.0,0.0,0.0,트렌드 미통과,현재가>150MA:0|현재가>200MA:0|150MA>200MA:0|200MA상승중:0|현재가>50MA:1|52주저점+25%:0|52주고점-30%:0,,0.0,,
900250,크리스탈신소재,KOSDAQ,1220.0,23.8,1.0,True,False,False,56,D,0.0,0.0,0.0,0.0,핸들 기간 김(67일),현재가>150MA:1|현재가>200MA:1|150MA>200MA:1|200MA상승중:1|현재가>50MA:1|52주저점+25%:1|52주고점-30%:1,,0.0,,
045520,크린앤사이언스,KOSDAQ,3490.0,-6.7,1.6,False,False,False,0,D,0.0,0.0,0.0,0.0,트렌드 미통과,현재가>150MA:1|현재가>200MA:1|150MA>200MA:0|200MA상승중:0|현재가>50MA:1|52주저점+25%:1|52주고점-30%:1,,0.0,,
036170,에이치엠넥스,KOSDAQ,2670.0,47.5,7.4,False,False,False,0,D,0.0,0.0,0.0,0.0,트렌드 미통과,현재가>150MA:0|현재가>200MA:0|150MA>200MA:1|200MA상승중:1|현재가>50MA:1|52주저점+25%:1|52주고점-30%:0,,0.0,,
214150,클래시스,KOSDAQ,30750.0,-59.0,49.8,False,False,False,0,D,0.0,0.0,0.0,0.0,트렌드 미통과,현재가>150MA:0|현재가>200MA:0|150MA>200MA:0|200MA상승중:0|현재가>50MA:0|52주저점+25%:0|52주고점-30%:0,,0.0,,
466100,클로봇,KOSDAQ,22350.0,-57.0,66.6,False,False,False,0,D,0.0,0.0,0.0,0.0,트렌드 미통과,현재가>150MA:0|현재가>200MA:0|150MA>200MA:0|200MA상승중:0|현재가>50MA:0|52주저점+25%:0|52주고점-30%:0,,0.0,,
352770,셀레스트라,KOSDAQ,5250.0,-17.3,0.0,False,False,False,0,D,0.0,0.0,0.0,0.0,트렌드 미통과,현재가>150MA:0|현재가>200MA:0|150MA>200MA:0|200MA상승중:0|현재가>50MA:0|52주저점+25%:0|52주고점-30%:1,,0.0,,
237880,클리오,KOSDAQ,12020.0,-13.8,7.9,False,False,False,0,D,0.0,0.0,0.0,0.0,트렌드 미통과,현재가>150MA:1|현재가>200MA:0|150MA>200MA:0|200MA상승중:0|현재가>50MA:1|52주저점+25%:1|52주고점-30%:1,,0.0,,
139670,키네마스터,KOSDAQ,1890.0,-10.0,0.3,False,False,False,0,D,0.0,0.0,0.0,0.0,트렌드 미통과,현재가>150MA:1|현재가>200MA:0|150MA>200MA:0|200MA상승중:1|현재가>50MA:1|52주저점+25%:1|52주고점-30%:1,,0.0,,
487720,키움제10호스팩,KOSDAQ,2045.0,-17.9,0.2,False,False,False,0,D,0.0,0.0,0.0,0.0,트렌드 미통과,현재가>150MA:1|현재가>200MA:0|150MA>200MA:0|200MA상승중:0|현재가>50MA:1|52주저점+25%:0|52주고점-30%:1,,0.0,,
489480,키움제11호스팩,KOSDAQ,2200.0,-9.7,0.3,False,False,False,0,D,0.0,0.0,0.0,0.0,트렌드 미통과,현재가>150MA:1|현재가>200MA:1|150MA>200MA:1|200MA상승중:1|현재가>50MA:1|52주저점+25%:0|52주고점-30%:1,,0.0,,
446840,지슨,KOSDAQ,3160.0,111.7,0.6,False,False,False,0,D,0.0,0.0,0.0,0.0,트렌드 미통과,현재가>150MA:1|현재가>200MA:1|150MA>200MA:1|200MA상승중:1|현재가>50MA:0|52주저점+25%:1|52주고점-30%:1,,0.0,,
054780,키이스트,KOSDAQ,1775.0,-31.4,1.3,False,False,False,0,D,0.0,0.0,0.0,0.0,트렌드 미통과,현재가>150MA:0|현재가>200MA:0|150MA>200MA:0|200MA상승중:0|현재가>50MA:1|52주저점+25%:1|52주고점-30%:0,,0.0,,
219130,타이거일렉,KOSDAQ,91000.0,184.3,31.0,True,False,False,64,C,0.0,0.0,0.0,0.0,컵 깊이 얕음(4.5%),현재가>150MA:1|현재가>200MA:1|150MA>200MA:1|200MA상승중:1|현재가>50MA:1|52주저점+25%:1|52주고점-30%:1,,0.0,,
336680,탑런토탈솔루션,KOSDAQ,2925.0,-30.2,0.6,False,False,False,0,D,0.0,0.0,0.0,0.0,트렌드 미통과,현재가>150MA:0|현재가>200MA:0|150MA>200MA:0|200MA상승중:0|현재가>50MA:1|52주저점+25%:1|52주고점-30%:0,,0.0,,
360070,탑머티리얼,KOSDAQ,8970.0,-57.3,1.1,False,False,False,0,D,0.0,0.0,0.0,0.0,트렌드 미통과,현재가>150MA:0|현재가>200MA:0|150MA>200MA:0|200MA상승중:0|현재가>50MA:1|52주저점+25%:1|52주고점-30%:0,,0.0,,
065130,탑엔지니어링,KOSDAQ,2720.0,-29.1,0.6,False,False,False,0,D,0.0,0.0,0.0,0.0,트렌드 미통과,현재가>150MA:0|현재가>200MA:0|150MA>200MA:0|200MA상승중:0|현재가>50MA:0|52주저점+25%:0|52주고점-30%:0,,0.0,,
134580,탑코미디어,KOSDAQ,3220.0,106.3,29.3,False,False,False,0,D,0.0,0.0,0.0,0.0,트렌드 미통과,현재가>150MA:1|현재가>200MA:1|150MA>200MA:0|200MA상승중:1|현재가>50MA:1|52주저점+25%:1|52주고점-30%:1,,0.0,,
023160,태광,KOSDAQ,27400.0,-16.8,59.1,False,False,False,0,D,0.0,0.0,0.0,0.0,트렌드 미통과,현재가>150MA:0|현재가>200MA:0|150MA>200MA:1|200MA상승중:1|현재가>50MA:1|52주저점+25%:1|52주고점-30%:0,,0.0,,
323280,태성,KOSDAQ,54000.0,13.6,153.0,False,False,False,0,D,0.0,0.0,0.0,0.0,트렌드 미통과,현재가>150MA:0|현재가>200MA:0|150MA>200MA:1|200MA상승중:1|현재가>50MA:1|52주저점+25%:1|52주고점-30%:0,,0.0,,
053620,태양,KOSDAQ,6780.0,-15.5,0.3,False,False,False,0,D,0.0,0.0,0.0,0.0,트렌드 미통과,현재가>150MA:0|현재가>200MA:1|150MA>200MA:1|200MA상승중:1|현재가>50MA:1|52주저점+25%:0|52주고점-30%:1,,0.0,,
044490,태웅,KOSDAQ,37450.0,-5.0,131.9,False,False,False,0,D,0.0,0.0,0.0,0.0,트렌드 미통과,현재가>150MA:0|현재가>200MA:1|150MA>200MA:1|200MA상승중:1|현재가>50MA:1|52주저점+25%:1|52주고점-30%:0,,0.0,,
124560,태웅로직스,KOSDAQ,1960.0,-35.5,0.5,False,False,False,0,D,0.0,0.0,0.0,0.0,트렌드 미통과,현재가>150MA:0|현재가>200MA:0|150MA>200MA:0|200MA상승중:0|현재가>50MA:1|52주저점+25%:0|52주고점-30%:0,,0.0,,
191420,테고사이언스,KOSDAQ,7220.0,-48.5,0.3,False,False,False,0,D,0.0,0.0,0.0,0.0,트렌드 미통과,현재가>150MA:0|현재가>200MA:0|150MA>200MA:0|200MA상승중:0|현재가>50MA:1|52주저점+25%:1|52주고점-30%:0,,0.0,,
073640,테라사이언스,KOSDAQ,654.0,-17.3,0.0,False,False,False,0,D,0.0,0.0,0.0,0.0,트렌드 미통과,현재가>150MA:0|현재가>200MA:0|150MA>200MA:0|200MA상승중:0|현재가>50MA:0|52주저점+25%:0|52주고점-30%:1,,0.0,,
066700,테라젠이텍스,KOSDAQ,2245.0,-28.5,1.3,False,False,False,0,D,0.0,0.0,0.0,0.0,트렌드 미통과,현재가>150MA:0|현재가>200MA:0|150MA>200MA:0|200MA상승중:0|현재가>50MA:1|52주저점+25%:0|52주고점-30%:0,,0.0,,
095610,테스,KOSDAQ,170800.0,146.0,578.9,True,False,False,64,C,0.0,0.0,0.0,0.0,컵 깊이 얕음(10.0%),현재가>150MA:1|현재가>200MA:1|150MA>200MA:1|200MA상승중:1|현재가>50MA:1|52주저점+25%:1|52주고점-30%:1,,0.0,,
064520,테크엘,KOSDAQ,1497.0,-30.2,0.1,False,False,False,0,D,0.0,0.0,0.0,0.0,트렌드 미통과,현재가>150MA:0|현재가>200MA:0|150MA>200MA:0|200MA상승중:0|현재가>50MA:1|52주저점+25%:0|52주고점-30%:1,,0.0,,
089030,테크윙,KOSDAQ,51100.0,-13.4,278.4,False,False,False,0,D,0.0,0.0,0.0,0.0,트렌드 미통과,현재가>150MA:0|현재가>200MA:1|150MA>200MA:1|200MA상승중:0|현재가>50MA:1|52주저점+25%:1|52주고점-30%:1,,0.0,,
054450,텔레칩스,KOSDAQ,10170.0,-32.5,4.6,False,False,False,0,D,0.0,0.0,0.0,0.0,트렌드 미통과,현재가>150MA:0|현재가>200MA:0|150MA>200MA:0|200MA상승중:0|현재가>50MA:1|52주저점+25%:1|52주고점-30%:0,,0.0,,
200230,텔콘RF제약,KOSDAQ,2160.0,251.8,0.2,False,False,False,0,D,0.0,0.0,0.0,0.0,트렌드 미통과,현재가>150MA:1|현재가>200MA:1|150MA>200MA:1|200MA상승중:1|현재가>50MA:0|52주저점+25%:1|52주고점-30%:1,,0.0,,
393210,토마토시스템,KOSDAQ,3620.0,-16.9,84.7,False,False,False,0,D,0.0,0.0,0.0,0.0,트렌드 미통과,현재가>150MA:1|현재가>200MA:0|150MA>200MA:0|200MA상승중:0|현재가>50MA:1|52주저점+25%:1|52주고점-30%:0,,0.0,,
475960,토모큐브,KOSDAQ,31800.0,-46.6,9.0,False,False,False,0,D,0.0,0.0,0.0,0.0,트렌드 미통과,현재가>150MA:0|현재가>200MA:0|150MA>200MA:0|200MA상승중:0|현재가>50MA:0|52주저점+25%:0|52주고점-30%:0,,0.0,,
215480,토박스코리아,KOSDAQ,1954.0,-19.2,0.1,False,False,False,0,D,0.0,0.0,0.0,0.0,트렌드 미통과,현재가>150MA:0|현재가>200MA:0|150MA>200MA:1|200MA상승중:0|현재가>50MA:0|52주저점+25%:1|52주고점-30%:1,,0.0,,
051360,토비스,KOSDAQ,11810.0,-44.2,1.6,False,False,False,0,D,0.0,0.0,0.0,0.0,트렌드 미통과,현재가>150MA:0|현재가>200MA:0|150MA>200MA:0|200MA상승중:0|현재가>50MA:0|52주저점+25%:1|52주고점-30%:0,,0.0,,
045340,토탈소프트,KOSDAQ,6760.0,-20.4,1.2,False,False,False,0,D,0.0,0.0,0.0,0.0,트렌드 미통과,현재가>150MA:0|현재가>200MA:0|150MA>200MA:0|200MA상승중:0|현재가>50MA:1|52주저점+25%:0|52주고점-30%:1,,0.0,,
108230,톱텍,KOSDAQ,3190.0,-33.1,17.7,False,False,False,0,D,0.0,0.0,0.0,0.0,트렌드 미통과,현재가>150MA:0|현재가>200MA:0|150MA>200MA:0|200MA상승중:0|현재가>50MA:1|52주저점+25%:0|52주고점-30%:0,,0.0,,
079970,투비소프트,KOSDAQ,596.0,-17.3,0.0,False,False,False,0,D,0.0,0.0,0.0,0.0,트렌드 미통과,현재가>150MA:0|현재가>200MA:0|150MA>200MA:0|200MA상승중:0|현재가>50MA:0|52주저점+25%:0|52주고점-30%:1,,0.0,,
199800,툴젠,KOSDAQ,34550.0,-35.8,9.7,False,False,False,0,D,0.0,0.0,0.0,0.0,트렌드 미통과,현재가>150MA:0|현재가>200MA:0|150MA>200MA:0|200MA상승중:0|현재가>50MA:0|52주저점+25%:0|52주고점-30%:0,,0.0,,
417790,트루엔,KOSDAQ,6510.0,-29.1,1.0,False,False,False,0,D,0.0,0.0,0.0,0.0,트렌드 미통과,현재가>150MA:0|현재가>200MA:0|150MA>200MA:0|200MA상승중:0|현재가>50MA:1|52주저점+25%:0|52주고점-30%:1,,0.0,,
290090,트윔,KOSDAQ,4415.0,-40.9,0.1,False,False,False,0,D,0.0,0.0,0.0,0.0,트렌드 미통과,현재가>150MA:0|현재가>200MA:0|150MA>200MA:0|200MA상승중:0|현재가>50MA:1|52주저점+25%:1|52주고점-30%:0,,0.0,,
026150,특수건설,KOSDAQ,3875.0,-42.7,1.0,False,False,False,0,D,0.0,0.0,0.0,0.0,트렌드 미통과,현재가>150MA:0|현재가>200MA:0|150MA>200MA:0|200MA상승중:0|현재가>50MA:1|52주저점+25%:0|52주고점-30%:0,,0.0,,
464280,티디에스팜,KOSDAQ,5420.0,-49.3,0.9,False,False,False,0,D,0.0,0.0,0.0,0.0,트렌드 미통과,현재가>150MA:0|현재가>200MA:0|150MA>200MA:0|200MA상승중:0|현재가>50MA:0|52주저점+25%:0|52주고점-30%:0,,0.0,,
322180,LS티라유텍,KOSDAQ,4065.0,-44.2,2.2,False,False,False,0,D,0.0,0.0,0.0,0.0,트렌드 미통과,현재가>150MA:0|현재가>200MA:0|150MA>200MA:0|200MA상승중:0|현재가>50MA:0|52주저점+25%:0|52주고점-30%:0,,0.0,,
117730,티로보틱스,KOSDAQ,14950.0,-16.5,16.3,False,False,False,0,D,0.0,0.0,0.0,0.0,트렌드 미통과,현재가>150MA:0|현재가>200MA:0|150MA>200MA:0|200MA상승중:0|현재가>50MA:1|52주저점+25%:1|52주고점-30%:0,,0.0,,
033830,티비씨,KOSDAQ,1673.0,208.4,0.2,True,False,False,64,C,0.0,0.0,0.0,0.0,핸들 깊이 얕음(4.5%),현재가>150MA:1|현재가>200MA:1|150MA>200MA:1|200MA상승중:1|현재가>50MA:1|52주저점+25%:1|52주고점-30%:1,,0.0,,
057680,티사이언티픽,KOSDAQ,1703.0,50.1,2.4,False,False,False,0,D,0.0,0.0,0.0,0.0,트렌드 미통과,현재가>150MA:1|현재가>200MA:1|150MA>200MA:1|200MA상승중:1|현재가>50MA:1|52주저점+25%:1|52주고점-30%:0,,0.0,,
204610,티쓰리,KOSDAQ,2915.0,6.1,3.2,False,False,False,0,D,0.0,0.0,0.0,0.0,트렌드 미통과,현재가>150MA:1|현재가>200MA:1|150MA>200MA:1|200MA상승중:1|현재가>50MA:0|52주저점+25%:1|52주고점-30%:1,,0.0,,
064760,티씨케이,KOSDAQ,300000.0,38.1,179.7,False,False,False,0,D,0.0,0.0,0.0,0.0,트렌드 미통과,현재가>150MA:1|현재가>200MA:1|150MA>200MA:1|200MA상승중:1|현재가>50MA:1|52주저점+25%:1|52주고점-30%:1,,0.0,,
246710,티앤알바이오팹,KOSDAQ,2155.0,-31.5,2.6,False,False,False,0,D,0.0,0.0,0.0,0.0,트렌드 미통과,현재가>150MA:0|현재가>200MA:0|150MA>200MA:0|200MA상승중:1|현재가>50MA:0|52주저점+25%:1|52주고점-30%:0,,0.0,,
340570,티앤엘,KOSDAQ,27600.0,-64.3,19.1,False,False,False,0,D,0.0,0.0,0.0,0.0,트렌드 미통과,현재가>150MA:0|현재가>200MA:0|150MA>200MA:1|200MA상승중:0|현재가>50MA:0|52주저점+25%:0|52주고점-30%:0,,0.0,,
043220,티에스넥스젠,KOSDAQ,1710.0,162.7,0.0,False,False,False,0,D,0.0,0.0,0.0,0.0,트렌드 미통과,현재가>150MA:0|현재가>200MA:1|150MA>200MA:1|200MA상승중:1|현재가>50MA:0|52주저점+25%:1|52주고점-30%:1,,0.0,,
277880,티에스아이,KOSDAQ,3450.0,-37.5,1.4,False,False,False,0,D,0.0,0.0,0.0,0.0,트렌드 미통과,현재가>150MA:0|현재가>200MA:0|150MA>200MA:0|200MA상승중:0|현재가>50MA:1|52주저점+25%:1|52주고점-30%:0,,0.0,,
131290,티에스이,KOSDAQ,297000.0,229.1,399.4,True,False,False,64,C,0.0,0.0,0.0,0.0,핸들 깊이 깊음(23.0%),현재가>150MA:1|현재가>200MA:1|150MA>200MA:1|200MA상승중:1|현재가>50MA:1|52주저점+25%:1|52주고점-30%:1,,0.0,,
425420,티에프이,KOSDAQ,63300.0,23.0,76.4,False,False,False,0,D,0.0,0.0,0.0,0.0,트렌드 미통과,현재가>150MA:1|현재가>200MA:1|150MA>200MA:1|200MA상승중:1|현재가>50MA:1|52주저점+25%:1|52주고점-30%:1,,0.0,,
131100,티엔엔터테인먼트,KOSDAQ,2820.0,157.1,3.5,False,False,False,0,D,0.0,0.0,0.0,0.0,트렌드 미통과,현재가>150MA:1|현재가>200MA:1|150MA>200MA:0|200MA상승중:1|현재가>50MA:1|52주저점+25%:1|52주고점-30%:1,,0.0,,
356860,티엘비,KOSDAQ,45500.0,-43.8,258.0,False,False,False,0,D,0.0,0.0,0.0,0.0,트렌드 미통과,현재가>150MA:0|현재가>200MA:0|150MA>200MA:1|200MA상승중:0|현재가>50MA:1|52주저점+25%:1|52주고점-30%:0,,0.0,,
321550,티움바이오,KOSDAQ,4480.0,-37.5,6.4,False,False,False,0,D,0.0,0.0,0.0,0.0,트렌드 미통과,현재가>150MA:0|현재가>200MA:0|150MA>200MA:1|200MA상승중:0|현재가>50MA:1|52주저점+25%:0|52주고점-30%:0,,0.0,,
425040,티이엠씨,KOSDAQ,13360.0,19.1,100.8,False,False,False,0,D,0.0,0.0,0.0,0.0,트렌드 미통과,현재가>150MA:1|현재가>200MA:1|150MA>200MA:1|200MA상승중:1|현재가>50MA:1|52주저점+25%:1|52주고점-30%:0,,0.0,,
241790,티이엠씨씨엔에스,KOSDAQ,6250.0,-27.0,5.9,False,False,False,0,D,0.0,0.0,0.0,0.0,트렌드 미통과,현재가>150MA:0|현재가>200MA:0|150MA>200MA:0|200MA상승중:0|현재가>50MA:1|52주저점+25%:1|52주고점-30%:0,,0.0,,
104480,티케이케미칼,KOSDAQ,1841.0,-13.2,3.2,False,False,False,0,D,0.0,0.0,0.0,0.0,트렌드 미통과,현재가>150MA:0|현재가>200MA:0|150MA>200MA:1|200MA상승중:1|현재가>50MA:1|52주저점+25%:1|52주고점-30%:0,,0.0,,
081150,티플랙스,KOSDAQ,2600.0,-27.4,1.6,False,False,False,0,D,0.0,0.0,0.0,0.0,트렌드 미통과,현재가>150MA:0|현재가>200MA:0|150MA>200MA:1|200MA상승중:0|현재가>50MA:0|52주저점+25%:0|52주고점-30%:0,,0.0,,
130740,티피씨글로벌,KOSDAQ,1849.0,-26.9,0.7,False,False,False,0,D,0.0,0.0,0.0,0.0,트렌드 미통과,현재가>150MA:0|현재가>200MA:0|150MA>200MA:0|200MA상승중:1|현재가>50MA:0|52주저점+25%:0|52주고점-30%:0,,0.0,,
084730,팅크웨어,KOSDAQ,6660.0,-25.4,14.0,False,False,False,0,D,0.0,0.0,0.0,0.0,트렌드 미통과,현재가>150MA:0|현재가>200MA:0|150MA>200MA:0|200MA상승중:0|현재가>50MA:1|52주저점+25%:0|52주고점-30%:0,,0.0,,
440110,파두,KOSDAQ,83600.0,126.0,383.9,False,False,False,0,D,0.0,0.0,0.0,0.0,트렌드 미통과,현재가>150MA:1|현재가>200MA:1|150MA>200MA:1|200MA상승중:1|현재가>50MA:1|52주저점+25%:1|52주고점-30%:0,,0.0,,
033540,파라텍,KOSDAQ,2820.0,165.8,0.7,True,False,False,64,C,0.0,0.0,0.0,0.0,컵 깊이 깊음(55.1%),현재가>150MA:1|현재가>200MA:1|150MA>200MA:1|200MA상승중:1|현재가>50MA:1|52주저점+25%:1|52주고점-30%:1,,0.0,,
388870,파로스아이바이오,KOSDAQ,5710.0,-34.7,2.9,False,False,False,0,D,0.0,0.0,0.0,0.0,트렌드 미통과,현재가>150MA:0|현재가>200MA:0|150MA>200MA:0|200MA상승중:0|현재가>50MA:1|52주저점+25%:1|52주고점-30%:0,,0.0,,
043200,파루,KOSDAQ,1248.0,31.4,4.3,False,False,False,0,D,0.0,0.0,0.0,0.0,트렌드 미통과,현재가>150MA:1|현재가>200MA:1|150MA>200MA:1|200MA상승중:1|현재가>50MA:1|52주저점+25%:1|52주고점-30%:1,,0.0,,
214450,파마리서치,KOSDAQ,316500.0,-33.5,355.1,False,False,False,0,D,0.0,0.0,0.0,0.0,트렌드 미통과,현재가>150MA:0|현재가>200MA:0|150MA>200MA:0|200MA상승중:0|현재가>50MA:0|52주저점+25%:0|52주고점-30%:0,,0.0,,
177830,파버나인,KOSDAQ,2100.0,-37.9,0.3,False,False,False,0,D,0.0,0.0,0.0,0.0,트렌드 미통과,현재가>150MA:0|현재가>200MA:0|150MA>200MA:0|200MA상승중:0|현재가>50MA:0|52주저점+25%:0|52주고점-30%:0,,0.0,,
037070,파세코,KOSDAQ,6670.0,-19.3,5.4,False,False,False,0,D,0.0,0.0,0.0,0.0,트렌드 미통과,현재가>150MA:0|현재가>200MA:0|150MA>200MA:0|200MA상승중:0|현재가>50MA:1|52주저점+25%:1|52주고점-30%:0,,0.0,,
150900,파수AI,KOSDAQ,3990.0,-8.2,11.3,False,False,False,0,D,0.0,0.0,0.0,0.0,트렌드 미통과,현재가>150MA:1|현재가>200MA:1|150MA>200MA:0|200MA상승중:0|현재가>50MA:1|52주저점+25%:1|52주고점-30%:0,,0.0,,
037030,파워넷,KOSDAQ,3695.0,-12.4,11.3,False,False,False,0,D,0.0,0.0,0.0,0.0,트렌드 미통과,현재가>150MA:0|현재가>200MA:0|150MA>200MA:1|200MA상승중:1|현재가>50MA:1|52주저점+25%:1|52주고점-30%:0,,0.0,,
047310,파워로직스,KOSDAQ,3095.0,-38.8,2.6,False,False,False,0,D,0.0,0.0,0.0,0.0,트렌드 미통과,현재가>150MA:0|현재가>200MA:0|150MA>200MA:0|200MA상승중:0|현재가>50MA:1|52주저점+25%:0|52주고점-30%:0,,0.0,,
368770,파이버프로,KOSDAQ,12700.0,0.9,19.4,False,False,False,0,D,0.0,0.0,0.0,0.0,트렌드 미통과,현재가>150MA:0|현재가>200MA:0|150MA>200MA:1|200MA상승중:1|현재가>50MA:1|52주저점+25%:1|52주고점-30%:0,,0.0,,
170790,파이오링크,KOSDAQ,8350.0,-18.4,1.3,False,False,False,0,D,0.0,0.0,0.0,0.0,트렌드 미통과,현재가>150MA:0|현재가>200MA:0|150MA>200MA:1|200MA상승중:0|현재가>50MA:1|52주저점+25%:0|52주고점-30%:0,,0.0,,
049120,파인디앤씨,KOSDAQ,2775.0,185.2,0.4,False,False,False,0,D,0.0,0.0,0.0,0.0,트렌드 미통과,현재가>150MA:1|현재가>200MA:1|150MA>200MA:1|200MA상승중:1|현재가>50MA:1|52주저점+25%:1|52주고점-30%:0,,0.0,,
038950,파인디지털,KOSDAQ,3000.0,-21.2,0.1,False,False,False,0,D,0.0,0.0,0.0,0.0,트렌드 미통과,현재가>150MA:0|현재가>200MA:0|150MA>200MA:1|200MA상승중:0|현재가>50MA:0|52주저점+25%:0|52주고점-30%:1,,0.0,,
387570,파인메딕스,KOSDAQ,6260.0,-19.1,0.4,False,False,False,0,D,0.0,0.0,0.0,0.0,트렌드 미통과,현재가>150MA:1|현재가>200MA:0|150MA>200MA:0|200MA상승중:0|현재가>50MA:1|52주저점+25%:1|52주고점-30%:0,,0.0,,
441270,파인엠텍,KOSDAQ,8840.0,-13.7,140.7,False,False,False,0,D,0.0,0.0,0.0,0.0,트렌드 미통과,현재가>150MA:1|현재가>200MA:0|150MA>200MA:0|200MA상승중:0|현재가>50MA:1|52주저점+25%:1|52주고점-30%:0,,0.0,,
106240,파인테크닉스,KOSDAQ,1304.0,-14.0,0.9,False,False,False,0,D,0.0,0.0,0.0,0.0,트렌드 미통과,현재가>150MA:0|현재가>200MA:0|150MA>200MA:0|200MA상승중:0|현재가>50MA:1|52주저점+25%:1|52주고점-30%:0,,0.0,,
131760,파인텍,KOSDAQ,1211.0,2.6,3.8,False,False,False,0,D,0.0,0.0,0.0,0.0,트렌드 미통과,현재가>150MA:0|현재가>200MA:0|150MA>200MA:1|200MA상승중:1|현재가>50MA:0|52주저점+25%:1|52주고점-30%:0,,0.0,,
065690,파커스,KOSDAQ,1871.0,51.7,0.7,True,False,False,64,C,0.0,0.0,0.0,0.0,기타,현재가>150MA:1|현재가>200MA:1|150MA>200MA:1|200MA상승중:1|현재가>50MA:1|52주저점+25%:1|52주고점-30%:1,,0.0,,
140860,파크시스템스,KOSDAQ,270000.0,-5.3,71.6,False,False,False,0,D,0.0,0.0,0.0,0.0,트렌드 미통과,현재가>150MA:1|현재가>200MA:1|150MA>200MA:1|200MA상승중:1|현재가>50MA:1|52주저점+25%:1|52주고점-30%:1,,0.0,,
091700,파트론,KOSDAQ,5220.0,-39.7,4.1,False,False,False,0,D,0.0,0.0,0.0,0.0,트렌드 미통과,현재가>150MA:0|현재가>200MA:0|150MA>200MA:0|200MA상승중:0|현재가>50MA:0|52주저점+25%:0|52주고점-30%:0,,0.0,,
032800,판타지오,KOSDAQ,1471.0,126.8,0.3,False,False,False,0,D,0.0,0.0,0.0,0.0,트렌드 미통과,현재가>150MA:1|현재가>200MA:1|150MA>200MA:1|200MA상승중:1|현재가>50MA:0|52주저점+25%:1|52주고점-30%:0,,0.0,,
318010,팜스빌,KOSDAQ,3510.0,-15.2,0.1,False,False,False,0,D,0.0,0.0,0.0,0.0,트렌드 미통과,현재가>150MA:0|현재가>200MA:0|150MA>200MA:1|200MA상승중:1|현재가>50MA:0|52주저점+25%:0|52주고점-30%:1,,0.0,,
027710,팜스토리,KOSDAQ,1115.0,-18.2,3.2,False,False,False,0,D,0.0,0.0,0.0,0.0,트렌드 미통과,현재가>150MA:0|현재가>200MA:0|150MA>200MA:1|200MA상승중:0|현재가>50MA:1|52주저점+25%:0|52주고점-30%:1,,0.0,,
225590,패션플랫폼,KOSDAQ,3065.0,128.5,0.8,False,False,False,0,D,0.0,0.0,0.0,0.0,트렌드 미통과,현재가>150MA:1|현재가>200MA:1|150MA>200MA:1|200MA상승중:1|현재가>50MA:0|52주저점+25%:1|52주고점-30%:0,,0.0,,
054300,팬스타엔터프라이즈,KOSDAQ,1009.0,28.3,2.8,False,False,False,0,D,0.0,0.0,0.0,0.0,트렌드 미통과,현재가>150MA:1|현재가>200MA:1|150MA>200MA:1|200MA상승중:1|현재가>50MA:0|52주저점+25%:1|52주고점-30%:1,,0.0,,
068050,팬엔터테인먼트,KOSDAQ,1182.0,-38.4,0.3,False,False,False,0,D,0.0,0.0,0.0,0.0,트렌드 미통과,현재가>150MA:0|현재가>200MA:0|150MA>200MA:0|200MA상승중:0|현재가>50MA:1|52주저점+25%:0|52주고점-30%:0,,0.0,,
222110,팬젠,KOSDAQ,4725.0,-28.3,0.3,False,False,False,0,D,0.0,0.0,0.0,0.0,트렌드 미통과,현재가>150MA:0|현재가>200MA:0|150MA>200MA:0|200MA상승중:0|현재가>50MA:0|52주저점+25%:0|52주고점-30%:0,,0.0,,
271830,팸텍,KOSDAQ,1030.0,-46.3,3.0,False,False,False,0,D,0.0,0.0,0.0,0.0,트렌드 미통과,현재가>150MA:0|현재가>200MA:0|150MA>200MA:0|200MA상승중:0|현재가>50MA:0|52주저점+25%:1|52주고점-30%:0,,0.0,,
263750,펄어비스,KOSDAQ,32650.0,-31.9,97.0,False,False,False,0,D,0.0,0.0,0.0,0.0,트렌드 미통과,현재가>150MA:0|현재가>200MA:0|150MA>200MA:1|200MA상승중:0|현재가>50MA:0|52주저점+25%:0|52주고점-30%:0,,0.0,,
251970,펌텍코리아,KOSDAQ,63000.0,21.1,52.7,False,False,False,0,D,0.0,0.0,0.0,0.0,트렌드 미통과,현재가>150MA:1|현재가>200MA:1|150MA>200MA:0|200MA상승중:1|현재가>50MA:1|52주저점+25%:1|52주고점-30%:1,,0.0,,
168360,펨트론,KOSDAQ,13910.0,-40.7,10.0,False,False,False,0,D,0.0,0.0,0.0,0.0,트렌드 미통과,현재가>150MA:0|현재가>200MA:0|150MA>200MA:1|200MA상승중:0|현재가>50MA:1|52주저점+25%:1|52주고점-30%:0,,0.0,,
087010,펩트론,KOSDAQ,131900.0,-62.1,215.8,False,False,False,0,D,0.0,0.0,0.0,0.0,트렌드 미통과,현재가>150MA:0|현재가>200MA:0|150MA>200MA:0|200MA상승중:0|현재가>50MA:0|52주저점+25%:1|52주고점-30%:0,,0.0,,
064800,포니링크,KOSDAQ,2010.0,69.9,2.4,False,False,False,0,D,0.0,0.0,0.0,0.0,트렌드 미통과,현재가>150MA:1|현재가>200MA:1|150MA>200MA:1|200MA상승중:1|현재가>50MA:0|52주저점+25%:1|52주고점-30%:0,,0.0,,
119500,포메탈,KOSDAQ,2350.0,-40.0,0.9,False,False,False,0,D,0.0,0.0,0.0,0.0,트렌드 미통과,현재가>150MA:0|현재가>200MA:0|150MA>200MA:0|200MA상승중:0|현재가>50MA:0|52주저점+25%:0|52주고점-30%:0,,0.0,,
389140,포바이포,KOSDAQ,5390.0,-43.4,2.3,False,False,False,0,D,0.0,0.0,0.0,0.0,트렌드 미통과,현재가>150MA:0|현재가>200MA:0|150MA>200MA:0|200MA상승중:0|현재가>50MA:1|52주저점+25%:1|52주고점-30%:0,,0.0,,
105760,포스뱅크,KOSDAQ,5020.0,-8.7,1.2,False,False,False,0,D,0.0,0.0,0.0,0.0,트렌드 미통과,현재가>150MA:1|현재가>200MA:1|150MA>200MA:0|200MA상승중:0|현재가>50MA:1|52주저점+25%:1|52주고점-30%:1,,0.0,,
009520,포스코엠텍,KOSDAQ,12280.0,-30.6,17.3,False,False,False,0,D,0.0,0.0,0.0,0.0,트렌드 미통과,현재가>150MA:0|현재가>200MA:0|150MA>200MA:0|200MA상승중:0|현재가>50MA:1|52주저점+25%:1|52주고점-30%:0,,0.0,,
189690,포시에스,KOSDAQ,1480.0,-40.4,0.3,False,False,False,0,D,0.0,0.0,0.0,0.0,트렌드 미통과,현재가>150MA:0|현재가>200MA:0|150MA>200MA:0|200MA상승중:0|현재가>50MA:0|52주저점+25%:0|52주고점-30%:0,,0.0,,
318020,포인트모바일,KOSDAQ,2565.0,-28.7,0.3,False,False,False,0,D,0.0,0.0,0.0,0.0,트렌드 미통과,현재가>150MA:0|현재가>200MA:0|150MA>200MA:0|200MA상승중:0|현재가>50MA:1|52주저점+25%:1|52주고점-30%:0,,0.0,,
256630,포인트엔지니어링,KOSDAQ,4315.0,166.5,0.1,False,False,False,0,D,0.0,0.0,0.0,0.0,트렌드 미통과,현재가>150MA:1|현재가>200MA:1|150MA>200MA:1|200MA상승중:1|현재가>50MA:0|52주저점+25%:1|52주고점-30%:1,,0.0,,
331380,포커스에이아이,KOSDAQ,2065.0,-9.5,0.7,False,False,False,0,D,0.0,0.0,0.0,0.0,트렌드 미통과,현재가>150MA:0|현재가>200MA:0|150MA>200MA:0|200MA상승중:0|현재가>50MA:0|52주저점+25%:1|52주고점-30%:0,,0.0,,
472850,폰드그룹,KOSDAQ,4810.0,-33.5,1.9,False,False,False,0,D,0.0,0.0,0.0,0.0,트렌드 미통과,현재가>150MA:0|현재가>200MA:0|150MA>200MA:0|200MA상승중:0|현재가>50MA:1|52주저점+25%:1|52주고점-30%:0,,0.0,,
039980,폴라리스AI,KOSDAQ,4895.0,74.7,10.3,False,False,False,0,D,0.0,0.0,0.0,0.0,트렌드 미통과,현재가>150MA:1|현재가>200MA:1|150MA>200MA:1|200MA상승중:1|현재가>50MA:0|52주저점+25%:1|52주고점-30%:0,,0.0,,
041910,폴라리스AI파마,KOSDAQ,5460.0,-21.4,1.5,False,False,False,0,D,0.0,0.0,0.0,0.0,트렌드 미통과,현재가>150MA:0|현재가>200MA:0|150MA>200MA:0|200MA상승중:0|현재가>50MA:1|52주저점+25%:1|52주고점-30%:0,,0.0,,
234100,폴라리스세원,KOSDAQ,2635.0,64.8,0.2,False,False,False,0,D,0.0,0.0,0.0,0.0,트렌드 미통과,현재가>150MA:1|현재가>200MA:1|150MA>200MA:1|200MA상승중:1|현재가>50MA:0|52주저점+25%:1|52주고점-30%:0,,0.0,,
041020,폴라리스오피스,KOSDAQ,3090.0,-39.4,4.4,False,False,False,0,D,0.0,0.0,0.0,0.0,트렌드 미통과,현재가>150MA:0|현재가>200MA:0|150MA>200MA:0|200MA상승중:0|현재가>50MA:1|52주저점+25%:0|52주고점-30%:0,,0.0,,
114630,폴라리스우노,KOSDAQ,1591.0,111.6,1.2,False,False,False,0,D,0.0,0.0,0.0,0.0,트렌드 미통과,현재가>150MA:1|현재가>200MA:1|150MA>200MA:1|200MA상승중:1|현재가>50MA:1|52주저점+25%:1|52주고점-30%:0,,0.0,,
290720,푸드나무,KOSDAQ,2855.0,8.3,1.4,False,False,False,0,D,0.0,0.0,0.0,0.0,트렌드 미통과,현재가>150MA:0|현재가>200MA:1|150MA>200MA:1|200MA상승중:1|현재가>50MA:0|52주저점+25%:1|52주고점-30%:1,,0.0,,
005670,푸드웰,KOSDAQ,6250.0,-19.3,1.6,False,False,False,0,D,0.0,0.0,0.0,0.0,트렌드 미통과,현재가>150MA:1|현재가>200MA:1|150MA>200MA:1|200MA상승중:0|현재가>50MA:0|52주저점+25%:0|52주고점-30%:0,,0.0,,
094940,푸른로보틱스,KOSDAQ,5910.0,-36.0,14.4,False,False,False,0,D,0.0,0.0,0.0,0.0,트렌드 미통과,현재가>150MA:0|현재가>200MA:0|150MA>200MA:0|200MA상승중:0|현재가>50MA:0|52주저점+25%:0|52주고점-30%:0,,0.0,,
007330,푸른저축은행,KOSDAQ,10000.0,-22.8,0.8,False,False,False,0,D,0.0,0.0,0.0,0.0,트렌드 미통과,현재가>150MA:0|현재가>200MA:0|150MA>200MA:1|200MA상승중:0|현재가>50MA:0|52주저점+25%:0|52주고점-30%:1,,0.0,,
093380,풍강,KOSDAQ,3195.0,14.4,1.1,False,False,False,0,D,0.0,0.0,0.0,0.0,트렌드 미통과,현재가>150MA:1|현재가>200MA:1|150MA>200MA:0|200MA상승중:1|현재가>50MA:1|52주저점+25%:1|52주고점-30%:1,,0.0,,
023900,풍국주정,KOSDAQ,7160.0,-30.8,0.8,False,False,False,0,D,0.0,0.0,0.0,0.0,트렌드 미통과,현재가>150MA:0|현재가>200MA:0|150MA>200MA:0|200MA상승중:0|현재가>50MA:0|52주저점+25%:0|52주고점-30%:0,,0.0,,
371950,풍원정밀,KOSDAQ,3145.0,-81.9,6.4,False,False,False,0,D,0.0,0.0,0.0,0.0,트렌드 미통과,현재가>150MA:0|현재가>200MA:0|150MA>200MA:0|200MA상승중:0|현재가>50MA:0|52주저점+25%:0|52주고점-30%:0,,0.0,,
370090,퓨런티어,KOSDAQ,5880.0,-60.1,1.5,False,False,False,0,D,0.0,0.0,0.0,0.0,트렌드 미통과,현재가>150MA:0|현재가>200MA:0|150MA>200MA:0|200MA상승중:0|현재가>50MA:0|52주저점+25%:0|52주고점-30%:0,,0.0,,
445180,퓨릿,KOSDAQ,9100.0,-7.0,3.7,False,False,False,0,D,0.0,0.0,0.0,0.0,트렌드 미통과,현재가>150MA:1|현재가>200MA:1|150MA>200MA:0|200MA상승중:0|현재가>50MA:1|52주저점+25%:1|52주고점-30%:0,,0.0,,
220100,퓨쳐켐,KOSDAQ,6700.0,-73.7,8.7,False,False,False,0,D,0.0,0.0,0.0,0.0,트렌드 미통과,현재가>150MA:0|현재가>200MA:0|150MA>200MA:0|200MA상승중:0|현재가>50MA:0|52주저점+25%:0|52주고점-30%:0,,0.0,,
035200,프럼파스트,KOSDAQ,2600.0,-40.3,5.5,False,False,False,0,D,0.0,0.0,0.0,0.0,트렌드 미통과,현재가>150MA:0|현재가>200MA:0|150MA>200MA:0|200MA상승중:0|현재가>50MA:0|52주저점+25%:0|52주고점-30%:0,,0.0,,
334970,프레스티지바이오로직스,KOSDAQ,1382.0,-63.3,3.1,False,False,False,0,D,0.0,0.0,0.0,0.0,트렌드 미통과,현재가>150MA:0|현재가>200MA:0|150MA>200MA:0|200MA상승중:0|현재가>50MA:0|52주저점+25%:0|52주고점-30%:0,,0.0,,
321260,프로이천,KOSDAQ,1649.0,-30.1,2.1,False,False,False,0,D,0.0,0.0,0.0,0.0,트렌드 미통과,현재가>150MA:0|현재가>200MA:0|150MA>200MA:1|200MA상승중:0|현재가>50MA:1|52주저점+25%:0|52주고점-30%:0,,0.0,,
053610,프로텍,KOSDAQ,78500.0,53.4,19.0,False,False,False,0,D,0.0,0.0,0.0,0.0,트렌드 미통과,현재가>150MA:1|현재가>200MA:1|150MA>200MA:1|200MA상승중:1|현재가>50MA:1|52주저점+25%:1|52주고점-30%:1,,0.0,,
303360,프로티아,KOSDAQ,5740.0,3.7,3.2,False,False,False,0,D,0.0,0.0,0.0,0.0,트렌드 미통과,현재가>150MA:1|현재가>200MA:1|150MA>200MA:0|200MA상승중:0|현재가>50MA:1|52주저점+25%:1|52주고점-30%:1,,0.0,,
377220,프롬바이오,KOSDAQ,2150.0,124.3,1.6,False,False,False,0,D,0.0,0.0,0.0,0.0,트렌드 미통과,현재가>150MA:1|현재가>200MA:1|150MA>200MA:1|200MA상승중:1|현재가>50MA:0|52주저점+25%:1|52주고점-30%:0,,0.0,,
335810,프리시젼바이오,KOSDAQ,1497.0,-43.0,0.3,False,False,False,0,D,0.0,0.0,0.0,0.0,트렌드 미통과,현재가>150MA:0|현재가>200MA:0|150MA>200MA:0|200MA상승중:0|현재가>50MA:1|52주저점+25%:1|52주고점-30%:0,,0.0,,
053160,프리엠스,KOSDAQ,8840.0,-8.6,0.8,False,False,False,0,D,0.0,0.0,0.0,0.0,트렌드 미통과,현재가>150MA:1|현재가>200MA:1|150MA>200MA:1|200MA상승중:1|현재가>50MA:0|52주저점+25%:1|52주고점-30%:1,,0.0,,
405000,플라즈맵,KOSDAQ,3510.0,-51.8,0.6,False,False,False,0,D,0.0,0.0,0.0,0.0,트렌드 미통과,현재가>150MA:0|현재가>200MA:0|150MA>200MA:0|200MA상승중:0|현재가>50MA:0|52주저점+25%:0|52주고점-30%:0,,0.0,,
041590,플래스크,KOSDAQ,2370.0,-17.3,0.0,False,False,False,0,D,0.0,0.0,0.0,0.0,트렌드 미통과,현재가>150MA:0|현재가>200MA:0|150MA>200MA:0|200MA상승중:0|현재가>50MA:0|52주저점+25%:0|52주고점-30%:1,,0.0,,
367000,플래티어,KOSDAQ,3315.0,-23.3,0.2,False,False,False,0,D,0.0,0.0,0.0,0.0,트렌드 미통과,현재가>150MA:0|현재가>200MA:0|150MA>200MA:0|200MA상승중:0|현재가>50MA:1|52주저점+25%:1|52주고점-30%:0,,0.0,,
075130,플랜티넷,KOSDAQ,2120.0,-22.0,0.6,False,False,False,0,D,0.0,0.0,0.0,0.0,트렌드 미통과,현재가>150MA:0|현재가>200MA:0|150MA>200MA:0|200MA상승중:0|현재가>50MA:1|52주저점+25%:0|52주고점-30%:1,,0.0,,
237820,플레이디,KOSDAQ,2300.0,-58.8,0.5,False,False,False,0,D,0.0,0.0,0.0,0.0,트렌드 미통과,현재가>150MA:0|현재가>200MA:0|150MA>200MA:0|200MA상승중:0|현재가>50MA:0|52주저점+25%:0|52주고점-30%:0,,0.0,,
023770,플레이위드,KOSDAQ,2510.0,-28.9,1.3,False,False,False,0,D,0.0,0.0,0.0,0.0,트렌드 미통과,현재가>150MA:0|현재가>200MA:0|150MA>200MA:0|200MA상승중:0|현재가>50MA:1|52주저점+25%:0|52주고점-30%:0,,0.0,,
019570,GMI벤처,KOSDAQ,2945.0,833.3,0.3,True,False,False,64,C,0.0,0.0,0.0,0.0,컵 깊이 깊음(59.8%),현재가>150MA:1|현재가>200MA:1|150MA>200MA:1|200MA상승중:1|현재가>50MA:1|52주저점+25%:1|52주고점-30%:1,,0.0,,
300080,플리토,KOSDAQ,8930.0,-26.0,6.9,False,False,False,0,D,0.0,0.0,0.0,0.0,트렌드 미통과,현재가>150MA:0|현재가>200MA:0|150MA>200MA:0|200MA상승중:0|현재가>50MA:1|52주저점+25%:1|52주고점-30%:0,,0.0,,
033790,피노,KOSDAQ,8210.0,21.4,233.6,False,False,False,0,D,0.0,0.0,0.0,0.0,트렌드 미통과,현재가>150MA:0|현재가>200MA:1|150MA>200MA:1|200MA상승중:1|현재가>50MA:1|52주저점+25%:1|52주고점-30%:0,,0.0,,
032580,피델릭스,KOSDAQ,7670.0,353.4,41.6,True,False,False,64,C,0.0,0.0,0.0,0.0,컵 깊이 얕음(0.0%),현재가>150MA:1|현재가>200MA:1|150MA>200MA:1|200MA상승중:1|현재가>50MA:1|52주저점+25%:1|52주고점-30%:1,,0.0,,
051380,피씨디렉트,KOSDAQ,1481.0,-39.0,0.2,False,False,False,0,D,0.0,0.0,0.0,0.0,트렌드 미통과,현재가>150MA:0|현재가>200MA:0|150MA>200MA:0|200MA상승중:0|현재가>50MA:0|52주저점+25%:0|52주고점-30%:0,,0.0,,
241820,피씨엘,KOSDAQ,6040.0,362.7,0.0,False,False,False,0,D,0.0,0.0,0.0,0.0,트렌드 미통과,현재가>150MA:0|현재가>200MA:0|150MA>200MA:0|200MA상승중:0|현재가>50MA:0|52주저점+25%:1|52주고점-30%:1,,0.0,,
452450,피아이이,KOSDAQ,5070.0,-14.9,36.7,False,False,False,0,D,0.0,0.0,0.0,0.0,트렌드 미통과,현재가>150MA:1|현재가>200MA:0|150MA>200MA:0|200MA상승중:0|현재가>50MA:1|52주저점+25%:1|52주고점-30%:0,,0.0,,
237750,피앤씨테크,KOSDAQ,3340.0,-38.0,0.2,False,False,False,0,D,0.0,0.0,0.0,0.0,트렌드 미통과,현재가>150MA:0|현재가>200MA:0|150MA>200MA:0|200MA상승중:0|현재가>50MA:0|52주저점+25%:0|52주고점-30%:0,,0.0,,
460940,피앤에스로보틱스,KOSDAQ,5100.0,-48.9,4.0,False,False,False,0,D,0.0,0.0,0.0,0.0,트렌드 미통과,현재가>150MA:0|현재가>200MA:0|150MA>200MA:0|200MA상승중:0|현재가>50MA:1|52주저점+25%:1|52주고점-30%:0,,0.0,,
319660,피에스케이,KOSDAQ,148800.0,147.1,428.3,True,False,False,64,C,0.0,0.0,0.0,0.0,컵 깊이 얕음(5.1%),현재가>150MA:1|현재가>200MA:1|150MA>200MA:1|200MA상승중:1|현재가>50MA:1|52주저점+25%:1|52주고점-30%:1,,0.0,,
031980,피에스케이홀딩스,KOSDAQ,180800.0,148.7,285.9,True,False,False,64,C,0.0,0.0,0.0,0.0,핸들 기간 짧음,현재가>150MA:1|현재가>200MA:1|150MA>200MA:1|200MA상승중:1|현재가>50MA:1|52주저점+25%:1|52주고점-30%:1,,0.0,,
002230,피에스텍,KOSDAQ,5160.0,-26.0,1.8,False,False,False,0,D,0.0,0.0,0.0,0.0,트렌드 미통과,현재가>150MA:0|현재가>200MA:0|150MA>200MA:0|200MA상승중:1|현재가>50MA:1|52주저점+25%:1|52주고점-30%:0,,0.0,,
043370,피에이치에이,KOSDAQ,11390.0,-20.1,1.7,False,False,False,0,D,0.0,0.0,0.0,0.0,트렌드 미통과,현재가>150MA:0|현재가>200MA:0|150MA>200MA:1|200MA상승중:1|현재가>50MA:1|52주저점+25%:0|52주고점-30%:1,,0.0,,
239890,피엔에이치테크,KOSDAQ,3585.0,-36.2,0.6,False,False,False,0,D,0.0,0.0,0.0,0.0,트렌드 미통과,현재가>150MA:0|현재가>200MA:0|150MA>200MA:0|200MA상승중:0|현재가>50MA:1|52주저점+25%:0|52주고점-30%:0,,0.0,,
347740,피엔케이피부임상연구센타,KOSDAQ,1707.0,-35.8,0.4,False,False,False,0,D,0.0,0.0,0.0,0.0,트렌드 미통과,현재가>150MA:0|현재가>200MA:0|150MA>200MA:0|200MA상승중:0|현재가>50MA:0|52주저점+25%:0|52주고점-30%:0,,0.0,,
137400,피엔티,KOSDAQ,28500.0,-46.3,41.3,False,False,False,0,D,0.0,0.0,0.0,0.0,트렌드 미통과,현재가>150MA:0|현재가>200MA:0|150MA>200MA:0|200MA상승중:0|현재가>50MA:0|52주저점+25%:0|52주고점-30%:0,,0.0,,
257370,피엔티엠에스,KOSDAQ,1810.0,-48.6,0.3,False,False,False,0,D,0.0,0.0,0.0,0.0,트렌드 미통과,현재가>150MA:0|현재가>200MA:0|150MA>200MA:0|200MA상승중:0|현재가>50MA:0|52주저점+25%:0|52주고점-30%:0,,0.0,,
147760,피엠티,KOSDAQ,4040.0,2.5,4.6,False,False,False,0,D,0.0,0.0,0.0,0.0,트렌드 미통과,현재가>150MA:0|현재가>200MA:0|150MA>200MA:1|200MA상승중:1|현재가>50MA:1|52주저점+25%:1|52주고점-30%:0,,0.0,,
128660,피제이메탈,KOSDAQ,2820.0,-19.1,1.3,False,False,False,0,D,0.0,0.0,0.0,0.0,트렌드 미통과,현재가>150MA:0|현재가>200MA:0|150MA>200MA:1|200MA상승중:1|현재가>50MA:0|52주저점+25%:0|52주고점-30%:1,,0.0,,
006140,피제이전자,KOSDAQ,4420.0,-32.8,1.2,False,False,False,0,D,0.0,0.0,0.0,0.0,트렌드 미통과,현재가>150MA:0|현재가>200MA:0|150MA>200MA:0|200MA상승중:0|현재가>50MA:0|52주저점+25%:0|52주고점-30%:0,,0.0,,
376180,피코그램,KOSDAQ,1363.0,-50.5,0.4,False,False,False,0,D,0.0,0.0,0.0,0.0,트렌드 미통과,현재가>150MA:0|현재가>200MA:0|150MA>200MA:0|200MA상승중:0|현재가>50MA:0|52주저점+25%:0|52주고점-30%:0,,0.0,,
304840,피플바이오,KOSDAQ,561.0,-59.5,0.0,False,False,False,0,D,0.0,0.0,0.0,0.0,트렌드 미통과,현재가>150MA:0|현재가>200MA:0|150MA>200MA:0|200MA상승중:0|현재가>50MA:0|52주저점+25%:0|52주고점-30%:0,,0.0,,
087600,픽셀플러스,KOSDAQ,3885.0,-42.6,0.1,False,False,False,0,D,0.0,0.0,0.0,0.0,트렌드 미통과,현재가>150MA:0|현재가>200MA:0|150MA>200MA:0|200MA상승중:0|현재가>50MA:0|52주저점+25%:0|52주고점-30%:0,,0.0,,
291810,핀텔,KOSDAQ,584.0,-79.0,7.2,False,False,False,0,D,0.0,0.0,0.0,0.0,트렌드 미통과,현재가>150MA:0|현재가>200MA:0|150MA>200MA:0|200MA상승중:0|현재가>50MA:0|52주저점+25%:0|52주고점-30%:0,,0.0,,
378340,필에너지,KOSDAQ,11960.0,-22.8,6.4,False,False,False,0,D,0.0,0.0,0.0,0.0,트렌드 미통과,현재가>150MA:0|현재가>200MA:0|150MA>200MA:0|200MA상승중:0|현재가>50MA:1|52주저점+25%:1|52주고점-30%:0,,0.0,,
161580,필옵틱스,KOSDAQ,38500.0,-14.6,154.0,False,False,False,0,D,0.0,0.0,0.0,0.0,트렌드 미통과,현재가>150MA:1|현재가>200MA:0|150MA>200MA:0|200MA상승중:0|현재가>50MA:1|52주저점+25%:1|52주고점-30%:0,,0.0,,
347770,핌스,KOSDAQ,856.0,-51.0,0.5,False,False,False,0,D,0.0,0.0,0.0,0.0,트렌드 미통과,현재가>150MA:0|현재가>200MA:0|150MA>200MA:1|200MA상승중:0|현재가>50MA:0|52주저점+25%:0|52주고점-30%:0,,0.0,,
163730,핑거,KOSDAQ,13500.0,2.4,16.8,False,False,False,0,D,0.0,0.0,0.0,0.0,트렌드 미통과,현재가>150MA:1|현재가>200MA:1|150MA>200MA:1|200MA상승중:0|현재가>50MA:1|52주저점+25%:1|52주고점-30%:0,,0.0,,
417180,핑거스토리,KOSDAQ,3875.0,45.4,0.2,False,False,False,0,D,0.0,0.0,0.0,0.0,트렌드 미통과,현재가>150MA:1|현재가>200MA:1|150MA>200MA:1|200MA상승중:1|현재가>50MA:0|52주저점+25%:1|52주고점-30%:0,,0.0,,
469900,하나31호스팩,KOSDAQ,2100.0,-15.5,0.9,False,False,False,0,D,0.0,0.0,0.0,0.0,트렌드 미통과,현재가>150MA:1|현재가>200MA:1|150MA>200MA:1|200MA상승중:1|현재가>50MA:1|52주저점+25%:0|52주고점-30%:1,,0.0,,
475240,하나32호스팩,KOSDAQ,2090.0,-17.8,0.3,False,False,False,0,D,0.0,0.0,0.0,0.0,트렌드 미통과,현재가>150MA:0|현재가>200MA:0|150MA>200MA:0|200MA상승중:0|현재가>50MA:1|52주저점+25%:0|52주고점-30%:1,,0.0,,
475250,하나33호스팩,KOSDAQ,2080.0,-17.5,0.2,False,False,False,0,D,0.0,0.0,0.0,0.0,트렌드 미통과,현재가>150MA:0|현재가>200MA:0|150MA>200MA:0|200MA상승중:0|현재가>50MA:1|52주저점+25%:0|52주고점-30%:1,,0.0,,
484130,하나34호스팩,KOSDAQ,2025.0,-18.8,0.1,False,False,False,0,D,0.0,0.0,0.0,0.0,트렌드 미통과,현재가>150MA:0|현재가>200MA:0|150MA>200MA:0|200MA상승중:0|현재가>50MA:0|52주저점+25%:0|52주고점-30%:1,,0.0,,
299030,하나기술,KOSDAQ,13350.0,-53.1,4.8,False,False,False,0,D,0.0,0.0,0.0,0.0,트렌드 미통과,현재가>150MA:0|현재가>200MA:0|150MA>200MA:0|200MA상승중:0|현재가>50MA:0|52주저점+25%:1|52주고점-30%:0,,0.0,,
067310,하나마이크론,KOSDAQ,46500.0,37.3,697.4,False,False,False,0,D,0.0,0.0,0.0,0.0,트렌드 미통과,현재가>150MA:1|현재가>200MA:1|150MA>200MA:1|200MA상승중:1|현재가>50MA:1|52주저점+25%:1|52주고점-30%:1,,0.0,,
166090,하나머티리얼즈,KOSDAQ,59800.0,1.8,85.1,False,False,False,0,D,0.0,0.0,0.0,0.0,트렌드 미통과,현재가>150MA:0|현재가>200MA:1|150MA>200MA:1|200MA상승중:1|현재가>50MA:1|52주저점+25%:1|52주고점-30%:1,,0.0,,
136480,하림,KOSDAQ,2655.0,-26.7,4.1,False,False,False,0,D,0.0,0.0,0.0,0.0,트렌드 미통과,현재가>150MA:0|현재가>200MA:0|150MA>200MA:0|200MA상승중:0|현재가>50MA:0|52주저점+25%:0|52주고점-30%:1,,0.0,,
003380,하림지주,KOSDAQ,10840.0,-12.7,42.5,False,False,False,0,D,0.0,0.0,0.0,0.0,트렌드 미통과,현재가>150MA:0|현재가>200MA:0|150MA>200MA:1|200MA상승중:1|현재가>50MA:1|52주저점+25%:1|52주고점-30%:0,,0.0,,
450330,하스,KOSDAQ,4630.0,-38.1,0.2,False,False,False,0,D,0.0,0.0,0.0,0.0,트렌드 미통과,현재가>150MA:0|현재가>200MA:0|150MA>200MA:0|200MA상승중:0|현재가>50MA:0|52주저점+25%:0|52주고점-30%:0,,0.0,,
101670,하이드로리튬,KOSDAQ,476.0,-87.6,2.9,False,False,False,0,D,0.0,0.0,0.0,0.0,트렌드 미통과,현재가>150MA:0|현재가>200MA:0|150MA>200MA:0|200MA상승중:0|현재가>50MA:0|52주저점+25%:0|52주고점-30%:0,,0.0,,
365590,하이딥,KOSDAQ,1275.0,38.3,2.9,False,False,False,0,D,0.0,0.0,0.0,0.0,트렌드 미통과,현재가>150MA:0|현재가>200MA:0|150MA>200MA:0|200MA상승중:1|현재가>50MA:1|52주저점+25%:1|52주고점-30%:0,,0.0,,
149980,하이로닉,KOSDAQ,4615.0,-26.3,0.9,False,False,False,0,D,0.0,0.0,0.0,0.0,트렌드 미통과,현재가>150MA:0|현재가>200MA:0|150MA>200MA:0|200MA상승중:0|현재가>50MA:0|52주저점+25%:0|52주고점-30%:0,,0.0,,
013030,하이록코리아,KOSDAQ,36500.0,-8.0,12.3,False,False,False,0,D,0.0,0.0,0.0,0.0,트렌드 미통과,현재가>150MA:1|현재가>200MA:1|150MA>200MA:1|200MA상승중:1|현재가>50MA:1|52주저점+25%:0|52주고점-30%:1,,0.0,,
126700,하이비젼시스템,KOSDAQ,10970.0,-35.3,3.9,False,False,False,0,D,0.0,0.0,0.0,0.0,트렌드 미통과,현재가>150MA:0|현재가>200MA:0|150MA>200MA:0|200MA상승중:0|현재가>50MA:1|52주저점+25%:1|52주고점-30%:0,,0.0,,
106080,케이이엠텍,KOSDAQ,1650.0,75.4,0.0,False,False,False,0,D,0.0,0.0,0.0,0.0,트렌드 미통과,현재가>150MA:1|현재가>200MA:1|150MA>200MA:1|200MA상승중:1|현재가>50MA:0|52주저점+25%:1|52주고점-30%:1,,0.0,,
160190,하이젠알앤엠,KOSDAQ,28450.0,-26.9,98.4,False,False,False,0,D,0.0,0.0,0.0,0.0,트렌드 미통과,현재가>150MA:0|현재가>200MA:0|150MA>200MA:0|200MA상승중:0|현재가>50MA:1|52주저점+25%:1|52주고점-30%:0,,0.0,,
221840,하이즈항공,KOSDAQ,2035.0,-23.4,0.2,False,False,False,0,D,0.0,0.0,0.0,0.0,트렌드 미통과,현재가>150MA:0|현재가>200MA:0|150MA>200MA:1|200MA상승중:0|현재가>50MA:1|52주저점+25%:0|52주고점-30%:0,,0.0,,
106190,하이텍팜,KOSDAQ,9890.0,-46.5,2.2,False,False,False,0,D,0.0,0.0,0.0,0.0,트렌드 미통과,현재가>150MA:0|현재가>200MA:0|150MA>200MA:1|200MA상승중:0|현재가>50MA:0|52주저점+25%:0|52주고점-30%:0,,0.0,,
065650,하이퍼코퍼레이션,KOSDAQ,1480.0,-48.8,0.4,False,False,False,0,D,0.0,0.0,0.0,0.0,트렌드 미통과,현재가>150MA:0|현재가>200MA:0|150MA>200MA:0|200MA상승중:0|현재가>50MA:0|52주저점+25%:0|52주고점-30%:0,,0.0,,
066130,하츠,KOSDAQ,3465.0,-29.0,0.4,False,False,False,0,D,0.0,0.0,0.0,0.0,트렌드 미통과,현재가>150MA:0|현재가>200MA:0|150MA>200MA:0|200MA상승중:0|현재가>50MA:1|52주저점+25%:0|52주고점-30%:1,,0.0,,
004590,한국가구,KOSDAQ,5220.0,-16.1,1.5,False,False,False,0,D,0.0,0.0,0.0,0.0,트렌드 미통과,현재가>150MA:0|현재가>200MA:0|150MA>200MA:1|200MA상승중:1|현재가>50MA:1|52주저점+25%:0|52주고점-30%:0,,0.0,,
039340,한국경제TV,KOSDAQ,4870.0,-20.6,0.5,False,False,False,0,D,0.0,0.0,0.0,0.0,트렌드 미통과,현재가>150MA:0|현재가>200MA:0|150MA>200MA:0|200MA상승중:0|현재가>50MA:1|52주저점+25%:0|52주고점-30%:1,,0.0,,
034950,한국기업평가,KOSDAQ,103600.0,-13.3,0.8,False,False,False,0,D,0.0,0.0,0.0,0.0,트렌드 미통과,현재가>150MA:1|현재가>200MA:1|150MA>200MA:1|200MA상승중:1|현재가>50MA:1|52주저점+25%:0|52주고점-30%:1,,0.0,,
222980,한국맥널티,KOSDAQ,2115.0,-32.2,0.3,False,False,False,0,D,0.0,0.0,0.0,0.0,트렌드 미통과,현재가>150MA:0|현재가>200MA:0|150MA>200MA:0|200MA상승중:0|현재가>50MA:0|52주저점+25%:1|52주고점-30%:0,,0.0,,
256840,한국비엔씨,KOSDAQ,3280.0,-27.5,147.8,False,False,False,0,D,0.0,0.0,0.0,0.0,트렌드 미통과,현재가>150MA:1|현재가>200MA:0|150MA>200MA:0|200MA상승중:0|현재가>50MA:1|52주저점+25%:1|52주고점-30%:0,,0.0,,
219750,한국비티비,KOSDAQ,1684.0,17.4,0.2,False,False,False,0,D,0.0,0.0,0.0,0.0,트렌드 미통과,현재가>150MA:1|현재가>200MA:1|150MA>200MA:1|200MA상승중:1|현재가>50MA:0|52주저점+25%:1|52주고점-30%:1,,0.0,,
025550,한국선재,KOSDAQ,2275.0,-39.3,1.2,False,False,False,0,D,0.0,0.0,0.0,0.0,트렌드 미통과,현재가>150MA:0|현재가>200MA:0|150MA>200MA:0|200MA상승중:0|현재가>50MA:1|52주저점+25%:0|52주고점-30%:0,,0.0,,
017890,한국알콜,KOSDAQ,15520.0,22.7,9.3,True,False,False,56,D,0.0,0.0,0.0,0.0,컵 기간 짧음(24일),현재가>150MA:1|현재가>200MA:1|150MA>200MA:1|200MA상승중:1|현재가>50MA:1|52주저점+25%:1|52주고점-30%:1,,0.0,,
080720,한국유니온제약,KOSDAQ,2410.0,-28.8,0.0,False,False,False,0,D,0.0,0.0,0.0,0.0,트렌드 미통과,현재가>150MA:0|현재가>200MA:0|150MA>200MA:0|200MA상승중:0|현재가>50MA:0|52주저점+25%:0|52주고점-30%:1,,0.0,,
063570,NICE인프라,KOSDAQ,3210.0,-29.8,0.5,False,False,False,0,D,0.0,0.0,0.0,0.0,트렌드 미통과,현재가>150MA:0|현재가>200MA:0|150MA>200MA:0|200MA상승중:0|현재가>50MA:0|52주저점+25%:0|52주고점-30%:0,,0.0,,
041460,한국전자인증,KOSDAQ,3280.0,-30.8,1.5,False,False,False,0,D,0.0,0.0,0.0,0.0,트렌드 미통과,현재가>150MA:0|현재가>200MA:0|150MA>200MA:0|200MA상승중:0|현재가>50MA:0|52주저점+25%:0|52주고점-30%:1,,0.0,,
101680,한국정밀기계,KOSDAQ,3000.0,10.3,0.5,True,False,False,48,D,0.0,0.0,0.0,0.0,컵 깊이 깊음(51.9%),현재가>150MA:1|현재가>200MA:1|150MA>200MA:1|200MA상승중:1|현재가>50MA:1|52주저점+25%:1|52주고점-30%:1,,0.0,,
039740,한국정보공학,KOSDAQ,2980.0,-20.9,0.3,False,False,False,0,D,0.0,0.0,0.0,0.0,트렌드 미통과,현재가>150MA:0|현재가>200MA:0|150MA>200MA:1|200MA상승중:1|현재가>50MA:0|52주저점+25%:0|52주고점-30%:0,,0.0,,
053300,한국정보인증,KOSDAQ,5060.0,-24.3,28.2,False,False,False,0,D,0.0,0.0,0.0,0.0,트렌드 미통과,현재가>150MA:0|현재가>200MA:0|150MA>200MA:0|200MA상승중:0|현재가>50MA:1|52주저점+25%:1|52주고점-30%:0,,0.0,,
025770,한국정보통신,KOSDAQ,7720.0,-18.4,1.7,False,False,False,0,D,0.0,0.0,0.0,0.0,트렌드 미통과,현재가>150MA:0|현재가>200MA:0|150MA>200MA:1|200MA상승중:0|현재가>50MA:0|52주저점+25%:0|52주고점-30%:0,,0.0,,
479880,한국제15호스팩,KOSDAQ,2070.0,-16.4,0.3,False,False,False,0,D,0.0,0.0,0.0,0.0,트렌드 미통과,현재가>150MA:1|현재가>200MA:1|150MA>200MA:1|200MA상승중:1|현재가>50MA:1|52주저점+25%:0|52주고점-30%:1,,0.0,,
062970,한국첨단소재,KOSDAQ,2980.0,24.7,177.6,False,False,False,0,D,0.0,0.0,0.0,0.0,트렌드 미통과,현재가>150MA:1|현재가>200MA:1|150MA>200MA:0|200MA상승중:0|현재가>50MA:1|52주저점+25%:1|52주고점-30%:0,,0.0,,
023760,한국캐피탈,KOSDAQ,1420.0,60.7,0.8,True,False,False,64,C,0.0,0.0,0.0,0.0,핸들 깊이 얕음(1.8%),현재가>150MA:1|현재가>200MA:1|150MA>200MA:1|200MA상승중:1|현재가>50MA:1|52주저점+25%:1|52주고점-30%:1,,0.0,,
054040,한국컴퓨터,KOSDAQ,4420.0,-28.2,1.0,False,False,False,0,D,0.0,0.0,0.0,0.0,트렌드 미통과,현재가>150MA:0|현재가>200MA:0|150MA>200MA:1|200MA상승중:0|현재가>50MA:0|52주저점+25%:0|52주고점-30%:1,,0.0,,
021650,한국큐빅,KOSDAQ,2000.0,-26.7,0.1,False,False,False,0,D,0.0,0.0,0.0,0.0,트렌드 미통과,현재가>150MA:0|현재가>200MA:0|150MA>200MA:0|200MA상승중:0|현재가>50MA:0|52주저점+25%:0|52주고점-30%:1,,0.0,,
032300,한국파마,KOSDAQ,7260.0,-48.8,0.6,False,False,False,0,D,0.0,0.0,0.0,0.0,트렌드 미통과,현재가>150MA:0|현재가>200MA:0|150MA>200MA:0|200MA상승중:0|현재가>50MA:0|52주저점+25%:0|52주고점-30%:0,,0.0,,
037230,한국팩키지,KOSDAQ,1330.0,-45.4,1.0,False,False,False,0,D,0.0,0.0,0.0,0.0,트렌드 미통과,현재가>150MA:0|현재가>200MA:0|150MA>200MA:0|200MA상승중:0|현재가>50MA:0|52주저점+25%:0|52주고점-30%:0,,0.0,,
030520,한컴,KOSDAQ,17480.0,-32.9,21.9,False,False,False,0,D,0.0,0.0,0.0,0.0,트렌드 미통과,현재가>150MA:0|현재가>200MA:0|150MA>200MA:0|200MA상승중:0|현재가>50MA:1|52주저점+25%:0|52주고점-30%:0,,0.0,,
052600,한네트,KOSDAQ,2870.0,-35.6,0.3,False,False,False,0,D,0.0,0.0,0.0,0.0,트렌드 미통과,현재가>150MA:0|현재가>200MA:0|150MA>200MA:0|200MA상승중:0|현재가>50MA:0|52주저점+25%:0|52주고점-30%:0,,0.0,,
256150,한독크린텍,KOSDAQ,5000.0,-17.5,0.2,False,False,False,0,D,0.0,0.0,0.0,0.0,트렌드 미통과,현재가>150MA:1|현재가>200MA:0|150MA>200MA:0|200MA상승중:0|현재가>50MA:1|52주저점+25%:0|52주고점-30%:1,,0.0,,
092460,한라IMS,KOSDAQ,16590.0,-13.7,2.3,False,False,False,0,D,0.0,0.0,0.0,0.0,트렌드 미통과,현재가>150MA:0|현재가>200MA:0|150MA>200MA:1|200MA상승중:1|현재가>50MA:0|52주저점+25%:1|52주고점-30%:1,,0.0,,
452190,한빛레이저,KOSDAQ,6190.0,25.9,204.3,False,False,False,0,D,0.0,0.0,0.0,0.0,트렌드 미통과,현재가>150MA:1|현재가>200MA:1|150MA>200MA:1|200MA상승중:0|현재가>50MA:1|52주저점+25%:1|52주고점-30%:0,,0.0,,
047080,한빛소프트,KOSDAQ,1047.0,-29.4,0.9,False,False,False,0,D,0.0,0.0,0.0,0.0,트렌드 미통과,현재가>150MA:0|현재가>200MA:0|150MA>200MA:0|200MA상승중:0|현재가>50MA:1|52주저점+25%:0|52주고점-30%:0,,0.0,,
452280,한선엔지니어링,KOSDAQ,12430.0,-13.8,122.4,False,False,False,0,D,0.0,0.0,0.0,0.0,트렌드 미통과,현재가>150MA:0|현재가>200MA:0|150MA>200MA:1|200MA상승중:1|현재가>50MA:1|52주저점+25%:1|52주고점-30%:0,,0.0,,
066980,한성크린텍,KOSDAQ,1460.0,-20.3,3.9,False,False,False,0,D,0.0,0.0,0.0,0.0,트렌드 미통과,현재가>150MA:0|현재가>200MA:0|150MA>200MA:1|200MA상승중:1|현재가>50MA:0|52주저점+25%:1|52주고점-30%:0,,0.0,,
114810,한솔아이원스,KOSDAQ,15110.0,-0.7,29.7,False,False,False,0,D,0.0,0.0,0.0,0.0,트렌드 미통과,현재가>150MA:1|현재가>200MA:1|150MA>200MA:1|200MA상승중:0|현재가>50MA:1|52주저점+25%:1|52주고점-30%:1,,0.0,,
070590,인티큐브,KOSDAQ,2195.0,-0.1,0.5,False,False,False,0,D,0.0,0.0,0.0,0.0,트렌드 미통과,현재가>150MA:1|현재가>200MA:1|150MA>200MA:0|200MA상승중:0|현재가>50MA:1|52주저점+25%:1|52주고점-30%:1,,0.0,,
042520,한스바이오메드,KOSDAQ,21050.0,-32.3,20.7,False,False,False,0,D,0.0,0.0,0.0,0.0,트렌드 미통과,현재가>150MA:0|현재가>200MA:0|150MA>200MA:0|200MA상승중:0|현재가>50MA:1|52주저점+25%:1|52주고점-30%:0,,0.0,,
430690,한싹,KOSDAQ,2930.0,-29.3,12.7,False,False,False,0,D,0.0,0.0,0.0,0.0,트렌드 미통과,현재가>150MA:0|현재가>200MA:0|150MA>200MA:0|200MA상승중:0|현재가>50MA:1|52주저점+25%:1|52주고점-30%:0,,0.0,,
078350,한양디지텍,KOSDAQ,28450.0,26.5,99.3,False,False,False,0,D,0.0,0.0,0.0,0.0,트렌드 미통과,현재가>150MA:1|현재가>200MA:1|150MA>200MA:1|200MA상승중:0|현재가>50MA:1|52주저점+25%:1|52주고점-30%:0,,0.0,,
045100,한양이엔지,KOSDAQ,32550.0,9.3,19.4,False,False,False,0,D,0.0,0.0,0.0,0.0,트렌드 미통과,현재가>150MA:1|현재가>200MA:1|150MA>200MA:1|200MA상승중:1|현재가>50MA:1|52주저점+25%:1|52주고점-30%:1,,0.0,,
320000,한울반도체,KOSDAQ,10620.0,234.9,43.8,False,False,False,0,D,0.0,0.0,0.0,0.0,트렌드 미통과,현재가>150MA:1|현재가>200MA:1|150MA>200MA:1|200MA상승중:1|현재가>50MA:0|52주저점+25%:1|52주고점-30%:0,,0.0,,
091440,한울소재과학,KOSDAQ,3250.0,7.9,7.1,False,False,False,0,D,0.0,0.0,0.0,0.0,트렌드 미통과,현재가>150MA:1|현재가>200MA:1|150MA>200MA:0|200MA상승중:1|현재가>50MA:1|52주저점+25%:1|52주고점-30%:1,,0.0,,
024740,한일단조,KOSDAQ,2180.0,-20.6,4.1,False,False,False,0,D,0.0,0.0,0.0,0.0,트렌드 미통과,현재가>150MA:0|현재가>200MA:0|150MA>200MA:1|200MA상승중:1|현재가>50MA:1|52주저점+25%:0|52주고점-30%:0,,0.0,,
005860,한일사료,KOSDAQ,2355.0,-34.1,23.4,False,False,False,0,D,0.0,0.0,0.0,0.0,트렌드 미통과,현재가>150MA:0|현재가>200MA:0|150MA>200MA:0|200MA상승중:0|현재가>50MA:0|52주저점+25%:0|52주고점-30%:0,,0.0,,
007770,한일화학,KOSDAQ,7830.0,-12.7,0.3,False,False,False,0,D,0.0,0.0,0.0,0.0,트렌드 미통과,현재가>150MA:1|현재가>200MA:1|150MA>200MA:0|200MA상승중:0|현재가>50MA:1|52주저점+25%:1|52주고점-30%:1,,0.0,,
198940,한주라이트메탈,KOSDAQ,1439.0,41.6,0.7,False,False,False,0,D,0.0,0.0,0.0,0.0,트렌드 미통과,현재가>150MA:1|현재가>200MA:1|150MA>200MA:1|200MA상승중:1|현재가>50MA:1|52주저점+25%:1|52주고점-30%:0,,0.0,,
058450,한주에이알티,KOSDAQ,574.0,-70.5,1.3,False,False,False,0,D,0.0,0.0,0.0,0.0,트렌드 미통과,현재가>150MA:0|현재가>200MA:0|150MA>200MA:1|200MA상승중:1|현재가>50MA:0|52주저점+25%:1|52주고점-30%:0,,0.0,,
107640,한중엔시에스,KOSDAQ,39900.0,-21.0,44.9,False,False,False,0,D,0.0,0.0,0.0,0.0,트렌드 미통과,현재가>150MA:0|현재가>200MA:0|150MA>200MA:0|200MA상승중:0|현재가>50MA:1|52주저점+25%:1|52주고점-30%:0,,0.0,,
079170,한창산업,KOSDAQ,5500.0,-22.3,0.5,False,False,False,0,D,0.0,0.0,0.0,0.0,트렌드 미통과,현재가>150MA:0|현재가>200MA:0|150MA>200MA:0|200MA상승중:0|현재가>50MA:0|52주저점+25%:1|52주고점-30%:1,,0.0,,
054920,한컴위드,KOSDAQ,4620.0,2.8,113.3,False,False,False,0,D,0.0,0.0,0.0,0.0,트렌드 미통과,현재가>150MA:1|현재가>200MA:0|150MA>200MA:0|200MA상승중:1|현재가>50MA:1|52주저점+25%:1|52주고점-30%:0,,0.0,,
457370,한켐,KOSDAQ,11530.0,14.8,235.6,False,False,False,0,D,0.0,0.0,0.0,0.0,트렌드 미통과,현재가>150MA:1|현재가>200MA:1|150MA>200MA:1|200MA상승중:1|현재가>50MA:1|52주저점+25%:1|52주고점-30%:1,,0.0,,
002680,한탑,KOSDAQ,3165.0,477.3,3.2,True,False,False,64,C,0.0,0.0,0.0,0.0,컵 깊이 깊음(58.3%),현재가>150MA:1|현재가>200MA:1|150MA>200MA:1|200MA상승중:1|현재가>50MA:1|52주저점+25%:1|52주고점-30%:1,,0.0,,
034810,해성산업,KOSDAQ,5990.0,-34.1,0.8,False,False,False,0,D,0.0,0.0,0.0,0.0,트렌드 미통과,현재가>150MA:0|현재가>200MA:0|150MA>200MA:0|200MA상승중:0|현재가>50MA:0|52주저점+25%:0|52주고점-30%:0,,0.0,,
03481K,해성산업1우,KOSDAQ,5900.0,-34.9,0.0,False,False,False,0,D,0.0,0.0,0.0,0.0,트렌드 미통과,현재가>150MA:0|현재가>200MA:0|150MA>200MA:0|200MA상승중:0|현재가>50MA:0|52주저점+25%:0|52주고점-30%:0,,0.0,,
059270,해성에어로보틱스,KOSDAQ,5200.0,-48.4,3.7,False,False,False,0,D,0.0,0.0,0.0,0.0,트렌드 미통과,현재가>150MA:0|현재가>200MA:0|150MA>200MA:0|200MA상승중:0|현재가>50MA:0|52주저점+25%:0|52주고점-30%:0,,0.0,,
076610,해성옵틱스,KOSDAQ,1122.0,15.7,9.0,False,False,False,0,D,0.0,0.0,0.0,0.0,트렌드 미통과,현재가>150MA:0|현재가>200MA:0|150MA>200MA:1|200MA상승중:1|현재가>50MA:0|52주저점+25%:1|52주고점-30%:0,,0.0,,
220180,폴라리스AI핸디,KOSDAQ,1362.0,-43.5,0.1,False,False,False,0,D,0.0,0.0,0.0,0.0,트렌드 미통과,현재가>150MA:0|현재가>200MA:0|150MA>200MA:0|200MA상승중:0|현재가>50MA:0|52주저점+25%:0|52주고점-30%:0,,0.0,,
900270,헝셩그룹,KOSDAQ,2645.0,601.7,29.8,True,False,False,64,C,0.0,0.0,0.0,0.0,컵 깊이 깊음(68.4%),현재가>150MA:1|현재가>200MA:1|150MA>200MA:1|200MA상승중:1|현재가>50MA:1|52주저점+25%:1|52주고점-30%:1,,0.0,,
214180,헥토이노베이션,KOSDAQ,13890.0,-31.9,6.5,False,False,False,0,D,0.0,0.0,0.0,0.0,트렌드 미통과,현재가>150MA:0|현재가>200MA:0|150MA>200MA:0|200MA상승중:0|현재가>50MA:0|52주저점+25%:0|52주고점-30%:0,,0.0,,
234340,헥토파이낸셜,KOSDAQ,22200.0,-2.5,169.4,False,False,False,0,D,0.0,0.0,0.0,0.0,트렌드 미통과,현재가>150MA:0|현재가>200MA:0|150MA>200MA:1|200MA상승중:1|현재가>50MA:1|52주저점+25%:1|52주고점-30%:0,,0.0,,
084990,헬릭스미스,KOSDAQ,3210.0,-57.4,2.3,False,False,False,0,D,0.0,0.0,0.0,0.0,트렌드 미통과,현재가>150MA:0|현재가>200MA:0|150MA>200MA:0|200MA상승중:0|현재가>50MA:1|52주저점+25%:0|52주고점-30%:0,,0.0,,
187660,페니트리움바이오,KOSDAQ,7490.0,73.2,192.5,False,False,False,0,D,0.0,0.0,0.0,0.0,트렌드 미통과,현재가>150MA:0|현재가>200MA:1|150MA>200MA:1|200MA상승중:1|현재가>50MA:1|52주저점+25%:1|52주고점-30%:0,,0.0,,
170030,현대공업,KOSDAQ,4760.0,-29.9,0.6,False,False,False,0,D,0.0,0.0,0.0,0.0,트렌드 미통과,현재가>150MA:0|현재가>200MA:0|150MA>200MA:0|200MA상승중:0|현재가>50MA:0|52주저점+25%:0|52주고점-30%:1,,0.0,,
319400,현대무벡스,KOSDAQ,20400.0,5.1,225.1,False,False,False,0,D,0.0,0.0,0.0,0.0,트렌드 미통과,현재가>150MA:0|현재가>200MA:0|150MA>200MA:1|200MA상승중:1|현재가>50MA:0|52주저점+25%:1|52주고점-30%:0,,0.0,,
048410,현대바이오,KOSDAQ,6830.0,-25.3,102.7,False,False,False,0,D,0.0,0.0,0.0,0.0,트렌드 미통과,현재가>150MA:0|현재가>200MA:0|150MA>200MA:1|200MA상승중:1|현재가>50MA:1|52주저점+25%:1|52주고점-30%:0,,0.0,,
052260,현대바이오랜드,KOSDAQ,5670.0,27.5,56.7,False,False,False,0,D,0.0,0.0,0.0,0.0,트렌드 미통과,현재가>150MA:1|현재가>200MA:1|150MA>200MA:0|200MA상승중:0|현재가>50MA:1|52주저점+25%:1|52주고점-30%:1,,0.0,,
016790,현대사료,KOSDAQ,994.0,-17.3,0.0,False,False,False,0,D,0.0,0.0,0.0,0.0,트렌드 미통과,현재가>150MA:0|현재가>200MA:0|150MA>200MA:0|200MA상승중:0|현재가>50MA:0|52주저점+25%:0|52주고점-30%:1,,0.0,,
041440,현대에버다임,KOSDAQ,6550.0,-30.1,6.9,False,False,False,0,D,0.0,0.0,0.0,0.0,트렌드 미통과,현재가>150MA:0|현재가>200MA:0|150MA>200MA:0|200MA상승중:0|현재가>50MA:1|52주저점+25%:0|52주고점-30%:0,,0.0,,
039010,현대에이치티,KOSDAQ,8120.0,-13.8,2.8,False,False,False,0,D,0.0,0.0,0.0,0.0,트렌드 미통과,현재가>150MA:0|현재가>200MA:0|150MA>200MA:0|200MA상승중:0|현재가>50MA:1|52주저점+25%:1|52주고점-30%:0,,0.0,,
090850,현대이지웰,KOSDAQ,4975.0,-27.5,2.4,False,False,False,0,D,0.0,0.0,0.0,0.0,트렌드 미통과,현재가>150MA:0|현재가>200MA:0|150MA>200MA:1|200MA상승중:0|현재가>50MA:0|52주저점+25%:0|52주고점-30%:1,,0.0,,
460930,현대힘스,KOSDAQ,12630.0,-41.4,17.4,False,False,False,0,D,0.0,0.0,0.0,0.0,트렌드 미통과,현재가>150MA:0|현재가>200MA:0|150MA>200MA:0|200MA상승중:0|현재가>50MA:0|52주저점+25%:0|52주고점-30%:0,,0.0,,
092300,현우산업,KOSDAQ,2545.0,-32.2,1.8,False,False,False,0,D,0.0,0.0,0.0,0.0,트렌드 미통과,현재가>150MA:0|현재가>200MA:0|150MA>200MA:0|200MA상승중:0|현재가>50MA:1|52주저점+25%:1|52주고점-30%:0,,0.0,,
138360,앤로보틱스,KOSDAQ,1541.0,-1.9,7.4,False,False,False,0,D,0.0,0.0,0.0,0.0,트렌드 미통과,현재가>150MA:0|현재가>200MA:0|150MA>200MA:1|200MA상승중:1|현재가>50MA:0|52주저점+25%:1|52주고점-30%:0,,0.0,,
011080,형지I&C,KOSDAQ,456.0,-65.8,3.1,False,False,False,0,D,0.0,0.0,0.0,0.0,트렌드 미통과,현재가>150MA:0|현재가>200MA:0|150MA>200MA:1|200MA상승중:0|현재가>50MA:0|52주저점+25%:0|52주고점-30%:0,,0.0,,
060560,HC홈센타,KOSDAQ,1950.0,82.2,0.2,False,False,False,0,D,0.0,0.0,0.0,0.0,트렌드 미통과,현재가>150MA:1|현재가>200MA:1|150MA>200MA:1|200MA상승중:1|현재가>50MA:1|52주저점+25%:1|52주고점-30%:0,,0.0,,
064240,홈캐스트,KOSDAQ,1778.0,-17.6,0.8,False,False,False,0,D,0.0,0.0,0.0,0.0,트렌드 미통과,현재가>150MA:0|현재가>200MA:0|150MA>200MA:0|200MA상승중:0|현재가>50MA:1|52주저점+25%:1|52주고점-30%:1,,0.0,,
039610,화성밸브,KOSDAQ,6030.0,-31.2,13.8,False,False,False,0,D,0.0,0.0,0.0,0.0,트렌드 미통과,현재가>150MA:0|현재가>200MA:0|150MA>200MA:0|200MA상승중:0|현재가>50MA:1|52주저점+25%:1|52주고점-30%:0,,0.0,,
126640,화신정공,KOSDAQ,3720.0,78.1,50.8,False,False,False,0,D,0.0,0.0,0.0,0.0,트렌드 미통과,현재가>150MA:1|현재가>200MA:1|150MA>200MA:1|200MA상승중:1|현재가>50MA:0|52주저점+25%:1|52주고점-30%:0,,0.0,,
127980,화인써키트,KOSDAQ,2650.0,-58.6,0.2,False,False,False,0,D,0.0,0.0,0.0,0.0,트렌드 미통과,현재가>150MA:0|현재가>200MA:0|150MA>200MA:0|200MA상승중:0|현재가>50MA:0|52주저점+25%:0|52주고점-30%:0,,0.0,,
061250,화일약품,KOSDAQ,6370.0,251.7,4.2,False,False,False,0,D,0.0,0.0,0.0,0.0,트렌드 미통과,현재가>150MA:1|현재가>200MA:1|150MA>200MA:1|200MA상승중:1|현재가>50MA:0|52주저점+25%:1|52주고점-30%:0,,0.0,,
097870,효성오앤비,KOSDAQ,4355.0,-39.1,0.6,False,False,False,0,D,0.0,0.0,0.0,0.0,트렌드 미통과,현재가>150MA:0|현재가>200MA:0|150MA>200MA:0|200MA상승중:0|현재가>50MA:0|52주저점+25%:0|52주고점-30%:0,,0.0,,
290270,휴네시온,KOSDAQ,2755.0,-30.6,0.5,False,False,False,0,D,0.0,0.0,0.0,0.0,트렌드 미통과,현재가>150MA:0|현재가>200MA:0|150MA>200MA:0|200MA상승중:0|현재가>50MA:0|52주저점+25%:0|52주고점-30%:0,,0.0,,
353190,휴럼,KOSDAQ,2585.0,136.8,0.1,False,False,False,0,D,0.0,0.0,0.0,0.0,트렌드 미통과,현재가>150MA:1|현재가>200MA:1|150MA>200MA:1|200MA상승중:1|현재가>50MA:0|52주저점+25%:1|52주고점-30%:1,,0.0,,
192410,오늘이엔엠,KOSDAQ,3455.0,80.4,6.8,False,False,False,0,D,0.0,0.0,0.0,0.0,트렌드 미통과,현재가>150MA:0|현재가>200MA:0|150MA>200MA:1|200MA상승중:1|현재가>50MA:0|52주저점+25%:1|52주고점-30%:0,,0.0,,
090710,휴림로봇,KOSDAQ,6050.0,-23.7,73.8,False,False,False,0,D,0.0,0.0,0.0,0.0,트렌드 미통과,현재가>150MA:0|현재가>200MA:0|150MA>200MA:0|200MA상승중:1|현재가>50MA:0|52주저점+25%:1|52주고점-30%:0,,0.0,,
078590,휴림에이텍,KOSDAQ,2730.0,170.1,3.3,False,False,False,0,D,0.0,0.0,0.0,0.0,트렌드 미통과,현재가>150MA:1|현재가>200MA:1|150MA>200MA:1|200MA상승중:1|현재가>50MA:0|52주저점+25%:1|52주고점-30%:0,,0.0,,
205470,휴마시스,KOSDAQ,2560.0,82.0,1.7,False,False,False,0,D,0.0,0.0,0.0,0.0,트렌드 미통과,현재가>150MA:1|현재가>200MA:1|150MA>200MA:1|200MA상승중:1|현재가>50MA:0|52주저점+25%:1|52주고점-30%:0,,0.0,,
115160,휴맥스,KOSDAQ,5320.0,303.4,0.4,False,False,False,0,D,0.0,0.0,0.0,0.0,트렌드 미통과,현재가>150MA:1|현재가>200MA:1|150MA>200MA:1|200MA상승중:1|현재가>50MA:0|52주저점+25%:1|52주고점-30%:0,,0.0,,
028080,휴맥스홀딩스,KOSDAQ,5170.0,114.1,0.1,False,False,False,0,D,0.0,0.0,0.0,0.0,트렌드 미통과,현재가>150MA:1|현재가>200MA:1|150MA>200MA:1|200MA상승중:1|현재가>50MA:1|52주저점+25%:1|52주고점-30%:0,,0.0,,
175140,아고스,KOSDAQ,2280.0,-49.6,0.6,False,False,False,0,D,0.0,0.0,0.0,0.0,트렌드 미통과,현재가>150MA:0|현재가>200MA:0|150MA>200MA:0|200MA상승중:0|현재가>50MA:0|52주저점+25%:0|52주고점-30%:0,,0.0,,
200670,휴메딕스,KOSDAQ,25050.0,-47.9,7.3,False,False,False,0,D,0.0,0.0,0.0,0.0,트렌드 미통과,현재가>150MA:0|현재가>200MA:0|150MA>200MA:0|200MA상승중:0|현재가>50MA:0|52주저점+25%:0|52주고점-30%:0,,0.0,,
065510,휴비츠,KOSDAQ,6700.0,-32.4,1.1,False,False,False,0,D,0.0,0.0,0.0,0.0,트렌드 미통과,현재가>150MA:0|현재가>200MA:0|150MA>200MA:0|200MA상승중:0|현재가>50MA:0|52주저점+25%:0|52주고점-30%:0,,0.0,,
215090,솔디펜스,KOSDAQ,1427.0,-11.6,1.4,False,False,False,0,D,0.0,0.0,0.0,0.0,트렌드 미통과,현재가>150MA:0|현재가>200MA:0|150MA>200MA:0|200MA상승중:0|현재가>50MA:1|52주저점+25%:1|52주고점-30%:0,,0.0,,
263920,휴엠앤씨,KOSDAQ,3130.0,-35.2,0.1,False,False,False,0,D,0.0,0.0,0.0,0.0,트렌드 미통과,현재가>150MA:0|현재가>200MA:0|150MA>200MA:0|200MA상승중:0|현재가>50MA:0|52주저점+25%:0|52주고점-30%:0,,0.0,,
243070,휴온스,KOSDAQ,18930.0,-48.9,7.1,False,False,False,0,D,0.0,0.0,0.0,0.0,트렌드 미통과,현재가>150MA:0|현재가>200MA:0|150MA>200MA:0|200MA상승중:0|현재가>50MA:0|52주저점+25%:0|52주고점-30%:0,,0.0,,
084110,휴온스글로벌,KOSDAQ,21950.0,-56.7,10.9,False,False,False,0,D,0.0,0.0,0.0,0.0,트렌드 미통과,현재가>150MA:0|현재가>200MA:0|150MA>200MA:0|200MA상승중:0|현재가>50MA:0|52주저점+25%:0|52주고점-30%:0,,0.0,,
145020,휴젤,KOSDAQ,183300.0,-49.3,116.8,False,False,False,0,D,0.0,0.0,0.0,0.0,트렌드 미통과,현재가>150MA:0|현재가>200MA:0|150MA>200MA:1|200MA상승중:0|현재가>50MA:0|52주저점+25%:0|52주고점-30%:0,,0.0,,
024060,흥구석유,KOSDAQ,12140.0,-15.0,647.3,False,False,False,0,D,0.0,0.0,0.0,0.0,트렌드 미통과,현재가>150MA:0|현재가>200MA:0|150MA>200MA:1|200MA상승중:1|현재가>50MA:1|52주저점+25%:1|52주고점-30%:0,,0.0,,
010240,흥국,KOSDAQ,5180.0,-19.4,0.7,False,False,False,0,D,0.0,0.0,0.0,0.0,트렌드 미통과,현재가>150MA:0|현재가>200MA:0|150MA>200MA:1|200MA상승중:1|현재가>50MA:0|52주저점+25%:0|52주고점-30%:1,,0.0,,
189980,흥국에프엔비,KOSDAQ,1175.0,-32.2,0.5,False,False,False,0,D,0.0,0.0,0.0,0.0,트렌드 미통과,현재가>150MA:0|현재가>200MA:0|150MA>200MA:0|200MA상승중:0|현재가>50MA:1|52주저점+25%:0|52주고점-30%:0,,0.0,,
037440,희림,KOSDAQ,4140.0,-18.4,12.7,False,False,False,0,D,0.0,0.0,0.0,0.0,트렌드 미통과,현재가>150MA:0|현재가>200MA:0|150MA>200MA:1|200MA상승중:0|현재가>50MA:1|52주저점+25%:0|52주고점-30%:0,,0.0,,
238490,힘스,KOSDAQ,2245.0,-37.5,0.9,False,False,False,0,D,0.0,0.0,0.0,0.0,트렌드 미통과,현재가>150MA:0|현재가>200MA:0|150MA>200MA:0|200MA상승중:0|현재가>50MA:0|52주저점+25%:0|52주고점-30%:0,,0.0,,
479960,위너스일렉,KOSDAQ,6070.0,-47.1,0.3,False,False,False,0,D,0.0,0.0,0.0,0.0,트렌드 미통과,현재가>150MA:0|현재가>200MA:0|150MA>200MA:0|200MA상승중:0|현재가>50MA:1|52주저점+25%:1|52주고점-30%:0,,0.0,,
489500,엘케이켐,KOSDAQ,23250.0,-20.7,2.9,False,False,False,0,D,0.0,0.0,0.0,0.0,트렌드 미통과,현재가>150MA:0|현재가>200MA:0|150MA>200MA:0|200MA상승중:1|현재가>50MA:1|52주저점+25%:1|52주고점-30%:0,,0.0,,
435570,에르코스,KOSDAQ,7090.0,-37.7,0.2,False,False,False,0,D,0.0,0.0,0.0,0.0,트렌드 미통과,현재가>150MA:0|현재가>200MA:0|150MA>200MA:0|200MA상승중:0|현재가>50MA:1|52주저점+25%:0|52주고점-30%:0,,0.0,,
393970,대진첨단소재,KOSDAQ,2825.0,-36.6,0.0,False,False,False,0,D,0.0,0.0,0.0,0.0,트렌드 미통과,현재가>150MA:0|현재가>200MA:0|150MA>200MA:0|200MA상승중:0|현재가>50MA:0|52주저점+25%:0|52주고점-30%:0,,0.0,,
460870,에스엠씨지,KOSDAQ,2930.0,-24.7,1.5,False,False,False,0,D,0.0,0.0,0.0,0.0,트렌드 미통과,현재가>150MA:0|현재가>200MA:0|150MA>200MA:0|200MA상승중:0|현재가>50MA:1|52주저점+25%:1|52주고점-30%:0,,0.0,,
226590,엠디바이스,KOSDAQ,14360.0,-21.0,9.4,False,False,False,0,D,0.0,0.0,0.0,0.0,트렌드 미통과,현재가>150MA:0|현재가>200MA:0|150MA>200MA:1|200MA상승중:0|현재가>50MA:1|52주저점+25%:1|52주고점-30%:0,,0.0,,
031210,서울보증보험,KOSPI,43200.0,-8.4,19.6,False,False,False,0,D,0.0,0.0,0.0,0.0,트렌드 미통과,현재가>150MA:0|현재가>200MA:0|150MA>200MA:0|200MA상승중:0|현재가>50MA:1|52주저점+25%:0|52주고점-30%:0,,0.0,,
480370,씨케이솔루션,KOSPI,1776.0,-25.1,11.6,False,False,False,0,D,0.0,0.0,0.0,0.0,트렌드 미통과,현재가>150MA:0|현재가>200MA:0|150MA>200MA:0|200MA상승중:0|현재가>50MA:1|52주저점+25%:1|52주고점-30%:0,,0.0,,
484810,티엑스알로보틱스,KOSDAQ,11820.0,-27.2,44.7,False,False,False,0,D,0.0,0.0,0.0,0.0,트렌드 미통과,현재가>150MA:0|현재가>200MA:0|150MA>200MA:0|200MA상승중:0|현재가>50MA:0|52주저점+25%:1|52주고점-30%:0,,0.0,,
098070,한텍,KOSDAQ,23050.0,-49.3,24.9,False,False,False,0,D,0.0,0.0,0.0,0.0,트렌드 미통과,현재가>150MA:0|현재가>200MA:0|150MA>200MA:0|200MA상승중:0|현재가>50MA:0|52주저점+25%:0|52주고점-30%:0,,0.0,,
498390,한화플러스제5호스팩,KOSDAQ,2610.0,12.0,1.6,True,False,False,48,D,0.0,0.0,0.0,0.0,컵 깊이 얕음(1.2%),현재가>150MA:1|현재가>200MA:1|150MA>200MA:1|200MA상승중:1|현재가>50MA:1|52주저점+25%:1|52주고점-30%:1,,0.0,,
444530,심플랫폼,KOSDAQ,4645.0,-51.3,0.2,False,False,False,0,D,0.0,0.0,0.0,0.0,트렌드 미통과,현재가>150MA:0|현재가>200MA:0|150MA>200MA:0|200MA상승중:0|현재가>50MA:1|52주저점+25%:1|52주고점-30%:0,,0.0,,
462860,더즌,KOSDAQ,2835.0,-21.7,145.4,False,False,False,0,D,0.0,0.0,0.0,0.0,트렌드 미통과,현재가>150MA:0|현재가>200MA:0|150MA>200MA:0|200MA상승중:0|현재가>50MA:1|52주저점+25%:1|52주고점-30%:0,,0.0,,
101970,우양에이치씨,KOSDAQ,9320.0,-42.4,1.4,False,False,False,0,D,0.0,0.0,0.0,0.0,트렌드 미통과,현재가>150MA:0|현재가>200MA:0|150MA>200MA:0|200MA상승중:0|현재가>50MA:0|52주저점+25%:0|52주고점-30%:0,,0.0,,
481070,에이유브랜즈,KOSDAQ,14830.0,-31.1,2.9,False,False,False,0,D,0.0,0.0,0.0,0.0,트렌드 미통과,현재가>150MA:0|현재가>200MA:0|150MA>200MA:0|200MA상승중:1|현재가>50MA:0|52주저점+25%:1|52주고점-30%:0,,0.0,,
448900,한국피아이엠,KOSDAQ,52000.0,18.9,36.5,False,False,False,0,D,0.0,0.0,0.0,0.0,트렌드 미통과,현재가>150MA:0|현재가>200MA:0|150MA>200MA:1|200MA상승중:1|현재가>50MA:0|52주저점+25%:1|52주고점-30%:0,,0.0,,
081180,쎄크,KOSDAQ,6350.0,-43.7,6.6,False,False,False,0,D,0.0,0.0,0.0,0.0,트렌드 미통과,현재가>150MA:0|현재가>200MA:0|150MA>200MA:0|200MA상승중:0|현재가>50MA:1|52주저점+25%:1|52주고점-30%:0,,0.0,,
364950,에이아이코리아,KOSDAQ,3285.0,-56.4,0.4,False,False,False,0,D,0.0,0.0,0.0,0.0,트렌드 미통과,현재가>150MA:0|현재가>200MA:0|150MA>200MA:0|200MA상승중:0|현재가>50MA:0|52주저점+25%:0|52주고점-30%:0,,0.0,,
459510,나우로보틱스,KOSDAQ,15600.0,-32.4,18.1,False,False,False,0,D,0.0,0.0,0.0,0.0,트렌드 미통과,현재가>150MA:0|현재가>200MA:0|150MA>200MA:0|200MA상승중:0|현재가>50MA:1|52주저점+25%:1|52주고점-30%:0,,0.0,,
476040,오가노이드사이언스,KOSDAQ,6740.0,-79.3,1.5,False,False,False,0,D,0.0,0.0,0.0,0.0,트렌드 미통과,현재가>150MA:0|현재가>200MA:0|150MA>200MA:0|200MA상승중:0|현재가>50MA:0|52주저점+25%:0|52주고점-30%:0,,0.0,,
136150,원일티엔아이,KOSDAQ,8000.0,-63.3,1.1,False,False,False,0,D,0.0,0.0,0.0,0.0,트렌드 미통과,현재가>150MA:0|현재가>200MA:0|150MA>200MA:0|200MA상승중:0|현재가>50MA:1|52주저점+25%:1|52주고점-30%:0,,0.0,,
376900,로킷헬스케어,KOSDAQ,27400.0,-49.9,43.5,False,False,False,0,D,0.0,0.0,0.0,0.0,트렌드 미통과,현재가>150MA:0|현재가>200MA:0|150MA>200MA:0|200MA상승중:0|현재가>50MA:0|52주저점+25%:1|52주고점-30%:0,,0.0,,
125020,티씨머티리얼즈,KOSDAQ,5980.0,5.5,56.0,False,False,False,0,D,0.0,0.0,0.0,0.0,트렌드 미통과,현재가>150MA:0|현재가>200MA:1|150MA>200MA:1|200MA상승중:1|현재가>50MA:1|52주저점+25%:1|52주고점-30%:0,,0.0,,
188040,바이오포트,KOSDAQ,4985.0,-40.3,0.3,False,False,False,0,D,0.0,0.0,0.0,0.0,트렌드 미통과,현재가>150MA:0|현재가>200MA:0|150MA>200MA:0|200MA상승중:0|현재가>50MA:1|52주저점+25%:0|52주고점-30%:0,,0.0,,
424870,이뮨온시아,KOSDAQ,3370.0,-56.0,45.0,False,False,False,0,D,0.0,0.0,0.0,0.0,트렌드 미통과,현재가>150MA:0|현재가>200MA:0|150MA>200MA:0|200MA상승중:0|현재가>50MA:1|52주저점+25%:1|52주고점-30%:0,,0.0,,
489460,바이오비쥬,KOSDAQ,11570.0,16.7,11.0,False,False,False,0,D,0.0,0.0,0.0,0.0,트렌드 미통과,현재가>150MA:1|현재가>200MA:1|150MA>200MA:0|200MA상승중:0|현재가>50MA:1|52주저점+25%:1|52주고점-30%:0,,0.0,,
483650,달바글로벌,KOSPI,188900.0,5.6,290.5,False,False,False,0,D,0.0,0.0,0.0,0.0,트렌드 미통과,현재가>150MA:0|현재가>200MA:1|150MA>200MA:1|200MA상승중:1|현재가>50MA:0|52주저점+25%:1|52주고점-30%:1,,0.0,,
287840,인투셀,KOSDAQ,16640.0,-69.0,5.9,False,False,False,0,D,0.0,0.0,0.0,0.0,트렌드 미통과,현재가>150MA:0|현재가>200MA:0|150MA>200MA:0|200MA상승중:0|현재가>50MA:0|52주저점+25%:0|52주고점-30%:0,,0.0,,
496070,신한제16호스팩,KOSDAQ,2005.0,-17.9,0.1,False,False,False,0,D,0.0,0.0,0.0,0.0,트렌드 미통과,현재가>150MA:0|현재가>200MA:0|150MA>200MA:0|200MA상승중:0|현재가>50MA:1|52주저점+25%:0|52주고점-30%:1,,0.0,,
475430,키스트론,KOSDAQ,4415.0,-35.3,4.9,False,False,False,0,D,0.0,0.0,0.0,0.0,트렌드 미통과,현재가>150MA:0|현재가>200MA:0|150MA>200MA:0|200MA상승중:0|현재가>50MA:1|52주저점+25%:1|52주고점-30%:0,,0.0,,
474650,링크솔루션,KOSDAQ,26800.0,-41.0,9.7,False,False,False,0,D,0.0,0.0,0.0,0.0,트렌드 미통과,현재가>150MA:0|현재가>200MA:0|150MA>200MA:0|200MA상승중:0|현재가>50MA:1|52주저점+25%:1|52주고점-30%:0,,0.0,,
340450,지씨지놈,KOSDAQ,8760.0,23.2,22.1,False,False,False,0,D,0.0,0.0,0.0,0.0,트렌드 미통과,현재가>150MA:1|현재가>200MA:1|150MA>200MA:0|200MA상승중:0|현재가>50MA:1|52주저점+25%:1|52주고점-30%:1,,0.0,,
455180,케이지에이,KOSDAQ,1258.0,-60.0,0.5,False,False,False,0,D,0.0,0.0,0.0,0.0,트렌드 미통과,현재가>150MA:0|현재가>200MA:0|150MA>200MA:0|200MA상승중:0|현재가>50MA:0|52주저점+25%:0|52주고점-30%:0,,0.0,,
388610,지에프씨생명과학,KOSDAQ,5550.0,-47.6,1.2,False,False,False,0,D,0.0,0.0,0.0,0.0,트렌드 미통과,현재가>150MA:0|현재가>200MA:0|150MA>200MA:0|200MA상승중:0|현재가>50MA:0|52주저점+25%:0|52주고점-30%:0,,0.0,,
0037T0,KB제32호스팩,KOSDAQ,1984.0,-18.2,0.3,False,False,False,0,D,0.0,0.0,0.0,0.0,트렌드 미통과,현재가>150MA:0|현재가>200MA:0|150MA>200MA:0|200MA상승중:0|현재가>50MA:0|52주저점+25%:0|52주고점-30%:1,,0.0,,
463020,뉴엔AI,KOSDAQ,6830.0,-57.1,8.3,False,False,False,0,D,0.0,0.0,0.0,0.0,트렌드 미통과,현재가>150MA:0|현재가>200MA:0|150MA>200MA:0|200MA상승중:0|현재가>50MA:0|52주저점+25%:0|52주고점-30%:0,,0.0,,
234030,싸이닉솔루션,KOSDAQ,3845.0,-47.4,13.0,False,False,False,0,D,0.0,0.0,0.0,0.0,트렌드 미통과,현재가>150MA:0|현재가>200MA:0|150MA>200MA:0|200MA상승중:0|현재가>50MA:1|52주저점+25%:1|52주고점-30%:0,,0.0,,
462310,뉴키즈온,KOSDAQ,3850.0,-28.6,0.4,False,False,False,0,D,0.0,0.0,0.0,0.0,트렌드 미통과,현재가>150MA:1|현재가>200MA:0|150MA>200MA:0|200MA상승중:0|현재가>50MA:1|52주저점+25%:1|52주고점-30%:0,,0.0,,
0030R0,대신밸류리츠,KOSPI,3745.0,-10.1,0.6,False,False,False,0,D,0.0,0.0,0.0,0.0,트렌드 미통과,현재가>150MA:0|현재가>200MA:0|150MA>200MA:0|200MA상승중:0|현재가>50MA:0|52주저점+25%:0|52주고점-30%:1,,0.0,,
331740,아우토크립트,KOSDAQ,6320.0,-64.6,3.6,False,False,False,0,D,0.0,0.0,0.0,0.0,트렌드 미통과,현재가>150MA:0|현재가>200MA:0|150MA>200MA:0|200MA상승중:0|현재가>50MA:0|52주저점+25%:0|52주고점-30%:0,,0.0,,
0004Y0,디비금융제14호스팩,KOSDAQ,1999.0,-18.4,0.3,False,False,False,0,D,0.0,0.0,0.0,0.0,트렌드 미통과,현재가>150MA:0|현재가>200MA:0|150MA>200MA:1|200MA상승중:0|현재가>50MA:1|52주저점+25%:0|52주고점-30%:1,,0.0,,
0041J0,엘에스스팩1호,KOSDAQ,1980.0,-18.4,0.1,False,False,False,0,D,0.0,0.0,0.0,0.0,트렌드 미통과,현재가>150MA:0|현재가>200MA:0|150MA>200MA:0|200MA상승중:0|현재가>50MA:0|52주저점+25%:0|52주고점-30%:1,,0.0,,
484120,도우인시스,KOSDAQ,24150.0,4.7,15.9,False,False,False,0,D,0.0,0.0,0.0,0.0,트렌드 미통과,현재가>150MA:1|현재가>200MA:1|150MA>200MA:0|200MA상승중:0|현재가>50MA:1|52주저점+25%:1|52주고점-30%:1,,0.0,,
380550,뉴로핏,KOSDAQ,7680.0,-65.6,13.7,False,False,False,0,D,0.0,0.0,0.0,0.0,트렌드 미통과,현재가>150MA:0|현재가>200MA:0|150MA>200MA:0|200MA상승중:0|현재가>50MA:1|52주저점+25%:0|52주고점-30%:0,,0.0,,
475230,엔알비,KOSDAQ,9610.0,-36.5,9.3,False,False,False,0,D,0.0,0.0,0.0,0.0,트렌드 미통과,현재가>150MA:0|현재가>200MA:0|150MA>200MA:0|200MA상승중:0|현재가>50MA:1|52주저점+25%:1|52주고점-30%:0,,0.0,,
468530,프로티나,KOSDAQ,53600.0,12.0,48.2,False,False,False,0,D,0.0,0.0,0.0,0.0,트렌드 미통과,현재가>150MA:1|현재가>200MA:0|150MA>200MA:0|200MA상승중:0|현재가>50MA:1|52주저점+25%:1|52주고점-30%:0,,0.0,,
439260,대한조선,KOSPI,45000.0,-32.8,17.4,False,False,False,0,D,0.0,0.0,0.0,0.0,트렌드 미통과,현재가>150MA:0|현재가>200MA:0|150MA>200MA:0|200MA상승중:0|현재가>50MA:0|52주저점+25%:0|52주고점-30%:0,,0.0,,
0041L0,하나35호스팩,KOSDAQ,1974.0,-18.9,0.2,False,False,False,0,D,0.0,0.0,0.0,0.0,트렌드 미통과,현재가>150MA:0|현재가>200MA:0|150MA>200MA:0|200MA상승중:0|현재가>50MA:0|52주저점+25%:0|52주고점-30%:1,,0.0,,
309710,아이티켐,KOSDAQ,21000.0,-28.2,0.0,False,False,False,0,D,0.0,0.0,0.0,0.0,트렌드 미통과,현재가>150MA:0|현재가>200MA:0|150MA>200MA:0|200MA상승중:0|현재가>50MA:0|52주저점+25%:0|52주고점-30%:0,,0.0,,
0041B0,교보18호스팩,KOSDAQ,2005.0,-19.5,0.1,False,False,False,0,D,0.0,0.0,0.0,0.0,트렌드 미통과,현재가>150MA:0|현재가>200MA:0|150MA>200MA:0|200MA상승중:0|현재가>50MA:0|52주저점+25%:0|52주고점-30%:1,,0.0,,
456160,지투지바이오,KOSDAQ,33900.0,-64.3,58.3,False,False,False,0,D,0.0,0.0,0.0,0.0,트렌드 미통과,현재가>150MA:0|현재가>200MA:0|150MA>200MA:0|200MA상승중:0|현재가>50MA:0|52주저점+25%:1|52주고점-30%:0,,0.0,,
484590,삼양컴텍,KOSDAQ,7280.0,-46.6,12.4,False,False,False,0,D,0.0,0.0,0.0,0.0,트렌드 미통과,현재가>150MA:0|현재가>200MA:0|150MA>200MA:0|200MA상승중:0|현재가>50MA:1|52주저점+25%:1|52주고점-30%:0,,0.0,,
0008Z0,에스엔시스,KOSDAQ,22800.0,-38.2,4.1,False,False,False,0,D,0.0,0.0,0.0,0.0,트렌드 미통과,현재가>150MA:0|현재가>200MA:0|150MA>200MA:0|200MA상승중:0|현재가>50MA:0|52주저점+25%:0|52주고점-30%:0,,0.0,,
125490,한라캐스트,KOSDAQ,11570.0,-3.9,214.0,False,False,False,0,D,0.0,0.0,0.0,0.0,트렌드 미통과,현재가>150MA:0|현재가>200MA:0|150MA>200MA:0|200MA상승중:1|현재가>50MA:1|52주저점+25%:1|52주고점-30%:0,,0.0,,
0044K0,삼성스팩10호,KOSDAQ,1981.0,-18.5,0.2,False,False,False,0,D,0.0,0.0,0.0,0.0,트렌드 미통과,현재가>150MA:0|현재가>200MA:0|150MA>200MA:1|200MA상승중:0|현재가>50MA:0|52주저점+25%:0|52주고점-30%:1,,0.0,,
0010V0,제이피아이헬스케어,KOSDAQ,8700.0,-34.6,0.3,False,False,False,0,D,0.0,0.0,0.0,0.0,트렌드 미통과,현재가>150MA:0|현재가>200MA:0|150MA>200MA:0|200MA상승중:0|현재가>50MA:0|52주저점+25%:0|52주고점-30%:0,,0.0,,
397810,애드포러스,KOSDAQ,6440.0,-15.0,0.7,False,False,False,0,D,0.0,0.0,0.0,0.0,트렌드 미통과,현재가>150MA:1|현재가>200MA:1|150MA>200MA:0|200MA상승중:0|현재가>50MA:1|52주저점+25%:1|52주고점-30%:0,,0.0,,
318060,그래피,KOSDAQ,15510.0,-26.1,8.1,False,False,False,0,D,0.0,0.0,0.0,0.0,트렌드 미통과,현재가>150MA:0|현재가>200MA:0|150MA>200MA:0|200MA상승중:1|현재가>50MA:0|52주저점+25%:1|52주고점-30%:0,,0.0,,
342870,오아,KOSDAQ,3515.0,-56.3,0.2,False,False,False,0,D,0.0,0.0,0.0,0.0,트렌드 미통과,현재가>150MA:0|현재가>200MA:0|150MA>200MA:0|200MA상승중:0|현재가>50MA:0|52주저점+25%:0|52주고점-30%:0,,0.0,,
488280,에스투더블유,KOSDAQ,15500.0,-14.8,94.0,False,False,False,0,D,0.0,0.0,0.0,0.0,트렌드 미통과,현재가>150MA:0|현재가>200MA:0|150MA>200MA:0|200MA상승중:0|현재가>50MA:1|52주저점+25%:1|52주고점-30%:0,,0.0,,
0072Z0,KB제33호스팩,KOSDAQ,1969.0,-18.2,0.4,False,False,False,0,D,0.0,0.0,0.0,0.0,트렌드 미통과,현재가>150MA:0|현재가>200MA:0|150MA>200MA:0|200MA상승중:0|현재가>50MA:0|52주저점+25%:0|52주고점-30%:1,,0.0,,
0071M0,삼성스팩11호,KOSDAQ,1980.0,-18.5,0.2,False,False,False,0,D,0.0,0.0,0.0,0.0,트렌드 미통과,현재가>150MA:0|현재가>200MA:0|150MA>200MA:0|200MA상승중:0|현재가>50MA:0|52주저점+25%:0|52주고점-30%:1,,0.0,,
317450,명인제약,KOSPI,42150.0,-14.5,4.4,False,False,False,0,D,0.0,0.0,0.0,0.0,트렌드 미통과,현재가>150MA:0|현재가>200MA:0|150MA>200MA:0|200MA상승중:0|현재가>50MA:0|52주저점+25%:0|52주고점-30%:0,,0.0,,
014950,삼익제약,KOSDAQ,8850.0,-22.1,498.2,False,False,False,0,D,0.0,0.0,0.0,0.0,트렌드 미통과,현재가>150MA:1|현재가>200MA:0|150MA>200MA:0|200MA상승중:0|현재가>50MA:1|52주저점+25%:1|52주고점-30%:0,,0.0,,
486990,노타,KOSDAQ,19960.0,-39.5,73.7,False,False,False,0,D,0.0,0.0,0.0,0.0,트렌드 미통과,현재가>150MA:0|현재가>200MA:0|150MA>200MA:0|200MA상승중:0|현재가>50MA:1|52주저점+25%:1|52주고점-30%:0,,0.0,,
469610,이노테크,KOSDAQ,15530.0,-29.5,14.0,False,False,False,0,D,0.0,0.0,0.0,0.0,트렌드 미통과,현재가>150MA:0|현재가>200MA:0|150MA>200MA:0|200MA상승중:0|현재가>50MA:1|52주저점+25%:1|52주고점-30%:0,,0.0,,
494120,큐리오시스,KOSDAQ,8900.0,-77.5,7.4,False,False,False,0,D,0.0,0.0,0.0,0.0,트렌드 미통과,현재가>150MA:0|현재가>200MA:0|150MA>200MA:0|200MA상승중:0|현재가>50MA:0|52주저점+25%:0|52주고점-30%:0,,0.0,,
061090,세나테크놀로지,KOSDAQ,36300.0,-15.4,4.3,False,False,False,0,D,0.0,0.0,0.0,0.0,트렌드 미통과,현재가>150MA:0|현재가>200MA:0|150MA>200MA:0|200MA상승중:0|현재가>50MA:0|52주저점+25%:1|52주고점-30%:0,,0.0,,
0015G0,그린광학,KOSDAQ,14680.0,-35.3,6.3,False,False,False,0,D,0.0,0.0,0.0,0.0,트렌드 미통과,현재가>150MA:0|현재가>200MA:0|150MA>200MA:0|200MA상승중:0|현재가>50MA:1|52주저점+25%:1|52주고점-30%:0,,0.0,,
459550,알트,KOSDAQ,2185.0,-2.1,132.1,False,False,False,0,D,0.0,0.0,0.0,0.0,트렌드 미통과,현재가>150MA:0|현재가>200MA:0|150MA>200MA:0|200MA상승중:0|현재가>50MA:1|52주저점+25%:1|52주고점-30%:0,,0.0,,
403850,더핑크퐁컴퍼니,KOSDAQ,12570.0,-25.6,16.8,False,False,False,0,D,0.0,0.0,0.0,0.0,트렌드 미통과,현재가>150MA:0|현재가>200MA:0|150MA>200MA:0|200MA상승중:0|현재가>50MA:1|52주저점+25%:1|52주고점-30%:0,,0.0,,
388210,씨엠티엑스,KOSDAQ,88800.0,-28.7,37.9,False,False,False,0,D,0.0,0.0,0.0,0.0,트렌드 미통과,현재가>150MA:0|현재가>200MA:0|150MA>200MA:1|200MA상승중:0|현재가>50MA:1|52주저점+25%:1|52주고점-30%:0,,0.0,,
0068Y0,비엔케이제3호스팩,KOSDAQ,1980.0,-18.0,0.3,False,False,False,0,D,0.0,0.0,0.0,0.0,트렌드 미통과,현재가>150MA:0|현재가>200MA:0|150MA>200MA:1|200MA상승중:0|현재가>50MA:0|52주저점+25%:0|52주고점-30%:1,,0.0,,
488900,비츠로넥스텍,KOSDAQ,10540.0,-17.8,12.6,False,False,False,0,D,0.0,0.0,0.0,0.0,트렌드 미통과,현재가>150MA:0|현재가>200MA:0|150MA>200MA:0|200MA상승중:0|현재가>50MA:1|52주저점+25%:1|52주고점-30%:0,,0.0,,
0126Z0,삼성에피스홀딩스,KOSPI,339500.0,-28.0,263.8,False,False,False,0,D,0.0,0.0,0.0,0.0,트렌드 미통과,현재가>150MA:0|현재가>200MA:0|150MA>200MA:0|200MA상승중:0|현재가>50MA:0|52주저점+25%:0|52주고점-30%:0,,0.0,,
0120G0,삼양바이오팜,KOSPI,45400.0,-22.5,22.6,False,False,False,0,D,0.0,0.0,0.0,0.0,트렌드 미통과,현재가>150MA:0|현재가>200MA:0|150MA>200MA:0|200MA상승중:0|현재가>50MA:0|52주저점+25%:1|52주고점-30%:0,,0.0,,
0091W0,신영스팩11호,KOSDAQ,2015.0,-17.6,0.3,False,False,False,0,D,0.0,0.0,0.0,0.0,트렌드 미통과,현재가>150MA:0|현재가>200MA:0|150MA>200MA:1|200MA상승중:0|현재가>50MA:0|52주저점+25%:0|52주고점-30%:1,,0.0,,
0093G0,미래에셋비전스팩8호,KOSDAQ,1958.0,-18.7,0.2,False,False,False,0,D,0.0,0.0,0.0,0.0,트렌드 미통과,현재가>150MA:0|현재가>200MA:0|150MA>200MA:1|200MA상승중:0|현재가>50MA:0|52주저점+25%:0|52주고점-30%:1,,0.0,,
0015N0,아로마티카,KOSDAQ,10880.0,24.4,139.8,False,False,False,0,D,0.0,0.0,0.0,0.0,트렌드 미통과,현재가>150MA:1|현재가>200MA:1|150MA>200MA:0|200MA상승중:0|현재가>50MA:1|52주저점+25%:1|52주고점-30%:0,,0.0,,
0096B0,삼성스팩12호,KOSDAQ,1980.0,-17.9,0.1,False,False,False,0,D,0.0,0.0,0.0,0.0,트렌드 미통과,현재가>150MA:0|현재가>200MA:0|150MA>200MA:0|200MA상승중:0|현재가>50MA:0|52주저점+25%:0|52주고점-30%:0,,0.0,,
0096D0,미래에셋비전스팩9호,KOSDAQ,1968.0,-18.5,0.2,False,False,False,0,D,0.0,0.0,0.0,0.0,트렌드 미통과,현재가>150MA:0|현재가>200MA:0|150MA>200MA:0|200MA상승중:0|현재가>50MA:0|52주저점+25%:0|52주고점-30%:0,,0.0,,
0009K0,에임드바이오,KOSDAQ,21500.0,-50.4,21.4,False,False,False,0,D,0.0,0.0,0.0,0.0,트렌드 미통과,,,0.0,,
0054V0,엔에이치스팩32호,KOSDAQ,1997.0,-18.1,0.2,False,False,False,0,D,0.0,0.0,0.0,0.0,트렌드 미통과,,,0.0,,
950250,테라뷰,KOSDAQ,4355.0,-9.8,66.9,False,False,False,0,D,0.0,0.0,0.0,0.0,트렌드 미통과,,,0.0,,
0015S0,페스카로,KOSDAQ,7900.0,-39.7,21.5,False,False,False,0,D,0.0,0.0,0.0,0.0,트렌드 미통과,,,0.0,,
0105P0,유진스팩12호,KOSDAQ,1972.0,-18.3,0.2,False,False,False,0,D,0.0,0.0,0.0,0.0,트렌드 미통과,,,0.0,,
261520,이지스,KOSDAQ,5650.0,-21.9,8.3,False,False,False,0,D,0.0,0.0,0.0,0.0,트렌드 미통과,,,0.0,,
0098T0,교보19호스팩,KOSDAQ,1994.0,-18.3,0.2,False,False,False,0,D,0.0,0.0,0.0,0.0,트렌드 미통과,,,0.0,,
464490,쿼드메디슨,KOSDAQ,4495.0,-58.9,1.4,False,False,False,0,D,0.0,0.0,0.0,0.0,트렌드 미통과,,,0.0,,
466690,키움히어로제1호스팩,KOSDAQ,2000.0,-17.8,0.1,False,False,False,0,D,0.0,0.0,0.0,0.0,트렌드 미통과,,,0.0,,
217590,티엠씨,KOSPI,13810.0,-8.4,220.5,False,False,False,0,D,0.0,0.0,0.0,0.0,트렌드 미통과,,,0.0,,
0088D0,메리츠제1호스팩,KOSDAQ,2040.0,-20.4,0.1,False,False,False,0,D,0.0,0.0,0.0,0.0,트렌드 미통과,,,0.0,,
0007C0,아크릴,KOSDAQ,18380.0,-35.3,70.1,False,False,False,0,D,0.0,0.0,0.0,0.0,트렌드 미통과,,,0.0,,
478340,나라스페이스테크놀로지,KOSDAQ,13800.0,-43.8,161.0,False,False,False,0,D,0.0,0.0,0.0,0.0,트렌드 미통과,,,0.0,,
476830,알지노믹스,KOSDAQ,23850.0,-68.6,62.7,False,False,False,0,D,0.0,0.0,0.0,0.0,트렌드 미통과,,,0.0,,
0099X0,IBKS제25호스팩,KOSDAQ,2190.0,-16.6,1.0,False,False,False,0,D,0.0,0.0,0.0,0.0,트렌드 미통과,,,0.0,,
0099W0,미래에셋비전스팩11호,KOSDAQ,1964.0,-18.5,0.1,False,False,False,0,D,0.0,0.0,0.0,0.0,트렌드 미통과,,,0.0,,
0013V0,삼진식품,KOSDAQ,4980.0,-25.2,4.0,False,False,False,0,D,0.0,0.0,0.0,0.0,트렌드 미통과,,,0.0,,
0101C0,하나36호스팩,KOSDAQ,1964.0,-18.4,0.2,False,False,False,0,D,0.0,0.0,0.0,0.0,트렌드 미통과,,,0.0,,
0097F0,미래에셋비전스팩10호,KOSDAQ,1969.0,-18.0,0.1,False,False,False,0,D,0.0,0.0,0.0,0.0,트렌드 미통과,,,0.0,,
491000,리브스메드,KOSDAQ,30300.0,-38.9,56.4,False,False,False,0,D,0.0,0.0,0.0,0.0,트렌드 미통과,,,0.0,,
012210,삼미금속,KOSDAQ,11480.0,-3.5,626.2,False,False,False,0,D,0.0,0.0,0.0,0.0,트렌드 미통과,,,0.0,,
490470,세미파이브,KOSDAQ,18840.0,-28.9,170.2,False,False,False,0,D,0.0,0.0,0.0,0.0,트렌드 미통과,,,0.0,,
0004V0,엔비알모션,KOSDAQ,5950.0,-41.6,13.0,False,False,False,0,D,0.0,0.0,0.0,0.0,트렌드 미통과,,,0.0,,
493330,지에프아이,KOSDAQ,12500.0,-13.5,14.3,False,False,False,0,D,0.0,0.0,0.0,0.0,트렌드 미통과,,,0.0,,
0115H0,삼성스팩13호,KOSDAQ,1983.0,-18.4,0.1,False,False,False,0,D,0.0,0.0,0.0,0.0,트렌드 미통과,,,0.0,,
0001A0,덕양에너젠,KOSDAQ,8200.0,-32.1,13.0,False,False,False,0,D,0.0,0.0,0.0,0.0,트렌드 미통과,,,0.0,,
279570,케이뱅크,KOSPI,5450.0,-4.0,33.1,False,False,False,0,D,0.0,0.0,0.0,0.0,트렌드 미통과,,,0.0,,
458350,에스팀,KOSDAQ,2960.0,-41.0,0.8,False,False,False,0,D,0.0,0.0,0.0,0.0,트렌드 미통과,,,0.0,,
0011A0,액스비스,KOSDAQ,11650.0,-24.9,165.5,False,False,False,0,D,0.0,0.0,0.0,0.0,트렌드 미통과,,,0.0,,
0082N0,카나프테라퓨틱스,KOSDAQ,12290.0,-41.4,9.2,False,False,False,0,D,0.0,0.0,0.0,0.0,트렌드 미통과,,,0.0,,
493280,아이엠바이오로직스,KOSDAQ,17270.0,-43.7,24.3,False,False,False,0,D,0.0,0.0,0.0,0.0,트렌드 미통과,,,0.0,,
408470,한패스,KOSDAQ,4650.0,-42.6,3.2,False,False,False,0,D,0.0,0.0,0.0,0.0,트렌드 미통과,,,0.0,,
0088M0,메쥬,KOSDAQ,13530.0,-35.6,12.3,False,False,False,0,D,0.0,0.0,0.0,0.0,트렌드 미통과,,,0.0,,
0130H0,엔에이치스팩33호,KOSDAQ,1974.0,-18.0,0.1,False,False,False,0,D,0.0,0.0,0.0,0.0,트렌드 미통과,,,0.0,,
394420,리센스메디컬,KOSDAQ,9540.0,-38.3,6.7,False,False,False,0,D,0.0,0.0,0.0,0.0,트렌드 미통과,,,0.0,,
0130D0,신한제17호스팩,KOSDAQ,1965.0,-17.8,0.1,False,False,False,0,D,0.0,0.0,0.0,0.0,트렌드 미통과,,,0.0,,
0132G0,교보20호스팩,KOSDAQ,1980.0,-17.7,0.0,False,False,False,0,D,0.0,0.0,0.0,0.0,트렌드 미통과,,,0.0,,
0007J0,인벤테라,KOSDAQ,13440.0,-0.9,50.6,False,False,False,0,D,0.0,0.0,0.0,0.0,트렌드 미통과,,,0.0,,
0010F0,보원케미칼,KOSDAQ,3165.0,-6.6,40.6,False,False,False,0,D,0.0,0.0,0.0,0.0,트렌드 미통과,,,0.0,,
0131D0,키움히어로제2호스팩,KOSDAQ,1959.0,-17.6,0.3,False,False,False,0,D,0.0,0.0,0.0,0.0,트렌드 미통과,,,0.0,,
0011T0,채비,KOSDAQ,5330.0,-26.5,14.0,False,False,False,0,D,0.0,0.0,0.0,0.0,트렌드 미통과,,,0.0,,
0129K0,신한제18호스팩,KOSDAQ,1966.0,-17.3,0.2,False,False,False,0,D,0.0,0.0,0.0,0.0,트렌드 미통과,,,0.0,,
